-- phpMyAdmin SQL Dump
-- version 5.0.2
-- https://www.phpmyadmin.net/
--
-- Hôte : 127.0.0.1:3306
-- Généré le : lun. 18 déc. 2023 à 19:19
-- Version du serveur :  5.7.31
-- Version de PHP : 7.3.21

SET SQL_MODE = "NO_AUTO_VALUE_ON_ZERO";
START TRANSACTION;
SET time_zone = "+00:00";


/*!40101 SET @OLD_CHARACTER_SET_CLIENT=@@CHARACTER_SET_CLIENT */;
/*!40101 SET @OLD_CHARACTER_SET_RESULTS=@@CHARACTER_SET_RESULTS */;
/*!40101 SET @OLD_COLLATION_CONNECTION=@@COLLATION_CONNECTION */;
/*!40101 SET NAMES utf8mb4 */;

--
-- Base de données : `digital_psr`
--

-- --------------------------------------------------------

--
-- Structure de la table `amandes_payement`
--

DROP TABLE IF EXISTS `amandes_payement`;
CREATE TABLE IF NOT EXISTS `amandes_payement` (
  `PAYEMENT_ID` int(11) NOT NULL,
  `ID_HISTORIQUE` int(11) NOT NULL DEFAULT '0',
  `MODE_ID` int(5) NOT NULL,
  `NUMERO` varchar(150) NOT NULL,
  `EMAIL_PAYE` varchar(200) DEFAULT NULL,
  `MONTANT` varchar(50) NOT NULL,
  `TXNI_D` varchar(200) DEFAULT NULL,
  `STATUT_ID` int(1) NOT NULL,
  `DATE_INSERT_PAYEMENT` datetime NOT NULL DEFAULT CURRENT_TIMESTAMP,
  `COMPTE_SIBLE` varchar(150) DEFAULT NULL,
  `INVOICE_ID` varchar(250) DEFAULT NULL,
  `CARTE_TYPE` varchar(50) DEFAULT NULL,
  `DEVISE` varchar(10) DEFAULT NULL,
  PRIMARY KEY (`PAYEMENT_ID`)
) ENGINE=InnoDB DEFAULT CHARSET=latin1;

--
-- Déchargement des données de la table `amandes_payement`
--

INSERT INTO `amandes_payement` (`PAYEMENT_ID`, `ID_HISTORIQUE`, `MODE_ID`, `NUMERO`, `EMAIL_PAYE`, `MONTANT`, `TXNI_D`, `STATUT_ID`, `DATE_INSERT_PAYEMENT`, `COMPTE_SIBLE`, `INVOICE_ID`, `CARTE_TYPE`, `DEVISE`) VALUES
(1, 13, 1, '71500003', NULL, '100000', 'MP220621.1712.A00003', 1, '2022-06-21 15:12:51', NULL, NULL, NULL, NULL);

-- --------------------------------------------------------

--
-- Structure de la table `amandes_payement_historiques`
--

DROP TABLE IF EXISTS `amandes_payement_historiques`;
CREATE TABLE IF NOT EXISTS `amandes_payement_historiques` (
  `ID_AMANDE` int(11) NOT NULL,
  `PAYEMENT_ID` int(11) NOT NULL,
  `ID_HISTORIQUE` int(11) NOT NULL,
  PRIMARY KEY (`ID_AMANDE`)
) ENGINE=InnoDB DEFAULT CHARSET=utf8mb4 COLLATE=utf8mb4_unicode_ci;

--
-- Déchargement des données de la table `amandes_payement_historiques`
--

INSERT INTO `amandes_payement_historiques` (`ID_AMANDE`, `PAYEMENT_ID`, `ID_HISTORIQUE`) VALUES
(1, 1, 6);

-- --------------------------------------------------------

--
-- Structure de la table `amandes_payement_modes`
--

DROP TABLE IF EXISTS `amandes_payement_modes`;
CREATE TABLE IF NOT EXISTS `amandes_payement_modes` (
  `ID_MODE` int(11) NOT NULL,
  `NOM_MODE` varchar(255) NOT NULL,
  PRIMARY KEY (`ID_MODE`)
) ENGINE=MyISAM DEFAULT CHARSET=latin1;

--
-- Déchargement des données de la table `amandes_payement_modes`
--

INSERT INTO `amandes_payement_modes` (`ID_MODE`, `NOM_MODE`) VALUES
(1, 'Ecocash'),
(2, 'Ibb'),
(3, 'Visa');

-- --------------------------------------------------------

--
-- Structure de la table `amandes_payement_signalements`
--

DROP TABLE IF EXISTS `amandes_payement_signalements`;
CREATE TABLE IF NOT EXISTS `amandes_payement_signalements` (
  `ID_AMANDE` int(11) NOT NULL,
  `PAYEMENT_ID` int(11) NOT NULL,
  `ID_HISTO_SIGNALEMMENT` int(11) NOT NULL,
  PRIMARY KEY (`ID_AMANDE`)
) ENGINE=InnoDB DEFAULT CHARSET=utf8mb4 COLLATE=utf8mb4_unicode_ci;

--
-- Déchargement des données de la table `amandes_payement_signalements`
--

INSERT INTO `amandes_payement_signalements` (`ID_AMANDE`, `PAYEMENT_ID`, `ID_HISTO_SIGNALEMMENT`) VALUES
(1, 1, 2);

-- --------------------------------------------------------

--
-- Structure de la table `assurances_vehicules`
--

DROP TABLE IF EXISTS `assurances_vehicules`;
CREATE TABLE IF NOT EXISTS `assurances_vehicules` (
  `ID_ASSURANCE` int(11) NOT NULL AUTO_INCREMENT,
  `NUMERO_PLAQUE` varchar(250) NOT NULL,
  `ID_ASSUREUR` int(11) DEFAULT NULL,
  `DATE_DEBUT` date NOT NULL,
  `DATE_VALIDITE` date NOT NULL,
  `PLACES_ASSURES` int(11) NOT NULL,
  `TYPE_ASSURANCE` varchar(250) NOT NULL,
  `NOM_PROPRIETAIRE` varchar(255) NOT NULL,
  `DATE_INSERTION` datetime NOT NULL DEFAULT CURRENT_TIMESTAMP,
  `ADRESSE_IP` varchar(250) NOT NULL,
  PRIMARY KEY (`ID_ASSURANCE`)
) ENGINE=InnoDB AUTO_INCREMENT=3 DEFAULT CHARSET=latin1;

--
-- Déchargement des données de la table `assurances_vehicules`
--

INSERT INTO `assurances_vehicules` (`ID_ASSURANCE`, `NUMERO_PLAQUE`, `ID_ASSUREUR`, `DATE_DEBUT`, `DATE_VALIDITE`, `PLACES_ASSURES`, `TYPE_ASSURANCE`, `NOM_PROPRIETAIRE`, `DATE_INSERTION`, `ADRESSE_IP`) VALUES
(1, 'abj23d', NULL, '2014-11-23', '2011-12-13', 7, 'bicor', 'BAKAME Jules', '2022-07-22 11:14:40', '127.0.0.1'),
(2, 'abjJJ23d', NULL, '2014-11-23', '2011-12-13', 7, 'bicor', 'BAKAME Jules', '2022-07-22 11:14:47', '127.0.0.1');

-- --------------------------------------------------------

--
-- Structure de la table `assureur`
--

DROP TABLE IF EXISTS `assureur`;
CREATE TABLE IF NOT EXISTS `assureur` (
  `ID_ASSUREUR` int(10) NOT NULL,
  `ASSURANCE` varchar(255) NOT NULL,
  `EMAIL` varchar(255) NOT NULL,
  `TELEPHONE` varchar(20) DEFAULT NULL,
  `NIF` varchar(250) NOT NULL,
  `ADRESSE` varchar(250) NOT NULL,
  `ID_UTILISATEUR` int(11) NOT NULL,
  PRIMARY KEY (`ID_ASSUREUR`)
) ENGINE=InnoDB DEFAULT CHARSET=utf8mb4;

--
-- Déchargement des données de la table `assureur`
--

INSERT INTO `assureur` (`ID_ASSUREUR`, `ASSURANCE`, `EMAIL`, `TELEPHONE`, `NIF`, `ADRESSE`, `ID_UTILISATEUR`) VALUES
(1, 'SOCCABU', 'admin@soccabu.bi', '61789569', '687415454', 'kabondo', 0),
(2, 'SOCCAR', 'admin@soccar.bi', '71258695', '653353554', 'rohero', 0),
(3, 'BIC', 'admin@bic.bi', '625899', '33568684', 'GIHOSHA', 0);

-- --------------------------------------------------------

--
-- Structure de la table `autres_controles`
--

DROP TABLE IF EXISTS `autres_controles`;
CREATE TABLE IF NOT EXISTS `autres_controles` (
  `ID_AUTRES_CONTROLES` int(11) NOT NULL,
  `ID_CONTROLE_PLAQUE` int(11) NOT NULL,
  `ID_CONTROLES_QUESTIONNAIRES` int(11) NOT NULL,
  `STATUT` tinyint(1) NOT NULL,
  `ID_REPONSE` int(11) DEFAULT NULL,
  `DESCRP_REPONSE` varchar(250) DEFAULT NULL,
  `IMAGE_1` varchar(255) DEFAULT NULL,
  `IMAGE_2` varchar(255) DEFAULT NULL,
  `IMAGE_3` varchar(255) DEFAULT NULL,
  PRIMARY KEY (`ID_AUTRES_CONTROLES`)
) ENGINE=InnoDB DEFAULT CHARSET=utf8mb4;

--
-- Déchargement des données de la table `autres_controles`
--

INSERT INTO `autres_controles` (`ID_AUTRES_CONTROLES`, `ID_CONTROLE_PLAQUE`, `ID_CONTROLES_QUESTIONNAIRES`, `STATUT`, `ID_REPONSE`, `DESCRP_REPONSE`, `IMAGE_1`, `IMAGE_2`, `IMAGE_3`) VALUES
(0, 0, 110, 1, 63, '', NULL, NULL, NULL),
(1, 50, 14, 1, 11, '', NULL, NULL, NULL),
(2, 50, 121, 1, NULL, 'Test', 'http://app.mediabox.bi:2522/images/controles/1657291671173.jpg', NULL, NULL),
(3, 50, 120, 1, NULL, 'Cmment', 'http://app.mediabox.bi:2522/images/controles/1657291671173.jpg', NULL, NULL),
(4, 51, 3, 1, 8, '', NULL, NULL, NULL),
(5, 51, 10, 1, NULL, '', NULL, NULL, NULL),
(6, 52, 32, 1, NULL, 'Tst', 'http://app.mediabox.bi:2522/images/controles/1657291714601.jpg', NULL, NULL),
(7, 53, 24, 1, NULL, 'Dnne', NULL, NULL, NULL),
(8, 54, 51, 1, NULL, 'Vraiment grave', NULL, NULL, NULL),
(9, 54, 57, 1, NULL, 'Dmmande', NULL, NULL, NULL),
(10, 54, 123, 1, NULL, 'Idiot', NULL, NULL, NULL),
(11, 55, 3, 1, 8, '', NULL, NULL, NULL),
(12, 55, 5, 1, NULL, '', NULL, NULL, NULL),
(13, 56, 38, 1, NULL, 'Test', NULL, NULL, NULL),
(14, 56, 32, 1, NULL, 'Vraiment grave', 'http://app.mediabox.bi:2522/images/controles/1657300540136.jpg', 'http://app.mediabox.bi:2522/images/controles/1657300540139.jpg', 'http://app.mediabox.bi:2522/images/controles/1657300540139.jpg'),
(15, 56, 28, 1, NULL, '', 'http://app.mediabox.bi:2522/images/controles/1657300540137.jpg', 'http://app.mediabox.bi:2522/images/controles/1657300540138.jpg', 'http://app.mediabox.bi:2522/images/controles/1657300540139.jpg'),
(16, 57, 48, 1, NULL, 'Ivrognes au volant', 'http://app.mediabox.bi:2522/images/controles/1657300830118.jpg', NULL, NULL),
(17, 58, 26, 1, 21, '', 'http://app.mediabox.bi:2522/images/controles/1657524626065.jpg', NULL, NULL);

-- --------------------------------------------------------

--
-- Structure de la table `autres_controles_plaques`
--

DROP TABLE IF EXISTS `autres_controles_plaques`;
CREATE TABLE IF NOT EXISTS `autres_controles_plaques` (
  `ID_CONTROLE_PLAQUE` int(11) NOT NULL,
  `ID_UTILISATEUR` int(11) NOT NULL,
  `CONTROLE_TYPE_ID` int(11) DEFAULT NULL,
  `DATE_INSERT` datetime NOT NULL DEFAULT CURRENT_TIMESTAMP ON UPDATE CURRENT_TIMESTAMP,
  PRIMARY KEY (`ID_CONTROLE_PLAQUE`)
) ENGINE=InnoDB DEFAULT CHARSET=utf8mb4;

--
-- Déchargement des données de la table `autres_controles_plaques`
--

INSERT INTO `autres_controles_plaques` (`ID_CONTROLE_PLAQUE`, `ID_UTILISATEUR`, `CONTROLE_TYPE_ID`, `DATE_INSERT`) VALUES
(0, 80, 5, '2022-07-11 11:39:57'),
(1, 89, 1, '2022-06-28 08:04:55'),
(2, 94, 1, '2022-06-28 08:05:03'),
(3, 89, 2, '2022-06-28 08:05:36'),
(4, 89, 4, '2022-06-28 08:06:31'),
(5, 80, 1, '2022-06-28 08:13:57'),
(6, 80, 2, '2022-06-28 08:14:46'),
(7, 89, 3, '2022-06-28 08:15:15'),
(8, 94, 2, '2022-06-28 08:17:01'),
(9, 94, 4, '2022-06-28 08:18:18'),
(10, 80, 3, '2022-06-28 08:20:01'),
(11, 89, 1, '2022-06-28 08:22:23'),
(12, 89, 2, '2022-06-28 08:22:54'),
(13, 94, 3, '2022-06-28 08:23:51'),
(14, 89, 1, '2022-06-28 08:23:59'),
(15, 89, 1, '2022-06-28 09:59:41'),
(16, 89, 4, '2022-06-28 10:05:36'),
(17, 89, 3, '2022-06-28 10:12:51'),
(18, 89, 1, '2022-06-28 12:56:04'),
(19, 89, 2, '2022-06-28 12:56:36'),
(20, 89, 4, '2022-06-28 12:57:15'),
(21, 89, 3, '2022-06-28 12:59:10'),
(22, 89, 1, '2022-06-28 17:04:15'),
(23, 89, 2, '2022-06-28 17:05:08'),
(24, 89, 3, '2022-06-28 17:07:44'),
(25, 89, 1, '2022-06-29 04:14:55'),
(26, 89, 2, '2022-06-29 04:15:40'),
(27, 89, 4, '2022-06-29 04:16:48'),
(28, 89, 3, '2022-06-29 04:20:40'),
(29, 89, 1, '2022-06-29 09:25:21'),
(30, 89, 2, '2022-06-29 09:26:22'),
(31, 89, 4, '2022-06-29 09:27:30'),
(32, 89, 3, '2022-06-29 09:32:13'),
(33, 89, 2, '2022-06-29 10:33:33'),
(34, 89, 4, '2022-06-29 10:35:06'),
(35, 89, 3, '2022-06-29 10:42:21'),
(36, 89, 1, '2022-06-29 11:40:34'),
(37, 89, 2, '2022-06-29 11:41:00'),
(38, 89, 1, '2022-07-04 13:26:56'),
(39, 89, 2, '2022-07-04 13:27:26'),
(40, 80, 1, '2022-07-04 16:57:13'),
(41, 80, 1, '2022-07-04 18:56:17'),
(42, 80, 1, '2022-07-04 18:59:14'),
(43, 89, 1, '2022-07-04 20:21:35'),
(44, 89, 2, '2022-07-04 20:21:52'),
(45, 80, 1, '2022-07-06 11:22:14'),
(46, 80, 2, '2022-07-06 11:24:51'),
(47, 80, 3, '2022-07-06 11:33:25'),
(48, 94, 3, '2022-07-06 14:42:08'),
(49, 80, 5, '2022-07-07 09:40:45'),
(50, 94, 1, '2022-07-08 14:47:50'),
(51, 94, 2, '2022-07-08 14:48:03'),
(52, 94, 4, '2022-07-08 14:48:34'),
(53, 94, 3, '2022-07-08 14:49:00'),
(54, 80, 1, '2022-07-08 17:13:06'),
(55, 80, 2, '2022-07-08 17:13:18'),
(56, 80, 4, '2022-07-08 17:15:40'),
(57, 80, 3, '2022-07-08 17:20:30'),
(58, 80, 4, '2022-07-11 07:30:25');

-- --------------------------------------------------------

--
-- Structure de la table `autres_controles_questionnaires`
--

DROP TABLE IF EXISTS `autres_controles_questionnaires`;
CREATE TABLE IF NOT EXISTS `autres_controles_questionnaires` (
  `ID_CONTROLES_QUESTIONNAIRES` int(11) NOT NULL,
  `INFRACTIONS` varchar(255) NOT NULL,
  `MONTANT` int(11) NOT NULL,
  `ID_QUESTIONNAIRE_CATEGORIES` int(11) NOT NULL,
  `DESCRIPTION` varchar(250) DEFAULT NULL,
  `POURCENTAGE` int(11) DEFAULT NULL,
  `MANIERE_REPONSE` int(1) DEFAULT NULL COMMENT '1 text 2 SELECT',
  `LABEL_REPONSE` varchar(250) DEFAULT NULL COMMENT 'Label de la reponse',
  `DESCR_LABEL` varchar(250) DEFAULT NULL COMMENT 'Label description',
  `NEED_IDENTITE` int(1) DEFAULT '0',
  `NEED_IMAGE` tinyint(1) DEFAULT NULL,
  `ICON` varchar(500) DEFAULT NULL,
  `INFRA_TRADUCTION` text,
  `DESC_TRADUCTION` text,
  `DESC_LABEL_TRADUCTION` text,
  `LABEL_TRADUCTION` text,
  PRIMARY KEY (`ID_CONTROLES_QUESTIONNAIRES`)
) ENGINE=InnoDB DEFAULT CHARSET=utf8mb4;

--
-- Déchargement des données de la table `autres_controles_questionnaires`
--

INSERT INTO `autres_controles_questionnaires` (`ID_CONTROLES_QUESTIONNAIRES`, `INFRACTIONS`, `MONTANT`, `ID_QUESTIONNAIRE_CATEGORIES`, `DESCRIPTION`, `POURCENTAGE`, `MANIERE_REPONSE`, `LABEL_REPONSE`, `DESCR_LABEL`, `NEED_IDENTITE`, `NEED_IMAGE`, `ICON`, `INFRA_TRADUCTION`, `DESC_TRADUCTION`, `DESC_LABEL_TRADUCTION`, `LABEL_TRADUCTION`) VALUES
(1, 'Non respect des règles de chargement', 10000, 8, 'Article 62-69', 0, 2, 'Précisez les chargements', 'Commentaire', 0, 1, 'https://app.mediabox.bi/psr//uploads/dossiers_photo/220704105335am.png', '{\"FR\":\"Non respect des règles de chargement\",\"ENG\":\"Failure to comply with loading rules\",\"KIR\":\"Kutubahiriza amategeko ajanye no gupakira\",\"KISW\":\"Kukosa kufuata sheria za upakiaji\"}', '{\"FR\":\"Article 62-69\",\"ENG\":\"Article 62-69\",\"KIR\":\"Ingingo 62-69\",\"KISW\":\"Sehemu ya 62-69\"}', '{\"FR\":\"Commentaire\",\"ENG\":\"Comment\",\"KIR\":\"Gira ico ubivuzeko\",\"KISW\":\"Maoni\"}', '{\"FR\":\"Précisez les chargements\",\"ENG\":\"Specify loads\",\"KIR\":\"Vuga uko yarengeje\",\"KISW\":\"Bainisha mizigo\"}'),
(2, 'Avertissement sonore', 10000, 1, 'Article103-108', 5, 2, 'Décrire l\'utilisation du klaxon', 'Commentaire', 0, 0, 'https://app.mediabox.bi/psr//uploads/dossiers_photo/220704191807pm.png', '{\"FR\":\"Avertissement sonore\",\"ENG\":\"Audible warning\",\"KIR\":\"Ihoni\",\"KISW\":\"Onyo la sauti\"}', '{\"FR\":\"Article103-108\",\"ENG\":\"Article 103-108\",\"KIR\":\"Ingingo ya 103-108\",\"KISW\":\"Sehemu ya 103-108\"}', '{\"FR\":\"Commentaire\",\"ENG\":\"Comment\",\"KIR\":\"Gira ico ubivuzeko\",\"KISW\":\"Maoni\"}', '{\"FR\":\"Décrire l\'utilisation du klaxon\",\"ENG\":\"Describe the use of the horn.\",\"KIR\":\"Vuga uko ihoni yakoreshejwe\",\"KISW\":\"Eleza matumizi ya pembe.\"}'),
(3, 'Défaut d\'extincteur', 10000, 5, 'Article 109-129', 0, 2, 'Décrivez  l\'état de l\'extincteur', 'Commentaire', 0, 0, 'https://app.mediabox.bi/psr//uploads/dossiers_photo/220704170729pm.png', '{\"FR\":\"Défaut d\'extincteur\",\"ENG\":\"Fire extinguisher fault\",\"KIR\":\"Akazimya muriro gafise ikibazo\",\"KISW\":\"Hitilafu ya kizima moto\"}', '{\"FR\":\"Article 109-129\",\"ENG\":\"Article109-129\",\"KIR\":\"Ingingo 109-129\",\"KISW\":\"Sehemu ya 109-129\"}', '{\"FR\":\"Commentaire\",\"ENG\":\"Comment\",\"KIR\":\"Gira ico ubivuzeko\",\"KISW\":\"Maoni\"}', '{\"FR\":\"Décrivez  l\'état de l\'extincteur\",\"ENG\":\"Describe the condition of the extinguisher\",\"KIR\":\"Vuga uko akazimya muriro karwaye\",\"KISW\":\"Eleza hali ya kizima moto\"}'),
(4, 'Non respect des normes dimensionnelles des véhicules', 100000, 2, 'Article 55-59', 0, 0, '', 'Commentaire', 0, 1, 'https://app.mediabox.bi/psr//uploads/dossiers_photo/220704130137pm.png', '{\"FR\":\"Non respect des normes dimensionnelles des véhicules \",\"ENG\":\" Failure to comply with vehicle dimensional standards\",\"KIR\":\"Kutubahiriza ibipimo bijanye n\'umuduga\",\"KISW\":\" Kukosa kufuata viwango vya ukubwa wa gari\"}', '{\"FR\":\"Non respect des normes dimensionnelles des véhicules selon leurs types(Article 55-59))\",\"ENG\":\"Article 55-59\",\"KIR\":\"Ingingo 55-59\",\"KISW\":\"Sehemu ya 55-59\"}', '{\"FR\":\"Commentaire\",\"ENG\":\"Comment\",\"KIR\":\"Gira ico ubivuzeko\",\"KISW\":\"Maoni\"}', ''),
(5, 'Défaut du triangle de balisage', 20000, 5, 'Article 209-210', 0, 0, '', 'Commentaire', 0, 0, 'https://app.mediabox.bi/psr//uploads/dossiers_photo/220704130749pm.jpg', '{\"FR\":\"Défaut du triangle de balisage\",\"ENG\":\"Warning triangle fault\",\"KIR\":\"Akanyabutatu gafise ikibazo\",\"KISW\":\"Hitilafu ya pembetatu ya onyo\"}', '{\"FR\":\"Article 209-210\",\"ENG\":\"Article 209-210\",\"KIR\":\"Ingingo 209-210\",\"KISW\":\"Sehemu ya 209-210\"}', '{\"FR\":\"Commentaire\",\"ENG\":\"Comment\",\"KIR\":\"Gira ico ubivuzeko\",\"KISW\":\"Maoni\"}', ''),
(6, 'Non respect d\'alignement obligatoire d\'embarquement des passagers', 50000, 1, 'Article 503', 0, 0, '', 'Commentaire', 0, 0, 'https://app.mediabox.bi/psr//uploads/dossiers_photo/220704183754pm.png', '{\"FR\":\"Non respect d\'alignement obligatoire d\'embarquement des passagers\",\"ENG\":\"Non-compliance with mandatory passenger boarding alignment\",\"KIR\":\"Kutubahiriza ahagenewe abantu \",\"KISW\":\"Kutofuata utaratibu wa lazima wa bweni la abiria\"}', '{\"FR\":\"Article 503\",\"ENG\":\"Article 503\",\"KIR\":\"Ingingo 503\",\"KISW\":\"Sehemu ya 503\"}', '{\"FR\":\"Commentaire\",\"ENG\":\"Comment\",\"KIR\":\"Gira ico ubivuzeko\",\"KISW\":\"Maoni\"}', ''),
(7, 'Refus d\'exhiber les documents demandés', 10000, 1, 'Article 155-156', 0, 0, '', '', 0, 0, 'https://app.mediabox.bi/psr//uploads/dossiers_photo/220704131037pm.jpg', '{\"FR\":\"Refus d\'exhiber les documents demandés\",\"ENG\":\"Refusal to show the requested documents\",\"KIR\":\"Kureka gutanga ivyangombwa\",\"KISW\":\"Kukataa kuonyesha nyaraka zilizoombwa\"}', '{\"FR\":\"Article 155-156\",\"ENG\":\"Article 155-156\",\"KIR\":\"Ingingo ya 155-156\",\"KISW\":\"Sehemu ya 155-156\"}', '', ''),
(8, 'Conduite', 10000, 1, 'Article 512 ', 0, 2, 'Précisez la conduite', 'Commentaire', 0, 1, 'https://app.mediabox.bi/psr//uploads/dossiers_photo/220704131953pm.png', '{\"FR\":\"Conduite\",\"ENG\":\"Conduct\",\"KIR\":\"Inyifato\",\"KISW\":\"Maadili\"}', '{\"FR\":\"Article 512 \",\"ENG\":\"Article 512\",\"KIR\":\"Ingingo 512\",\"KISW\":\"Sehemu 512\"}', '{\"FR\":\"Commentaire\",\"ENG\":\"Comment\",\"KIR\":\"Gira ico ubivuzeko\",\"KISW\":\"Maoni\"}', '{\"FR\":\"Précisez la conduite\",\"ENG\":\"Specify the driving\",\"KIR\":\"Vuga  uko ariko agendesha\",\"KISW\":\"Bainisha kuendesha gari\"}'),
(9, 'Non conformité du système de freinage', 200000, 2, 'Article 78-80', 0, 0, '', 'Commentaire', 0, 0, 'https://app.mediabox.bi/psr//uploads/dossiers_photo/220705083124am.png', '{\"FR\":\"Non conformité du système de freinage \",\"ENG\":\"Non-compliance of the braking system \",\"KIR\":\"Ubuhinga bwo gufata ifire budahwanye n\'umuduga\",\"KISW\":\"Kutofuata mfumo wa kusimama \"}', '{\"FR\":\"Article 78-80\",\"ENG\":\"Article 78-80\",\"KIR\":\"Ingingo 78-80\",\"KISW\":\"Sehemu ya 78-80\"}', '{\"FR\":\"Commentaire\",\"ENG\":\"Comment\",\"KIR\":\"Gira ico ubivuzeko\",\"KISW\":\"Maoni\"}', ''),
(10, 'Défaut de drapelet de signalisation', 20000, 5, 'Article 209-210', 0, 0, '', 'Commentaire', 0, 0, 'https://app.mediabox.bi/psr//uploads/dossiers_photo/220704180806pm.webp', '{\"FR\":\"Défaut de drapelet de signalisation\",\"ENG\":\"Flag flag fault\",\"KIR\":\"Utubendera two kumenyesha\",\"KISW\":\" Makosa ya bendera\"}', '{\"FR\":\"Article 209-210\",\"ENG\":\"Article 209-210\",\"KIR\":\"Ingingo 209-210\",\"KISW\":\"Sehemu ya 209-210\"}', '{\"FR\":\"Commentaire\",\"ENG\":\"Comment\",\"KIR\":\"Gira ico ubivuzeko\",\"KISW\":\"Maoni\"}', ''),
(11, 'Ivresse au volant', 50000, 1, 'Article 192', 5, 0, '', 'Commentaire', 0, 0, 'https://app.mediabox.bi/psr//uploads/dossiers_photo/220705092141am.png', '{\"FR\":\"Ivresse au volant \",\"ENG\":\"Drunk driving \",\"KIR\":\"Akaboregwe\",\"KISW\":\"Kuendesha gari kwa Drunk \"}', '{\"FR\":\"Article 192\",\"ENG\":\"Article 192\",\"KIR\":\"Ingingo ya 192\",\"KISW\":\"Sehemu ya 192\"}', '{\"FR\":\"Commentaire\",\"ENG\":\"Comment\",\"KIR\":\"Gira ico ubivuzeko\",\"KISW\":\"Maoni\"}', ''),
(12, 'Arrêt et stationnement interdit', 50000, 1, 'Article 501', 0, 2, 'Décrivez le stationnement', 'Commentaire', 0, 1, 'https://app.mediabox.bi/psr//uploads/dossiers_photo/220704191559pm.png', '{\"FR\":\"Arrêt et stationnement interdit\",\"ENG\":\"Stopping and parking prohibited\",\"KIR\":\"Guhagarika no guhagarara birabujijwe\",\"KISW\":\"Kusimamisha na maegesho ni marufuku\"}', '{\"FR\":\"Article 501\",\"ENG\":\"Article 501\",\"KIR\":\"Ingingo  501\",\"KISW\":\"Sehemu 501\"}', '{\"FR\":\"Commentaire\",\"ENG\":\"comment\",\"KIR\":\"Gira ico ubivuzeko\",\"KISW\":\"Maoni\"}', '{\"FR\":\"Décrivez le stationnement\",\"ENG\":\"Describe the parking lot\",\"KIR\":\"Sobanura aho imodoka zihagarara\",\"KISW\":\"Eleza eneo la maegesho\"}'),
(13, 'Excès de vitesse', 50000, 1, 'Article 199 -200', 10, 0, '', 'Commentaire', 0, 0, 'https://app.mediabox.bi/psr//uploads/dossiers_photo/220706081616am.png', '{\"FR\":\"Excès de vitesse \",\"ENG\":\"Speeding \",\"KIR\":\"Kurenza umuvuduko\",\"KISW\":\"Kuharakisha \"}', '{\"FR\":\"Article 199 -200\",\"ENG\":\"Article 199-200\",\"KIR\":\"Ingingo ya 199-200\",\"KISW\":\"Sehemu ya 199-200\"}', '{\"FR\":\"Commentaire\",\"ENG\":\"Comment\",\"KIR\":\"Gira ico ubivuzeko\",\"KISW\":\"Maoni\"}', ''),
(14, 'Défaut des dispositifs de manoeuvre ou de visibilité', 20000, 2, 'Article 86-91', 0, 2, 'Sélectionner les dispositifs', 'Commentaire', 0, 0, 'https://app.mediabox.bi/psr//uploads/dossiers_photo/220704134727pm.jpg', '{\"FR\":\"Défaut des dispositifs de manoeuvre ou de visibilité\",\"ENG\":\"Defect in manoeuvring or visibility devices\",\"KIR\":\"Ibikoresho bifasha kuboneshereza umuduga\",\"KISW\":\"Defect katika manoeuvring au vifaa vya kuonekana\"}', '{\"FR\":\"Article 86-91\",\"ENG\":\"Article 86-91\",\"KIR\":\"Ingingo 86-91\",\"KISW\":\"Sehemu ya 86-91\"}', '{\"FR\":\"Commentaire\",\"ENG\":\"Comment\",\"KIR\":\"Gira ico ubivuzeko\",\"KISW\":\"Maoni\"}', '{\"FR\":\"Sélectionner les dispositifs\",\"ENG\":\"Select devices\",\"KIR\":\"Vuga ibikoresho\",\"KISW\":\"Teua vifaa\"}'),
(15, 'Transport du tabac non empaqueté', 50000, 8, 'Article 489-504', 0, 0, '', 'Commentaire', 0, 1, 'https://app.mediabox.bi/psr//uploads/dossiers_photo/220704134821pm.png', '{\"FR\":\"Transport du tabac non empaqueté\",\"ENG\":\"Transport of unpackaged tobacco\",\"KIR\":\"Gutwaritabi ridatekeye\",\"KISW\":\"Usafirishaji wa tumbaku ambayo haijapakiwa\"}', '{\"FR\":\"Article 484-504\",\"ENG\":\"Article 484-504\",\"KIR\":\"Ingingo 484-504\",\"KISW\":\"Sehemu 484-504\"}', '{\"FR\":\"Commentaire\",\"ENG\":\"Comment\",\"KIR\":\"Gira ico ubivuzeko\",\"KISW\":\"Maoni\"}', ''),
(16, 'Conduite pendant la période de rétention', 0, 1, 'Article 18', 10, 0, '', 'Commentaire', 0, 1, 'https://app.mediabox.bi/psr//uploads/dossiers_photo/220704135305pm.webp', '{\"FR\":\"Conduite pendant la période de rétention\",\"ENG\":\"Driving during the retention period\",\"KIR\":\"Kugendesha mugihe yahagaritswe\",\"KISW\":\"Kuendesha gari wakati wa kipindi cha kuhifadhi\"}', '{\"FR\":\"Article 18\",\"ENG\":\"Article 18\",\"KIR\":\"Ingingo 18\",\"KISW\":\"Sehemu ya 18\"}', '{\"FR\":\"Commentaire\",\"ENG\":\"Comment\",\"KIR\":\"Gira ico ubivuzeko\",\"KISW\":\"Maoni\"}', '{\"FR\":\"\",\"ENG\":\"\",\"KIR\":\"\",\"KISW\":\"\"}'),
(17, 'Embarquement et débarquement interdit', 50000, 1, 'Article 590', 0, 0, '', 'Commentaire', 0, 0, 'https://app.mediabox.bi/psr//uploads/dossiers_photo/220704195705pm.png', '{\"FR\":\"Embarquement et débarquement interdit\",\"ENG\":\"Embarkation and disembarkation prohibited\",\"KIR\":\"Gupakira canke Gupakurura  ahantu hatemewe\",\"KISW\":\"Embarkation na disembarkation marufuku\"}', '{\"FR\":\"Article 590\",\"ENG\":\"Article 590\",\"KIR\":\"Ingingo 590\",\"KISW\":\"Sehemu ya 590\"}', '{\"FR\":\"Commentaire\",\"ENG\":\"Comment\",\"KIR\":\"Gira ico ubivuzeko\",\"KISW\":\"Maoni\"}', ''),
(18, 'Conduite en état d\'altération des facultés', 20000, 1, 'Article 201-203', 0, 0, '', 'Commentaire', 0, 0, 'https://app.mediabox.bi/psr//uploads/dossiers_photo/220707065533am.png', '{\"FR\":\"Conduite en état d\'altération des facultés \",\"ENG\":\"Impaired driving \",\"KIR\":\"Gutwara utameze neza\",\"KISW\":\"Kuendesha gari kwa kuharibika \"}', '{\"FR\":\"Article 201-203\",\"ENG\":\"Article 201-203\",\"KIR\":\"Ingingo ya 201-203\",\"KISW\":\"Sehemu ya 201-203\"}', '{\"FR\":\"Commentaire\",\"ENG\":\"Comment\",\"KIR\":\"Gira ico ubivuzeko\",\"KISW\":\"Maoni\"}', ''),
(19, 'Défaut du système d\'éclairage et des signaux lumineux', 20000, 2, 'Article 93-95 97-98', 0, 2, 'Sélectionner les dispositifs', 'Commentaire', 0, 1, 'https://app.mediabox.bi/psr//uploads/dossiers_photo/220704141331pm.png', '{\"FR\":\"Défaut du système d\'éclairage et des signaux lumineux\",\"ENG\":\"Defect of the lighting system and light signals\",\"KIR\":\"Ibiboneshereza umuduga bimeze nabi\",\"KISW\":\"Defect ya mfumo wa taa na ishara nyepesi\"}', '{\"FR\":\"Article 93-95 97-98\",\"ENG\":\"Article 93-95 97-98\",\"KIR\":\"Ingingo 93-95 97-98\",\"KISW\":\"Sehemu ya 93-95 97-98\"}', '{\"FR\":\"Commentaire\",\"ENG\":\"Comment\",\"KIR\":\"Gira ico ubivuzeko\",\"KISW\":\"Maoni\"}', '{\"FR\":\"Sélectionner les dispositifs\",\"ENG\":\"Select devices\",\"KIR\":\"Mucagure ibikorehso\",\"KISW\":\"Chagua vifaa\"}'),
(20, 'Conduite avec un permis provisoire  sans accompagnement', 20000, 1, 'Article 159', 0, 0, '', 'Commentaire', 0, 1, 'https://app.mediabox.bi/psr//uploads/dossiers_photo/220704141424pm.png', '{\"FR\":\"Conduite avec un permis provisoire  sans accompagnement\",\"ENG\":\"Driving with a provisional license without accompaniment\",\"KIR\":\"kwerekana peremi mfatakibanza ata rupapuro rubisigura\",\"KISW\":\"Kuendesha gari na leseni ya muda bila kuambatana\"}', '{\"FR\":\"Article 159\",\"ENG\":\"Article 159\",\"KIR\":\"Ingingo ya 159\",\"KISW\":\"Sehemu ya 159\"}', '{\"FR\":\"Commentaire\",\"ENG\":\"Comment\",\"KIR\":\"Gira ico ubivuzeko\",\"KISW\":\"Maoni\"}', '{\"FR\":\"\",\"ENG\":\"\",\"KIR\":\"\",\"KISW\":\"\"}'),
(21, 'Téléphone au volant (sauf à l’arrêt)', 50000, 1, 'Article 204', 10, 0, '', 'Commentaire', 0, 0, 'https://app.mediabox.bi/psr//uploads/dossiers_photo/220704182300pm.png', '{\"FR\":\"Téléphone au volant (sauf à l’arrêt)\",\"ENG\":\"Phone while driving (except when stationary)\",\"KIR\":\"Kutaraba ngendanwa kireste wahagaze\",\"KISW\":\"Simu wakati wa kuendesha gari (isipokuwa wakati wa stationary)\"}', '{\"FR\":\"Article 204\",\"ENG\":\"Article 204\",\"KIR\":\"Ingingo ya 204\",\"KISW\":\"Sehemu ya 204\"}', '{\"FR\":\"Commentaire\",\"ENG\":\"Comment\",\"KIR\":\"Gira ico ubivuzeko\",\"KISW\":\"Maoni\"}', ''),
(22, 'Non port de ceinture de sécurité', 20000, 1, 'Article 208', 10, 0, '', 'Commentaire', 0, 0, 'https://app.mediabox.bi/psr//uploads/dossiers_photo/220705083554am.png', '{\"FR\":\"Non port de ceinture de sécurité\",\"ENG\":\"No seat belt use\",\"KIR\":\"Kutambara isentire \",\"KISW\":\"Hakuna matumizi ya ukanda wa kiti\"}', '{\"FR\":\"Article 208\",\"ENG\":\"Article 208\",\"KIR\":\"Ingingo ya 208\",\"KISW\":\"Sehemu ya 208\"}', '{\"FR\":\"Commentaire\",\"ENG\":\"Comment\",\"KIR\":\"Gira ico ubivuzeko\",\"KISW\":\"Maoni\"}', ''),
(23, 'Transport des personnes par un titulaire du permis provisoire', 50000, 1, 'Article 165', 0, 0, '', 'Commentaire', 0, 1, 'https://app.mediabox.bi/psr//uploads/dossiers_photo/220704143255pm.jpg', '{\"FR\":\"Transport des personnes par un titulaire du permis provisoire\",\"ENG\":\"Transportation of persons by a holder of the provisional permit\",\"KIR\":\"Kunguruza abantu ufise peremi Mtatakibanza\",\"KISW\":\"Usafiri wa watu na mmiliki wa kibali cha muda\"}', '{\"FR\":\"Article 165\",\"ENG\":\"Article 165\",\"KIR\":\"Ingingo ya 165\",\"KISW\":\"Sehemu ya 165\"}', '{\"FR\":\"Commentaire\",\"ENG\":\"Comment\",\"KIR\":\"Gira ico ubivuzeko\",\"KISW\":\"Maoni\"}', '{\"FR\":\"undefined\",\"ENG\":\"Comments\",\"KIR\":\"Gira ico ubivuzeko\",\"KISW\":\"Maoni\"}'),
(24, 'Arrêt et stationnement interdit pour le transport rémunéré des personnes', 50000, 1, 'Article 489-504', 0, 0, '', 'Commentaire', 0, 0, 'https://app.mediabox.bi/psr//uploads/dossiers_photo/220704191424pm.jpg', '{\"FR\":\"Arrêt et stationnement interdit pour le transport rémunéré des personnes\",\"ENG\":\"Stopping and parking prohibited for the remunerated transport of persons(Article 489-504)\",\"KIR\":\"guhagara canke gupakirira ahabujijwe  \",\"KISW\":\"Kusimamisha na kuegesha magari marufuku kwa usafiri wa watu (Kifungu cha 489-504)\"}', '{\"FR\":\"Article 489-504\",\"ENG\":\"Article 489-504\",\"KIR\":\"Ingingo 489-504\",\"KISW\":\"Sehemu ya 489-504\"}', '{\"FR\":\"Commentaire\",\"ENG\":\"comment\",\"KIR\":\"Gira ico ubivuzeko\",\"KISW\":\"Maoni\"}', ''),
(25, 'Défaut du système de freinage indépendant', 10000, 2, 'Article 109-129', 0, 0, '', 'Commentaire', 0, 0, 'https://app.mediabox.bi/psr//uploads/dossiers_photo/220704143743pm.png', '{\"FR\":\"Défaut du système de freinage indépendant\",\"ENG\":\"Defect of the independent braking system\",\"KIR\":\"Ubuhinga bwo gufata ifire bumeze nabi\",\"KISW\":\"Udhaifu wa mfumo wa kujitegemea wa kusimama\"}', '{\"FR\":\"Article 109-129\",\"ENG\":\"Article 109-129\",\"KIR\":\"Ingingo 109-129\",\"KISW\":\"Sehemu ya 109-129\"}', '{\"FR\":\"Commentaire\",\"ENG\":\"Comment\",\"KIR\":\"Gira ico ubivuzeko\",\"KISW\":\"Maoni\"}', ''),
(26, 'Mauvais chargement', 50000, 8, 'Article 509 et 511', 15, 2, 'Décrivez le véhicule ', 'Commentaire', 1, 1, 'https://app.mediabox.bi/psr//uploads/dossiers_photo/220705080954am.png', '{\"FR\":\"Mauvais chargement\",\"ENG\":\"Wrong loading\",\"KIR\":\"Gupakira nabi\",\"KISW\":\"Upakiaji usio sahihi\"}', '{\"FR\":\"Article 509 et 511\",\"ENG\":\"Article 509 et  511\",\"KIR\":\"Ingingo 509 et 511\",\"KISW\":\"Sehemu ya 509 na 511\"}', '{\"FR\":\"Vehicule de transport \",\"ENG\":\"Comment\",\"KIR\":\"Gira ico ubivuzeko\",\"KISW\":\"Maoni\"}', '{\"FR\":\"Décrivez le véhicule \",\"ENG\":\" Describe the vehicle\",\"KIR\":\"Vuga umuduga\",\"KISW\":\" Eleza gari\"}'),
(27, 'Dégagement', 50000, 2, 'Article 134', 0, 2, 'Décrivez les types de dégagements ', 'Commentaire', 0, 0, 'https://app.mediabox.bi/psr//uploads/dossiers_photo/220704144737pm.webp', '{\"FR\":\"Dégagement\",\"ENG\":\"Release\",\"KIR\":\"Gusohora\",\"KISW\":\"Kutolewa\"}', '{\"FR\":\"Article 134\",\"ENG\":\"Article 134\",\"KIR\":\"Ingingo 134\",\"KISW\":\"Sehemu ya 134\"}', '{\"FR\":\"Décrivez les types de dégagements \",\"ENG\":\"Comment\",\"KIR\":\"Gira ico ubivuzeko\",\"KISW\":\"Maoni\"}', '{\"FR\":\"Décrivez les types de dégagements \",\"ENG\":\"Describe the types of clearances\",\"KIR\":\"Vuga ubwoko bw\'ibisohoka\",\"KISW\":\"Eleza aina za vibali\"}'),
(28, 'Transport des produits incommodants', 50000, 8, 'Article 489-504', 0, 0, '', 'Commentaire', 0, 1, 'https://app.mediabox.bi/psr//uploads/dossiers_photo/220704144749pm.png', '{\"FR\":\"Transport des produits incommodants\",\"ENG\":\"Transport of inconvenient products\",\"KIR\":\"Kwunguraza ibintu bifise ingaruka mbi\",\"KISW\":\"Usafirishaji wa bidhaa zisizofaa\"}', '{\"FR\":\"Article 489-504\",\"ENG\":\"Article 489-504\",\"KIR\":\"Ingingo 489-504\",\"KISW\":\"Sehemu ya 489-504\"}', '{\"FR\":\"Commentaire\",\"ENG\":\"Comment\",\"KIR\":\"Gira ico ubivuzeko\",\"KISW\":\"Maoni\"}', '{\"FR\":\"Commentaire\",\"ENG\":\"Comment\",\"KIR\":\"Gira ico ubivuzeko\",\"KISW\":\"Maoni\"}'),
(29, 'Facilitation et/ou l\'utilisation d\'un permis provisoire', 50000, 1, 'Article 172', 0, 0, '', 'Commentaire', 1, 1, 'https://app.mediabox.bi/psr//uploads/dossiers_photo/220704193752pm.png', '{\"FR\":\"Facilitation et/ou l\'utilisation d\'un permis provisoire\",\"ENG\":\"Facilitation and/or use of a provisional permit\",\"KIR\":\"Korohereza no / cyangwa gukoresha uruhushya rwagateganyo\",\"KISW\":\"Uwezeshaji na/au matumizi ya kibali cha muda\"}', '{\"FR\":\"Article 172\",\"ENG\":\"Article 172\",\"KIR\":\"Ingingo 172\",\"KISW\":\"Sehemu 172\"}', '{\"FR\":\"Commentaire\",\"ENG\":\"Comment\",\"KIR\":\"Gira ico ubivuzeko\",\"KISW\":\"Maoni\"}', '{\"FR\":\"\",\"ENG\":\"\",\"KIR\":\"\",\"KISW\":\"\"}'),
(30, 'Non respect des règles d\'utilisation relatives', 50000, 1, ' Article 489-504', 0, 2, 'Précisez ces  règles d\'utilisation', 'Commentaire', 0, 0, 'https://app.mediabox.bi/psr//uploads/dossiers_photo/220704153148pm.png', '{\"FR\":\"Non respect des règles d\'utilisation relatives\",\"ENG\":\"Non-compliance with the relative rules of use\",\"KIR\":\"Kutubahiriza uko bikorwa\",\"KISW\":\"Kutofuata sheria za jamaa za matumizi\"}', '{\"FR\":\" Article 489-504\",\"ENG\":\"Article 489-504\",\"KIR\":\"Ingingo 489-504\",\"KISW\":\"Sehemu 489-504\"}', '{\"FR\":\"Commentaire\",\"ENG\":\"Comment\",\"KIR\":\"Gira ico ubivuzeko\",\"KISW\":\"Maoni\"}', '{\"FR\":\"Précisez ces  règles d\'utilisation\",\"ENG\":\"Specify these rules of use\",\"KIR\":\"Tomora ayo mategeko\",\"KISW\":\"Bainisha kanuni hizi za matumizi\"}'),
(31, 'Bagages à main gênant', 50000, 8, 'Article 489-504', 0, 0, '', 'Commentaire', 0, 1, 'https://app.mediabox.bi/psr//uploads/dossiers_photo/220704150402pm.png', '{\"FR\":\"Bagages à main gênant\",\"ENG\":\"Inappropriate hand luggage\",\"KIR\":\"Imizigo batwarira mumaboko iremereye\",\"KISW\":\"Mizigo ya mkono isiyofaa\"}', '{\"FR\":\"Article 489-504\",\"ENG\":\"Article 489-504\",\"KIR\":\"Ingingo 489-504\",\"KISW\":\"Sehemu ya 489-504\"}', '{\"FR\":\"Commentaire\",\"ENG\":\"Comment\",\"KIR\":\"Gira ico ubivuzeko\",\"KISW\":\"Maoni\"}', '{\"FR\":\"\",\"ENG\":\"\",\"KIR\":\"\",\"KISW\":\"\"}'),
(32, 'Accès au bus par une voie d\'entrée non reconnue(fénêtre)', 50000, 8, 'Article 489-504', 0, 0, '', 'Commentaire', 0, 1, 'https://app.mediabox.bi/psr//uploads/dossiers_photo/220704190023pm.png', '{\"FR\":\"Accès au bus par une voie d\'entrée non reconnue(fénêtre)\",\"ENG\":\"Access to the bus by an unrecognized entry channel (window)\",\"KIR\":\"Kugera muri bisi numuyoboro winjira utamenyekanye (idirishya)\",\"KISW\":\"Ufikiaji wa basi kwa njia ya kuingia isiyotambulika (dirisha)\"}', '{\"FR\":\"Article 489-504\",\"ENG\":\"Article 489-504\",\"KIR\":\"Ingingo 489-504\",\"KISW\":\"Sehemu ya 489-504\"}', '{\"FR\":\"Commentaire\",\"ENG\":\"Comment\",\"KIR\":\"Gira ico ubivuzeko\",\"KISW\":\"Maoni\"}', ''),
(33, 'Atteinte à la signalisation routière', 50000, 1, 'Article 554 C.R', 0, 0, '', 'Commentaire', 0, 1, 'https://app.mediabox.bi/psr//uploads/dossiers_photo/220704151310pm.jpg', '{\"FR\":\"Atteinte à la signalisation routière\",\"ENG\":\"Interference with road signs\",\"KIR\":\"Kutubahiriza ibimenyetso ndanga nzira\",\"KISW\":\"Kuingilia kati na alama za barabarani\"}', '{\"FR\":\"Article 554 C.R\",\"ENG\":\"Article 554 C.R\",\"KIR\":\"Ingingo ya 554 ya mategeko agenga inzira\",\"KISW\":\"Sehemu ya 554 C.R\"}', '{\"FR\":\"Commentaire\",\"ENG\":\"Comment\",\"KIR\":\"Gira ico ubivuzeko\",\"KISW\":\"Maoni\"}', ''),
(34, 'Transport des matieres exposant à des dangers d\'explosion ou d\'incendie', 50000, 8, 'Article 489-504', 0, 0, '', 'Commentaire', 0, 1, 'https://app.mediabox.bi/psr//uploads/dossiers_photo/220704152354pm.png', '{\"FR\":\"Transport des matieres exposant à des dangers d\'explosion ou d\'incendie\",\"ENG\":\"Transport of materials exposing to explosion or fire Hazard\",\"KIR\":\"Gutwara ibintu bishobora guteza isanganya canke umuriro\",\"KISW\":\"Usafiri wa vifaa vinavyoonyesha hatari za mlipuko au moto\"}', '{\"FR\":\"Article 489-504\",\"ENG\":\"Article 489-504\",\"KIR\":\"Ingingo 489-504\",\"KISW\":\"Sehemu ya 489-504\"}', '{\"FR\":\"Commentaire\",\"ENG\":\"Comment\",\"KIR\":\"Gira ico ubivuzeko\",\"KISW\":\"Maoni\"}', '{\"FR\":\"undefined\",\"ENG\":\"Comment\",\"KIR\":\"Gira ico ubivuzeko\",\"KISW\":\"Maoni\"}'),
(35, 'Stationnement en dehors du parking de rattachement sans réservation préalable', 10000, 1, 'Article 459-460', 0, 0, '', 'Commentaire', 0, 1, 'https://app.mediabox.bi/psr//uploads/dossiers_photo/220704152418pm.jpg', '{\"FR\":\"Stationnement en dehors du parking de rattachement sans réservation préalable\",\"ENG\":\"Parking outside the connecting car park without prior reservation\",\"KIR\":\"Guhagarika inyuma ya parakingi atakibanza kihari\",\"KISW\":\"Maegesho nje ya maegesho ya gari ya kuunganisha bila uhifadhi wa awali\"}', '{\"FR\":\"Article 459-460\",\"ENG\":\"Article 459-460\",\"KIR\":\"Ingingo 459-460\",\"KISW\":\"Sehemu 459-460\"}', '{\"FR\":\"Commentaire\",\"ENG\":\"Comment\",\"KIR\":\"Gira ico ubivuzeko\",\"KISW\":\"Maoni\"}', '{\"FR\":\"undefined\",\"ENG\":\"comments\",\"KIR\":\"Gira ico ubivuzeko\",\"KISW\":\"Maoni\"}'),
(36, 'Dégradation de la voie publique ou de ses équipements', 100000, 1, 'Article 407', 10, 2, 'Décrivez  cette dégradation', 'Commentaire', 0, 1, 'https://app.mediabox.bi/psr//uploads/dossiers_photo/220704153724pm.jpg', '{\"FR\":\"Dégradation de la voie publique ou de ses équipements\",\"ENG\":\"Damage to public roads or their facilities\",\"KIR\":\"Kwonona ibarabara n\'ibihubatse\",\"KISW\":\"Roll au zigzag katikati ya barabara \"}', '{\"FR\":\"Article 407\",\"ENG\":\"Article 407\",\"KIR\":\"Ingingo 407\",\"KISW\":\"sehemu 407\"}', '{\"FR\":\"Commentaire\",\"ENG\":\"Comment\",\"KIR\":\"Gira ico ubivuzeko\",\"KISW\":\"Maoni\"}', '{\"FR\":\"Décrivez  cette dégradation\",\"ENG\":\" Describe this degradation\",\"KIR\":\"Vuga uko yaryononye\",\"KISW\":\"Eleza udhalilishaji huu\"}'),
(37, 'Tout bagage incommodant susceptible de salir les passagers', 50000, 8, 'Article 489-504', 0, 0, '', 'Commentaire', 0, 1, 'https://app.mediabox.bi/psr//uploads/dossiers_photo/220704154036pm.png', '{\"FR\":\"Tout bagage incommodant susceptible de salir les passagers\",\"ENG\":\"Any inconvenient baggage likely to dirty passengers\",\"KIR\":\"Umuzigo uremereye ushobora gucafuza  abutwaye\",\"KISW\":\"Mizigo yoyote isiyo na maana inayoweza kuwa chafu kwa abiria wachafu\"}', '{\"FR\":\"Article 489-504\",\"ENG\":\"Article 489-504\",\"KIR\":\"Ingingo 489-504\",\"KISW\":\"Sehemu ya 489-504\"}', '{\"FR\":\"Commentaire\",\"ENG\":\"Comment\",\"KIR\":\"Gira ico ubivuzeko\",\"KISW\":\"Maoni\"}', '{\"FR\":\"undefined\",\"ENG\":\"Comment\",\"KIR\":\"Gira ico ubivuzeko\",\"KISW\":\"Maoni\"}'),
(38, 'Penetration dans le bus avec les patins ou les chaussures à roulettes', 50000, 8, 'Article 489-504', 0, 0, '', 'Commentaire', 0, 0, 'https://app.mediabox.bi/psr//uploads/dossiers_photo/220704154259pm.jpg', '{\"FR\":\"Penetration dans le bus avec les patins ou les chaussures à roulettes\",\"ENG\":\"Penetration on the bus with skates or roller shoes\",\"KIR\":\"Kwinjiza mwibisi abantu bambaye ibirato vyamapine\",\"KISW\":\"Kupenya kwenye basi na skates au viatu vya roller\"}', '{\"FR\":\"Article 489-504\",\"ENG\":\"Article 489-504\",\"KIR\":\"Ingingo 489-504\",\"KISW\":\"Sehemu ya 489-504\"}', '{\"FR\":\"Commentaire\",\"ENG\":\"Comment\",\"KIR\":\"Gira ico ubivuzeko\",\"KISW\":\"Maoni\"}', ''),
(39, 'Utilisation fautive ou abusive des avertisseurs sonores', 20000, 1, 'Article  17 et  405', 5, 0, '', 'Commentaire', 0, 1, 'https://app.mediabox.bi/psr//uploads/dossiers_photo/220704154655pm.png', '{\"FR\":\"Utilisation fautive ou abusive des avertisseurs sonores\",\"ENG\":\"Faulty or abusive use of audible warning devices\",\"KIR\":\"Gukoresha nabi canke kurenza mukuvuza   amahoni\",\"KISW\":\"Matumizi mabaya au ya matusi ya vifaa vya onyo vinavyosikika\"}', '{\"FR\":\"Article  17 et  405\",\"ENG\":\"Article 17 and 405\",\"KIR\":\"Ingingo ya 17 niya 405\",\"KISW\":\"Sehemu ya 17 na 405\"}', '{\"FR\":\"Commentaire\",\"ENG\":\"Comment\",\"KIR\":\"Gira ico ubivuzeko\",\"KISW\":\"Maoni\"}', '{\"FR\":\"undefined\",\"ENG\":\"comments\",\"KIR\":\"Gira ico ubivuzeko\",\"KISW\":\"Maoni\"}'),
(40, 'Obstruction', 50000, 1, 'Article 555 C.R', 0, 2, 'Décrivez les obstructions ', 'Commentaire', 0, 0, 'https://app.mediabox.bi/psr//uploads/dossiers_photo/220704155327pm.png', '{\"FR\":\"Obstruction\",\"ENG\":\"Obstruction\",\"KIR\":\"Konona\",\"KISW\":\"Kizuizi\"}', '{\"FR\":\"Article 555 C.R\",\"ENG\":\"Article 555 C.R\",\"KIR\":\"Ingingo ya 555 ya mategeko agenga inzira\",\"KISW\":\"Sehemu ya 555 C.R\"}', '{\"FR\":\"Commentaire\",\"ENG\":\"Comment\",\"KIR\":\"Gira ico ubivuzeko\",\"KISW\":\"Maoni\"}', '{\"FR\":\"Décrivez les obstructions \",\"ENG\":\"Describe the obstructions\",\"KIR\":\"Vuga ivyo yononye\",\"KISW\":\"Eleza vizuizi\"}'),
(41, 'Non respect d\'hygiène élémentaire', 50000, 8, 'Article 489-504', 0, 0, 'Décrivez le non respect de l\'hygiène', 'Commentaire', 0, 0, 'https://app.mediabox.bi/psr//uploads/dossiers_photo/220705083813am.png', '{\"FR\":\"Non respect d\'hygiène élémentaire\",\"ENG\":\"Failure to respect basic hygiene\",\"KIR\":\"Kutubahiriza amategeko y\'isuku mwibisi\",\"KISW\":\"Kushindwa kuheshimu usafi wa kimsingi\"}', '{\"FR\":\"Article 489-504\",\"ENG\":\"Article 489-504\",\"KIR\":\"Ingingo 489-504\",\"KISW\":\"Sehemu ya 489-504\"}', '{\"FR\":\"Commentaire\",\"ENG\":\"Comment\",\"KIR\":\"Gira ico ubivuzeko\",\"KISW\":\"Maoni\"}', '{\"FR\":\"Décrivez le non respect de l\'hygiène\",\"ENG\":\"Describe the lack of respect for hygiene\",\"KIR\":\"Vuga uko yahonyanze amategeko y\'isuku\",\"KISW\":\"Eleza ukosefu wa heshima kwa usafi\"}'),
(42, 'Non utilisation à bon inscient des feux de signalisation', 10000, 1, 'Article 374-392', 0, 0, '', 'Commentaire', 0, 1, 'https://app.mediabox.bi/psr//uploads/dossiers_photo/220704155504pm.png', '{\"FR\":\"Non utilisation à bon inscient des feux de signalisation \",\"ENG\":\"Non-proper use of traffic lights \",\"KIR\":\"kudakoresha amatara  aho bikenewe\",\"KISW\":\"Matumizi yasiyo sahihi ya taa za trafiki \"}', '{\"FR\":\"Article 374-392\",\"ENG\":\"Article 374-392\",\"KIR\":\"Ingingo 374-392\",\"KISW\":\"Sehemu ya 374-392\"}', '{\"FR\":\"Commentaire\",\"ENG\":\"Comment\",\"KIR\":\"Gira ico ubivuzeko\",\"KISW\":\"Maoni\"}', '{\"FR\":\"undefined\",\"ENG\":\"comments\",\"KIR\":\"Gira ico ubivuzeko\",\"KISW\":\"Maoni\"}'),
(43, 'Gros bagages encombrants', 50000, 8, 'Article 489-504', 0, 0, '', 'Commentaire', 0, 1, 'https://app.mediabox.bi/psr//uploads/dossiers_photo/220704160122pm.png', '{\"FR\":\"Gros bagages encombrants\",\"ENG\":\"Large bulky luggage\",\"KIR\":\"Imizigo myinshi iremereye\",\"KISW\":\"Mizigo mikubwa ya wingi\"}', '{\"FR\":\"Article 489-504\",\"ENG\":\"Article 489-504\",\"KIR\":\"Ingingo 489-504\",\"KISW\":\"Sehemu ya 489-504\"}', '{\"FR\":\"Commentaire\",\"ENG\":\"Comment\",\"KIR\":\"Gira ico ubivuzeko\",\"KISW\":\"Maoni\"}', ''),
(44, 'Règlement à l\'amiable non déclaré par l\'assureur', 50000, 1, 'Article 359', 0, 0, '', 'Commentaire', 0, 1, 'https://app.mediabox.bi/psr//uploads/dossiers_photo/220704160318pm.jpg', '{\"FR\":\"Règlement à l\'amiable non déclaré par l\'assureur \",\"ENG\":\"Amicable settlement not declared by the insurer \",\"KIR\":\"Gutunganirizwa n\'uwujejwe asiransi bidaciye mumategeko\",\"KISW\":\"Makazi ya Amicable ambayo hayajatangazwa na bima \"}', '{\"FR\":\"Article 359\",\"ENG\":\"Article 359\",\"KIR\":\"Ingingo 359\",\"KISW\":\"Sehemu ya 359\"}', '{\"FR\":\"Commentaire\",\"ENG\":\"Comment\",\"KIR\":\"Gira ico ubivuzeko\",\"KISW\":\"Maoni\"}', '{\"FR\":\"undefined\",\"ENG\":\"comments\",\"KIR\":\"Gira ico ubivuzeko\",\"KISW\":\"Maoni\"}'),
(45, 'Dépassement de la vitesse (70km/h) par les conducteurs  de bus et de tours', 150000, 1, 'Article 488', 10, 0, '', 'Commentaire', 0, 0, 'https://app.mediabox.bi/psr//uploads/dossiers_photo/220704181248pm.jpg', '{\"FR\":\"Dépassement de la vitesse (70km/h) par les conducteurs  de bus et de tours\",\"ENG\":\"Exceeding the speed (70km/h) by bus and tour driver\",\"KIR\":\"Kurenza umvuduko (70 km/h) kumiduga iduga hagati mugihugu\",\"KISW\":\"Kuzidi kasi (70km/h) kwa dereva wa basi na watalii\"}', '{\"FR\":\"Article 488\",\"ENG\":\"Article 488\",\"KIR\":\"Ingingo 488\",\"KISW\":\"Sehemu 488\"}', '{\"FR\":\"Commentaire\",\"ENG\":\"Comment\",\"KIR\":\"Gira ico ubivuzeko\",\"KISW\":\"Maoni\"}', ''),
(46, 'Donner accès aux personnes en état d\'ivresse', 50000, 8, 'Article 489-504', 0, 0, '', 'Commentaire', 0, 0, 'https://app.mediabox.bi/psr//uploads/dossiers_photo/220704190216pm.png', '{\"FR\":\"Donner accès aux personnes en état d\'ivresse\",\"ENG\":\"Give access to people in a state of intoxication\",\"KIR\":\"Kwinjiza abantu mwibisi baborewe\",\"KISW\":\"Wape watu walio katika hali ya ulevi\"}', '{\"FR\":\"Article 489-504\",\"ENG\":\"Article 489-504\",\"KIR\":\"Ingingo 489-504\",\"KISW\":\"Sehemu ya 489-504\"}', '{\"FR\":\"Commentaire\",\"ENG\":\"Comment\",\"KIR\":\"Gira ico ubivuzeko\",\"KISW\":\"Maoni\"}', ''),
(47, 'Troubler l\'ordre et la tranquillité dans le bus', 50000, 1, 'Article 489-504', 0, 0, '', 'Commentaire', 0, 0, 'https://app.mediabox.bi/psr//uploads/dossiers_photo/220704160955pm.png', '{\"FR\":\"Troubler l\'ordre et la tranquillité dans le bus \",\"ENG\":\"Disturbing order and tranquility on the bus \",\"KIR\":\"Guhungabanya umutekano mwi bisi\",\"KISW\":\"Kuvuruga utaratibu na utulivu kwenye basi \"}', '{\"FR\":\"Article 489-504\",\"ENG\":\"Article 489-504\",\"KIR\":\"Ingingo 489-504\",\"KISW\":\"Sehemu ya 489-504\"}', '{\"FR\":\"Commentaire\",\"ENG\":\"Comment\",\"KIR\":\"Gira ico ubivuzeko\",\"KISW\":\"Maoni\"}', ''),
(48, 'Accidents de roulage non déclarés', 20000, 1, 'Article 357-358', 15, 0, '', 'Commentaire', 1, 1, 'https://app.mediabox.bi/psr//uploads/dossiers_photo/220704161007pm.png', '{\"FR\":\"Accidents de roulage non déclarés\",\"ENG\":\"Unreported road accidents\",\"KIR\":\"Impanuka yo mwibarabara itamenyeshejwe\",\"KISW\":\"Ajali za barabarani ambazo hazijaripotiwa\"}', '{\"FR\":\"Article 357-358\",\"ENG\":\"Article 357-358\",\"KIR\":\"Ingingo 489-504\",\"KISW\":\"Sehemu ya 357-358\"}', '{\"FR\":\"Commentaire\",\"ENG\":\"Comment\",\"KIR\":\"Gira ico ubivuzeko\",\"KISW\":\"Maoni\"}', '{\"FR\":\"\",\"ENG\":\"\",\"KIR\":\"\",\"KISW\":\"\"}'),
(49, 'Dépassement de la vitesse (40km/h) par les conducteurs  de bus affectés au transport urbain', 100000, 1, 'Article 488', 10, 0, '', 'Commentaire', 0, 0, 'https://app.mediabox.bi/psr//uploads/dossiers_photo/220704161816pm.jpg', '{\"FR\":\"Dépassement de la vitesse (40km/h) par les conducteurs  de bus affectés au transport urbain\",\"ENG\":\"Exceeding the speed (40km/h) per bus driver assigned to urban transport\",\"KIR\":\"Kurenza umvuduko (40 km/h) kumiduga yo mugisagara\",\"KISW\":\"Kuzidi kasi (40km/h) kwa kila dereva wa basi aliyepewa usafiri wa mijini \"}', '{\"FR\":\"Article 488\",\"ENG\":\"Article 488\",\"KIR\":\"Ingingo 488\",\"KISW\":\"Sehemu 488\"}', '{\"FR\":\"Commentaire\",\"ENG\":\"Comment\",\"KIR\":\"Gira ico ubivuzeko\",\"KISW\":\"Maoni\"}', ''),
(50, 'Dépassement de vitesse (pour les véhicules transportant les personnes)', 100000, 1, 'Article 327', 10, 0, '', 'Commentaire', 0, 1, 'https://app.mediabox.bi/psr//uploads/dossiers_photo/220704180243pm.png', '{\"FR\":\"Dépassement de vitesse (pour les véhicules transportant les personnes)\",\"ENG\":\"Speeding (for vehicles carrying people)\",\"KIR\":\"Kurenza umuvuduko(kumiduga yunguruza abantu)\",\"KISW\":\"Kuharakisha (kwa magari yanayobeba watu)\"}', '{\"FR\":\"Article 327\",\"ENG\":\"Article 327\",\"KIR\":\"Ingingo 327\",\"KISW\":\"Sehemu 327\"}', '{\"FR\":\"Commentaire\",\"ENG\":\"Comment\",\"KIR\":\"Gira ico ubivuzeko\",\"KISW\":\"Maoni\"}', '{\"FR\":\"\",\"ENG\":\"\",\"KIR\":\"\",\"KISW\":\"\"}'),
(51, 'Défaut d\'un dispositif d\'échappement silencieux', 50000, 2, 'Article136', 0, 0, '', 'Commentaire', 0, 0, 'https://app.mediabox.bi/psr//uploads/dossiers_photo/220704161838pm.png', '{\"FR\":\"Défaut d\'un dispositif d\'échappement silencieux \",\"ENG\":\"Failure of a silent exhaust device\",\"KIR\":\"Ubuhinga bwo gusohora umwuka bumeze nabi\",\"KISW\":\"Kushindwa kwa kifaa cha kutolea nje kimya\"}', '{\"FR\":\"Article136\",\"ENG\":\"Article 136\",\"KIR\":\"Ingingo 136\",\"KISW\":\"Sehemu ya 136\"}', '{\"FR\":\"Commentaire\",\"ENG\":\"Comment\",\"KIR\":\"Gira ico ubivuzeko\",\"KISW\":\"Maoni\"}', ''),
(52, 'Dépassement de la vitesse (70km/h) par les conducteurs  de bus affectés aux transports inter-urbains', 150000, 1, 'Article 488', 10, 0, '', 'Commentaire', 0, 0, 'https://app.mediabox.bi/psr//uploads/dossiers_photo/220704181200pm.jpg', '{\"FR\":\"Dépassement de la vitesse (70km/h) par les conducteurs  de bus affectés aux transports inter-urbains\",\"ENG\":\"Exceeding the speed (70km/h) by bus driver assigned to inter-urban\",\"KIR\":\"Kurenza umuvuduko (70km/h) kuba shoferi batwara ama bus aja muntara hagati\",\"KISW\":\"Kuzidi kasi (70km/h) na dereva wa basi aliyepewa usafiri wa kati ya miji\"}', '{\"FR\":\"Article 488\",\"ENG\":\"Article 488\",\"KIR\":\"Ingingo 488\",\"KISW\":\"Sehemu 488\"}', '{\"FR\":\"Commentaire\",\"ENG\":\"Comment\",\"KIR\":\"Gira ico ubivuzeko\",\"KISW\":\"Maoni\"}', ''),
(53, 'Dégrader ou souiller le matériel du bus', 50000, 1, 'Article 489-504', 0, 0, '', 'Commentaire', 0, 0, 'https://app.mediabox.bi/psr//uploads/dossiers_photo/220704162213pm.png', '{\"FR\":\"Dégrader ou souiller le matériel du bus\",\"ENG\":\"Degrade or defile the bus equipment\",\"KIR\":\"Kwonona ibikoresho vyo muri bisi\",\"KISW\":\"Degrade au defile vifaa vya basi\"}', '{\"FR\":\"Article 489-504\",\"ENG\":\"Article 489-504\",\"KIR\":\"Ingingo 489-504\",\"KISW\":\"Sehemu ya 489-504\"}', '{\"FR\":\"Commentaire\",\"ENG\":\"Comment\",\"KIR\":\"Gira ico ubivuzeko\",\"KISW\":\"Maoni\"}', ''),
(54, 'Non respect des mesures nécessaires à la libre circulation', 50000, 1, 'Article 278', 5, 0, '', 'Commentaire', 0, 0, 'https://app.mediabox.bi/psr//uploads/dossiers_photo/220704162247pm.png', '{\"FR\":\"Non respect des mesures nécessaires à la libre circulation\",\"ENG\":\"Failure to comply with the measures necessary for free movement\",\"KIR\":\"Kutubahiriza amategeko ajanye n\'uruja n\'uruza\",\"KISW\":\"Kushindwa kuzingatia hatua muhimu kwa harakati za bure\"}', '{\"FR\":\"Article 278\",\"ENG\":\"Article 278\",\"KIR\":\"Ingingo ya 278\",\"KISW\":\"Sehemu ya 278\"}', '{\"FR\":\"Commentaire\",\"ENG\":\"Comment\",\"KIR\":\"Gira ico ubivuzeko\",\"KISW\":\"Maoni\"}', ''),
(55, 'Refus de fournir des renseignements sur les accidents aux agents qualifiés', 20000, 1, 'Article 357-358', 0, 0, '', 'Commentaire', 0, 1, 'https://app.mediabox.bi/psr//uploads/dossiers_photo/220704162930pm.png', '{\"FR\":\"Refus de fournir des renseignements sur les accidents aux agents qualifiés\",\"ENG\":\"Refusal to provide accident information to qualified officers\",\"KIR\":\"Kudatanga amasura  kubateje isanganya ubazi\",\"KISW\":\"Kukataa kutoa taarifa za ajali kwa maafisa waliohitimu\"}', '{\"FR\":\"Article 357-358\",\"ENG\":\"Article 357-358\",\"KIR\":\"Ingingo 357-358\",\"KISW\":\"Sehemu ya 357-358\"}', '{\"FR\":\"Commentaire\",\"ENG\":\"Comment\",\"KIR\":\"Gira ico ubivuzeko\",\"KISW\":\"Maoni\"}', ''),
(56, 'Tout bagage repondant des odeurs, des bruits ou des saletes incommodants', 50000, 8, 'Article 489-504', 0, 0, '', 'Commentaire', 0, 1, 'https://app.mediabox.bi/psr//uploads/dossiers_photo/220704192035pm.jpg', '{\"FR\":\"Tout bagage repondant des odeurs, des bruits ou des saletes incommodants\",\"ENG\":\"Any luggage that responds to unpleasant smells, noises or dirt\",\"KIR\":\"Ibintu vyose vyumucafu bitera nkumunuko\",\"KISW\":\"Mzigo wowote unaojibu harufu mbaya, kelele au uchafu\"}', '{\"FR\":\"Article 489-504\",\"ENG\":\"Article 489-504\",\"KIR\":\"Ingingo 489-504\",\"KISW\":\"Sehemu ya 489-504\"}', '{\"FR\":\"Commentaire\",\"ENG\":\"Comment\",\"KIR\":\"Gira ico ubivuzeko\",\"KISW\":\"Maoni\"}', '{\"FR\":\"Commentaire\",\"ENG\":\"Comment\",\"KIR\":\"Gira ico ubivuzeko\",\"KISW\":\"Maoni\"}'),
(57, 'Défaut des feux de signalisations', 10000, 2, 'Article 360-373', 0, 0, '', 'Commentaire', 0, 0, 'https://app.mediabox.bi/psr//uploads/dossiers_photo/220704163057pm.png', '{\"FR\":\"Défaut des feux de signalisations\",\"ENG\":\" Fault in traffic lights\",\"KIR\":\"Amatara y\'umuduga ameze nabi\",\"KISW\":\"Hitilafu katika taa za trafiki\"}', '{\"FR\":\"Article 360-373\",\"ENG\":\"Article 360-373\",\"KIR\":\"Ingingo 360-373\",\"KISW\":\"Sehemu ya 360-373\"}', '{\"FR\":\"Commentaire\",\"ENG\":\"Comment\",\"KIR\":\"Gira ico ubivuzeko\",\"KISW\":\"Maoni\"}', ''),
(58, 'Dégradation de la chaussée', 50000, 1, 'Article 282', 0, 2, 'Séléctionner le type de véhicule', 'Commentaire', 0, 0, 'https://app.mediabox.bi/psr//uploads/dossiers_photo/220704163310pm.png', '{\"FR\":\"Dégradation de la chaussée\",\"ENG\":\"Pavement degradation\",\"KIR\":\"Ukwonona ibarabara\",\"KISW\":\"Uharibifu wa lami\"}', '{\"FR\":\"Article 282\",\"ENG\":\"Article 282\",\"KIR\":\"Ingingo 282\",\"KISW\":\"Sehemu 282\"}', '{\"FR\":\"Commentaire\",\"ENG\":\"Comment\",\"KIR\":\"Gira ico ubivuzeko\",\"KISW\":\"Maoni\"}', '{\"FR\":\"Séléctionner le type de véhicule\",\"ENG\":\"Select vehicle type\",\"KIR\":\"Mucagure ubwoko bwumuduga\",\"KISW\":\"Chagua aina ya gari\"}'),
(59, 'Arrêt ou stationnement interdit', 50000, 1, 'Article.338 à 342', 0, 0, '', 'Commentaire', 0, 0, 'https://app.mediabox.bi/psr//uploads/dossiers_photo/220704163533pm.jpg', '{\"FR\":\"Arrêt ou stationnement interdit\",\"ENG\":\"Stopping or parking prohibited\",\"KIR\":\"Guhagarara ahantu hatemerewe namategeko\",\"KISW\":\"Kusimamisha au kuegesha ni marufuku\"}', '{\"FR\":\"Article.338 à 342\",\"ENG\":\"Article.338 to 342\",\"KIR\":\"Ingingo ya 338 na 342\",\"KISW\":\"Sehemu ya 338\"}', '{\"FR\":\"Commentaire\",\"ENG\":\"Comment\",\"KIR\":\"Gira ico ubivuzeko\",\"KISW\":\"Maoni\"}', ''),
(60, 'Quêter ou vendre quoi que ce soit dans le véhicule', 50000, 1, 'Article 489-504', 0, 0, '', 'Commentaire', 0, 0, 'https://app.mediabox.bi/psr//uploads/dossiers_photo/220704163612pm.png', '{\"FR\":\"Quêter ou vendre quoi que ce soit dans le véhicule\",\"ENG\":\"Begging or selling anything in the vehicle\",\"KIR\":\"Kugurisha canke kugura ibintu mwi bisi\",\"KISW\":\"Kuomba au kuuza kitu chochote kwenye gari\"}', '{\"FR\":\"Article 489-504\",\"ENG\":\"Article 489-504\",\"KIR\":\"Ingingo 489-504\",\"KISW\":\"Sehemu ya 489-504\"}', '{\"FR\":\"Commentaire\",\"ENG\":\"Comment\",\"KIR\":\"Gira ico ubivuzeko\",\"KISW\":\"Maoni\"}', ''),
(61, 'Véhicule en mauvais état', 50000, 2, 'Article 489-504', 0, 0, '', 'Commentaire', 0, 1, 'https://app.mediabox.bi/psr//uploads/dossiers_photo/220704163824pm.png', '{\"FR\":\"Véhicule en mauvais état\",\"ENG\":\" Vehicle in poor condition\",\"KIR\":\"Umuduga umeze nabi\",\"KISW\":\"Gari katika hali mbaya\"}', '{\"FR\":\"Article 489-504\",\"ENG\":\"Article 489-504\",\"KIR\":\"Ingingo 489-504\",\"KISW\":\"Sehemu ya 489-504\"}', '{\"FR\":\"Commentaire\",\"ENG\":\"Comment\",\"KIR\":\"Gira ico ubivuzeko\",\"KISW\":\"Maoni\"}', ''),
(63, 'Manœuvres dangereuses', 50000, 1, 'Article 323', 0, 0, '', 'Commentaires', 0, 0, 'https://app.mediabox.bi/psr//uploads/dossiers_photo/220704164217pm.png', '{\"FR\":\"Manœuvres dangereuses\",\"ENG\":\"Dangerous maneuvers\",\"KIR\":\"Gutwara nabi cane\",\"KISW\":\" Ujanja hatari\"}', '{\"FR\":\"Article 323\",\"ENG\":\"Article 323\",\"KIR\":\"Ingingo 323\",\"KISW\":\"Sehemu ya 323\"}', '{\"FR\":\"Commentaires\",\"ENG\":\"Comment\",\"KIR\":\"Gira ico ubivuzeko\",\"KISW\":\"Maoni\"}', ''),
(64, 'Entraver l\'accès ou la circulation à l\'intérieur du bus', 50000, 1, 'Article 489-504', 0, 0, '', 'Commentaire', 0, 0, 'https://app.mediabox.bi/psr//uploads/dossiers_photo/220704195251pm.png', '{\"FR\":\"Entraver l\'accès ou la circulation à l\'intérieur du bus\",\"ENG\":\"Impede access to or traffic inside the bus\",\"KIR\":\"Gutembera mwi bisi\",\"KISW\":\"Kuzuia upatikanaji au trafiki ndani ya basi\"}', '{\"FR\":\"Article 489-504\",\"ENG\":\"Article 489-504\",\"KIR\":\"Ingingo 489-504\",\"KISW\":\"Sehemu ya 489-504\"}', '{\"FR\":\"Commentaire\",\"ENG\":\"Comment\",\"KIR\":\"Gira ico ubivuzeko\",\"KISW\":\"Maoni\"}', ''),
(65, 'Conduite à une vitesse anormalement réduite', 10000, 1, 'Article 321', 10, 0, '', 'Commentaire', 0, 1, 'https://app.mediabox.bi/psr//uploads/dossiers_photo/220704192026pm.png', '{\"FR\":\"Conduite à une vitesse anormalement réduite\",\"ENG\":\"Driving at an abnormally reduced speed\",\"KIR\":\"Guteza uruhagarara  mu Kugabanya gose umuvuguko\",\"KISW\":\"Kuendesha gari kwa kasi isiyo ya kawaida\"}', '{\"FR\":\"Article 321\",\"ENG\":\"Article 321\",\"KIR\":\"Ingingo 321\",\"KISW\":\"Sehemu 321\"}', '{\"FR\":\"Commentaire\",\"ENG\":\"Comment\",\"KIR\":\"Gira ico ubivuzeko\",\"KISW\":\"Maoni\"}', '{\"FR\":\"\",\"ENG\":\"\",\"KIR\":\"\",\"KISW\":\"\"}'),
(66, 'Allumer ou fumer du tabac', 50000, 1, 'Article 489-504', 0, 0, '', 'Commentaire', 0, 0, 'https://app.mediabox.bi/psr//uploads/dossiers_photo/220704171130pm.png', '{\"FR\":\"Allumer ou fumer du tabac\",\"ENG\":\"Turning on or smoking tobacco\",\"KIR\":\"Kwatsa umuriro canke kunwera itabi mwi bisi\",\"KISW\":\"Kugeuka au kuvuta sigara\"}', '{\"FR\":\"Article 489-504\",\"ENG\":\"Article 489-504\",\"KIR\":\"Ingingo 489-504\",\"KISW\":\"Sehemu ya 489-504\"}', '{\"FR\":\"Commentaire\",\"ENG\":\"Comment\",\"KIR\":\"Gira ico ubivuzeko\",\"KISW\":\"Maoni\"}', ''),
(67, 'Violation des dispositions relatives à l\'attitude du conducteur à l’égard  des animaux', 0, 1, 'Article 17', 5, 0, '', 'Commentaire', 0, 1, 'https://app.mediabox.bi/psr//uploads/dossiers_photo/220705064835am.png', '{\"FR\":\"Violation des dispositions relatives à l\'attitude du conducteur à l’égard  des animaux\",\"ENG\":\"Violation of the provisions relating to the attitude of the driver towards animals\",\"KIR\":\"Inyifato mbi yumushoferi ariko aca hafi yibikoko \",\"KISW\":\"Ukiukaji wa masharti yanayohusiana na mtazamo wa dereva kwa wanyama\"}', '{\"FR\":\"Article 17\",\"ENG\":\"Article 17\",\"KIR\":\"Ingingo 17\",\"KISW\":\"Sehemu 17\"}', '{\"FR\":\"Commentaire\",\"ENG\":\"Comment\",\"KIR\":\"Gira ico ubivuzeko\",\"KISW\":\"Maoni\"}', '{\"FR\":\"\",\"ENG\":\"\",\"KIR\":\"\",\"KISW\":\"\"}'),
(68, 'Se saisir d\'un organe de marche ou de manœuvre du véhicule', 50000, 1, 'Article 489-504', 0, 0, '', 'Commentaire', 0, 0, 'https://app.mediabox.bi/psr//uploads/dossiers_photo/220704173222pm.jpg', '{\"FR\":\"Se saisir d\'un organe de marche ou de manœuvre du véhicule\",\"ENG\":\"Seize a vehicle\'s running or operating device\",\"KIR\":\"Kujuragirika ahantu hatemewe\",\"KISW\":\"Chukua kifaa kinachoendeshwa au kinachoendesha gari\"}', '{\"FR\":\"Article 489-504\",\"ENG\":\"Article 489-504\",\"KIR\":\"Ingingo 489-504\",\"KISW\":\"Sehemu ya 489-504\"}', '{\"FR\":\"Commentaire\",\"ENG\":\"Comment\",\"KIR\":\"Gira ico ubivuzeko\",\"KISW\":\"Maoni\"}', ''),
(69, 'Circulation en sens unique', 0, 1, 'Article 18', 10, 0, '', 'Commentaire', 0, 0, 'https://app.mediabox.bi/psr//uploads/dossiers_photo/220704182119pm.png', '{\"FR\":\"Circulation en sens unique\",\"ENG\":\"One-way traffic\",\"KIR\":\"Guca kuruhande rutarigwo\",\"KISW\":\"Trafiki ya njia moja\"}', '{\"FR\":\"Article 18\",\"ENG\":\"Article 18\",\"KIR\":\"Ingingo 18\",\"KISW\":\"Sehemu 18\"}', '{\"FR\":\"Commentaire\",\"ENG\":\"Comment\",\"KIR\":\"Gira ico ubivuzeko\",\"KISW\":\"Maoni\"}', '{\"FR\":\"\",\"ENG\":\"\",\"KIR\":\"\",\"KISW\":\"\"}'),
(70, 'Stationnement sur les trottoirs; Refuges; accotements en saisie ou piste cyclables', 0, 1, '', 5, 0, '', 'Commentaire', 0, 1, 'https://app.mediabox.bi/psr//uploads/dossiers_photo/220704173755pm.png', '{\"FR\":\"Stationnement sur les trottoirs; Refuges; accotements en saisie ou piste cyclables\",\"ENG\":\"Parking on sidewalks; Shelters; grasping shoulders or bike paths\",\"KIR\":\"Gupariha ahariko hasanurwa kuma trotwari canke kuma piste\",\"KISW\":\"Maegesho kwenye barabara za kando; Shelters; kushika mabega au njia za baiskeli\"}', '', '{\"FR\":\"Commentaire\",\"ENG\":\"Comment\",\"KIR\":\"Gira ico ubivuzeko\",\"KISW\":\"Maoni\"}', '{\"FR\":\"undefined\",\"ENG\":\"comments\",\"KIR\":\"Gira ico ubivuzeko\",\"KISW\":\"Maoni\"}'),
(71, 'Refus de  présenter  son permis de conduire', 0, 1, 'Article 18', 10, 0, '', 'Commentaire', 0, 0, 'https://app.mediabox.bi/psr//uploads/dossiers_photo/220704174352pm.png', '{\"FR\":\"Refus de  présenter  son permis de conduire\",\"ENG\":\"Refusal to show driver\'s license\",\"KIR\":\"Kwanka gutanga permis\",\"KISW\":\"Kukataa kuonyesha leseni ya udereva\"}', '{\"FR\":\"Article 18\",\"ENG\":\"Section 18\",\"KIR\":\"Ingingo ya 18\",\"KISW\":\"Sehemu ya 18\"}', '{\"FR\":\"Commentaire\",\"ENG\":\"Comment\",\"KIR\":\"Gira ico ubivuzeko\",\"KISW\":\"Maoni\"}', ''),
(72, 'Conduite sur la chaussée à une vitesse anormalement réduite', 0, 1, 'Article 17', 10, 0, '', 'Commentaire', 0, 0, 'https://app.mediabox.bi/psr//uploads/dossiers_photo/220704174627pm.png', '{\"FR\":\"Conduite sur la chaussée à une vitesse anormalement réduite\",\"ENG\":\"Driving on the roadway at an abnormally reduced speed\",\"KIR\":\"Kugendesha kumuvuduko ugabanije cane  mwibarabara\",\"KISW\":\"Kuendesha gari kwenye barabara kwa kasi isiyo ya kawaida\"}', '{\"FR\":\"Article 17\",\"ENG\":\"Article 17\",\"KIR\":\"Ingingo 17\",\"KISW\":\"Sehemu ya 17\"}', '{\"FR\":\"Commentaire\",\"ENG\":\"Comment\",\"KIR\":\"Gira ico ubivuzeko\",\"KISW\":\"Maoni\"}', '{\"FR\":\"\",\"ENG\":\"\",\"KIR\":\"\",\"KISW\":\"\"}'),
(73, 'Délit de fuite', 0, 1, 'Article 19', 15, 0, '', 'Commentaire', 0, 0, 'https://app.mediabox.bi/psr//uploads/dossiers_photo/220704174849pm.jpg', '{\"FR\":\"Délit de fuite\",\"ENG\":\"Hit-and-run\",\"KIR\":\"Kugerageza guhunga\",\"KISW\":\"Hit-na-run\"}', '{\"FR\":\"Article 19\",\"ENG\":\"Article 19\",\"KIR\":\"Ingingo ya 19\",\"KISW\":\"Sehemu ya 19\"}', '{\"FR\":\"Commentaire\",\"ENG\":\"Comment\",\"KIR\":\"Gira ico ubivuzeko\",\"KISW\":\"Maoni\"}', ''),
(74, 'Dépassement dangereux', 0, 1, 'Article 18', 10, 0, '', 'Commentaire', 0, 0, 'https://app.mediabox.bi/psr//uploads/dossiers_photo/220704175123pm.jpg', '{\"FR\":\"Dépassement dangereux\",\"ENG\":\"Dangerous overtaking\",\"KIR\":\"Kudubura umuduga nabi\",\"KISW\":\"Kupita kwa hatari\"}', '{\"FR\":\"Article 18\",\"ENG\":\"Article 18\",\"KIR\":\"Ingingo ya 18\",\"KISW\":\"Sehemu ya 18\"}', '{\"FR\":\"Commentaire\",\"ENG\":\"Comment\",\"KIR\":\"Gira ico ubivuzeko\",\"KISW\":\"Maoni\"}', ''),
(75, 'Non utilisation des feux de signalisation à bon escient', 0, 1, 'Article 17', 5, 0, '', 'Commentaire', 0, 1, 'https://app.mediabox.bi/psr//uploads/dossiers_photo/220704175448pm.png', '{\"FR\":\"Non utilisation des feux de signalisation à bon escient\",\"ENG\":\"Failure to use traffic lights wisely\",\"KIR\":\"Kutubahiriza  amatara yo kwibarabara\",\"KISW\":\"Kushindwa kutumia taa za trafiki kwa busara\"}', '{\"FR\":\"Article 17\",\"ENG\":\"Article 17\",\"KIR\":\"Ingingo 17\",\"KISW\":\"Sehemu ya 17\"}', '{\"FR\":\"Commentaire\",\"ENG\":\"Comment\",\"KIR\":\"Gira ico ubivuzeko\",\"KISW\":\"Maoni\"}', '{\"FR\":\"undefined\",\"ENG\":\"comments\",\"KIR\":\"Gira ico ubivuzeko\",\"KISW\":\"Maoni\"}');
INSERT INTO `autres_controles_questionnaires` (`ID_CONTROLES_QUESTIONNAIRES`, `INFRACTIONS`, `MONTANT`, `ID_QUESTIONNAIRE_CATEGORIES`, `DESCRIPTION`, `POURCENTAGE`, `MANIERE_REPONSE`, `LABEL_REPONSE`, `DESCR_LABEL`, `NEED_IDENTITE`, `NEED_IMAGE`, `ICON`, `INFRA_TRADUCTION`, `DESC_TRADUCTION`, `DESC_LABEL_TRADUCTION`, `LABEL_TRADUCTION`) VALUES
(76, 'Conduite en état d\'ivresse', 0, 1, 'Article 17', 5, 0, '', 'Commentaire', 0, 1, 'https://app.mediabox.bi/psr//uploads/dossiers_photo/220704180307pm.jpg', '{\"FR\":\"Conduite en état d\'ivresse\",\"ENG\":\"Driving while intoxicated\",\"KIR\":\"Gutwara imodoka waborewe\",\"KISW\":\"Kuendesha gari ukiwa umelewa\"}', '{\"FR\":\"Article 17\",\"ENG\":\"Article 17\",\"KIR\":\"Ingingo 17\",\"KISW\":\"Sehemu 17\"}', '{\"FR\":\"Commentaire\",\"ENG\":\"Comment\",\"KIR\":\"Gira ico ubivuzeko\",\"KISW\":\"Maoni\"}', '{\"FR\":\"\",\"ENG\":\"\",\"KIR\":\"\",\"KISW\":\"\"}'),
(77, 'Conduite sous l\'emprise de drogue', 0, 1, 'Article 20', 20, 0, '', 'Commentaire', 0, 0, 'https://app.mediabox.bi/psr//uploads/dossiers_photo/220704180627pm.png', '{\"FR\":\"Conduite sous l\'emprise de drogue\",\"ENG\":\"Driving under the influence of drugs\",\"KIR\":\"Kugwara umuduga wanyoye ibiboreza\",\"KISW\":\"Kuendesha gari chini ya ushawishi wa madawa ya kulevya\"}', '{\"FR\":\"Article 20\",\"ENG\":\"Section 20\",\"KIR\":\"Ingingo ya 20\",\"KISW\":\"Sehemu ya 20\"}', '{\"FR\":\"Commentaire\",\"ENG\":\"Comment\",\"KIR\":\"Gira ico ubivuzeko\",\"KISW\":\"Maoni\"}', ''),
(78, 'Franchissement d\'une ligne continue', 0, 1, 'Article 17', 5, 0, '', 'Commentaire', 0, 1, 'https://app.mediabox.bi/psr//uploads/dossiers_photo/220707071744am.png', '{\"FR\":\"Franchissement d\'une ligne continue\",\"ENG\":\"Crossing a solid line\",\"KIR\":\"Kurenga umurongo ugabura ibarabara\",\"KISW\":\"Kuvuka mstari thabiti\"}', '{\"FR\":\"Article 17\",\"ENG\":\"Article 17\",\"KIR\":\"Ingingo 17\",\"KISW\":\"Sehemu 17\"}', '{\"FR\":\"Commentaire\",\"ENG\":\"Comment\",\"KIR\":\"Gira ico ubivuzeko\",\"KISW\":\"Maoni\"}', '{\"FR\":\"\",\"ENG\":\"\",\"KIR\":\"\",\"KISW\":\"\"}'),
(79, 'Outrage envers un agent qualifie', 0, 1, 'Article 18', 10, 0, '', 'Commentaire', 0, 0, 'https://app.mediabox.bi/psr//uploads/dossiers_photo/220704180809pm.jpg', '{\"FR\":\"Outrage envers un agent qualifie\",\"ENG\":\"Contempt of qualified officer\",\"KIR\":\"Kutubahiriza umupolisi uruja n\'uruza\",\"KISW\":\"Kudharau afisa aliyehitimu\"}', '{\"FR\":\"Article 18\",\"ENG\":\"Article 18\",\"KIR\":\"Ingingo 18\",\"KISW\":\"Sehemu ya 18\"}', '{\"FR\":\"Commentaire\",\"ENG\":\"Comment\",\"KIR\":\"Gira ico ubivuzeko\",\"KISW\":\"Maoni\"}', ''),
(80, 'Refus de priorité', 0, 1, 'Article 18', 10, 0, '', 'Commentaire', 0, 0, 'https://app.mediabox.bi/psr//uploads/dossiers_photo/220704181323pm.png', '{\"FR\":\"Refus de priorité\",\"ENG\":\"Refusal of priority\",\"KIR\":\"Kwanka gutanga inzira\",\"KISW\":\"Kukataa kipaumbele\"}', '{\"FR\":\"Article 18\",\"ENG\":\"Article 18\",\"KIR\":\"Ingingo 18\",\"KISW\":\"Sehemu ya 18\"}', '{\"FR\":\"Commentaire\",\"ENG\":\"Comment\",\"KIR\":\"Gira ico ubivuzeko\",\"KISW\":\"Maoni\"}', ''),
(82, 'Non respect de la signalisation routière ou des panneaux de signalisation installés ou placés sur la voie publique', 0, 1, 'Article 17', 5, 0, '', 'Commentaire', 0, 1, 'https://app.mediabox.bi/psr//uploads/dossiers_photo/220704181419pm.png', '{\"FR\":\"Non respect de la signalisation routière ou des panneaux de signalisation installés ou placés sur la voie publique\",\"ENG\":\"Non-compliance with road signs or road signs installed or placed on public roads\",\"KIR\":\"Ukutubahiriza amategeko y\'ibarabara n\'ivyapa\",\"KISW\":\"Kutofuata alama za barabarani au alama za barabarani zilizowekwa au kuwekwa kwenye barabara za umma\"}', '{\"FR\":\"Article 17\",\"ENG\":\"Article 17\",\"KIR\":\"Ingingo 17\",\"KISW\":\"Sehemu 17\"}', '{\"FR\":\"Commentaire\",\"ENG\":\"Comment\",\"KIR\":\"Gira ico ubivuzeko\",\"KISW\":\"Maoni\"}', '{\"FR\":\"undefined\",\"ENG\":\"comments\",\"KIR\":\"Gira ico ubivuzeko\",\"KISW\":\"Maoni\"}'),
(83, 'Récidive', 0, 1, 'Article 19', 15, 0, '', 'Commentaire', 0, 0, 'https://app.mediabox.bi/psr//uploads/dossiers_photo/220704181544pm.png', '{\"FR\":\"Récidive\",\"ENG\":\"Recidivism\",\"KIR\":\"Gukora ikosa wahaniwe ubwa mbere\",\"KISW\":\"Recidivism\"}', '{\"FR\":\"Article 19\",\"ENG\":\"Article 19\",\"KIR\":\"Ingingo ya 19\",\"KISW\":\"Sehemu ya 19\"}', '{\"FR\":\"Commentaire\",\"ENG\":\"Comment\",\"KIR\":\"Gira ico ubivuzeko\",\"KISW\":\"Maoni\"}', ''),
(84, 'Non respect de la majorité', 0, 1, 'Article 17', 5, 0, '', 'Commentaire', 0, 1, 'https://app.mediabox.bi/psr//uploads/dossiers_photo/220704181707pm.jpg', '{\"FR\":\"Non respect de la majorité\",\"ENG\":\"Non-respect of majority\",\"KIR\":\"Ukutagira indero\",\"KISW\":\"Kutokuwa na heshima kwa wengi\"}', '{\"FR\":\"Article 17\",\"ENG\":\"Arti 17\",\"KIR\":\"Ingingo 17\",\"KISW\":\"Sehemu 17\"}', '{\"FR\":\"Commentaire\",\"ENG\":\"Comment\",\"KIR\":\"Gira ico ubivuzeko\",\"KISW\":\"Maoni\"}', '{\"FR\":\"undefined\",\"ENG\":\"Comment\",\"KIR\":\"Gira ico ubivuzeko\",\"KISW\":\"Maoni\"}'),
(85, 'Conduite pendant la période de rétention du permis de conduire', 0, 1, 'Article 18', 10, 0, '', 'Commentaire', 0, 1, 'https://app.mediabox.bi/psr//uploads/dossiers_photo/220704181711pm.png', '{\"FR\":\"Conduite pendant la période de rétention du permis de conduire\",\"ENG\":\" Driving during license retention period\",\"KIR\":\"Gutwara umuduga baragufatiye permis\",\"KISW\":\"Kuendesha gari wakati wa kipindi cha kuhifadhi leseni\"}', '{\"FR\":\"Article 18\",\"ENG\":\"Article 18\",\"KIR\":\"Ingingo ya 18\",\"KISW\":\"Sehemu ya 18\"}', '{\"FR\":\"Commentaire\",\"ENG\":\"Comment\",\"KIR\":\"Gira ico ubivuzeko\",\"KISW\":\"Maoni\"}', ''),
(86, 'Mauvais stationnement', 0, 1, 'Article 17', 5, 0, '', 'Commentaire', 0, 1, 'https://app.mediabox.bi/psr//uploads/dossiers_photo/220705081126am.png', '{\"FR\":\"Mouvais stationnement\",\"ENG\":\"Bad parking\",\"KIR\":\"Guparika nabi\",\"KISW\":\"Maegesho ya Mouvais\"}', '{\"FR\":\"Article 17\",\"ENG\":\"Article 17\",\"KIR\":\"Ingingo 17\",\"KISW\":\"Sehemu 17\"}', '{\"FR\":\"Commentaire\",\"ENG\":\"Comment\",\"KIR\":\"Gira ico ubivuzeko\",\"KISW\":\"Maoni\"}', '{\"FR\":\"undefined\",\"ENG\":\"comments\",\"KIR\":\"Gira ico ubivuzeko\",\"KISW\":\"Maoni\"}'),
(87, 'Conduite en état d\'ivresse ayant entrainé la commission d\'autres infractions', 0, 1, 'Article 20', 20, 0, '', 'Commentaire', 0, 0, 'https://app.mediabox.bi/psr//uploads/dossiers_photo/220704182753pm.png', '{\"FR\":\"Conduite en état d\'ivresse ayant entrainé la commission d\'autres infractions\",\"ENG\":\"Drunk driving resulting in the commission of other offenses\",\"KIR\":\"Gutwara uborewe ukaba wanakoze ayandi makosa\",\"KISW\":\"Kuendesha gari kwa ulevi na kusababisha kutendeka kwa makosa mengine\"}', '{\"FR\":\"Article 20\",\"ENG\":\"Section 20\",\"KIR\":\"Ingingo ya 20\",\"KISW\":\"Sehemu ya 20\"}', '{\"FR\":\"Commentaire\",\"ENG\":\"Comment\",\"KIR\":\"Gira ico ubivuzeko\",\"KISW\":\"Maoni\"}', ''),
(88, 'Conduite pendant la période de suspension du permis de conduire', 0, 1, 'Article 19', 15, 0, '', 'Commentaire', 0, 1, 'https://app.mediabox.bi/psr//uploads/dossiers_photo/220704192809pm.png', '{\"FR\":\"Conduite pendant la période suspension du permis de conduire\",\"ENG\":\"Driving during the period of suspension of the driving licence\",\"KIR\":\"Kugengesha imodoka warahagaritswe\",\"KISW\":\"Kuendesha gari wakati wa kusimamishwa kwa leseni ya kuendesha gari\"}', '{\"FR\":\"Article 19\",\"ENG\":\"Article 19\",\"KIR\":\"Ingingo 19\",\"KISW\":\"Sehemu 19\"}', '{\"FR\":\"Commentaire\",\"ENG\":\"Comment\",\"KIR\":\"Gira ico ubivuzeko\",\"KISW\":\"Maoni\"}', '{\"FR\":\"\",\"ENG\":\"\",\"KIR\":\"\",\"KISW\":\"\"}'),
(89, 'Arrêt ou stationnement au milieu de la chaussée', 0, 1, 'Article 20', 20, 0, '', 'Commentaire', 1, 1, 'https://app.mediabox.bi/psr//uploads/dossiers_photo/220704190956pm.png', '{\"FR\":\"Arrêt ou stationnement au milieu de la chaussée\",\"ENG\":\"Stop or park in the middle of the road\",\"KIR\":\"Guhagarara canke guparika hagati mwibarabara\",\"KISW\":\"Simamisha au uegeshe katikati ya barabara\"}', '{\"FR\":\"Article 20\",\"ENG\":\"Article 20\",\"KIR\":\"Ingingo 20\",\"KISW\":\"Sehemu 20\"}', '{\"FR\":\"Commentaire\",\"ENG\":\"Comment\",\"KIR\":\"Gira ico ubivuzeko\",\"KISW\":\"Maoni\"}', ''),
(90, 'Surnombre de personnes', 0, 1, 'Article 18', 10, 0, '', 'Commentaire', 0, 0, 'https://app.mediabox.bi/psr//uploads/dossiers_photo/220704183239pm.png', '{\"FR\":\"Surnombre de personnes\",\"ENG\":\"Overcrowding\",\"KIR\":\"Kurenza abantu\",\"KISW\":\"Msongamano\"}', '{\"FR\":\"Article 18\",\"ENG\":\"Article 18\",\"KIR\":\"Ingingo 18\",\"KISW\":\"Sehemu ya 18\"}', '{\"FR\":\"Commentaire\",\"ENG\":\"Comment\",\"KIR\":\"Gira ico ubivuzeko\",\"KISW\":\"Maoni\"}', ''),
(91, 'Non respect de l\'arrêt  au feu rouge  ou au stop', 0, 1, 'Article .20', 20, 0, '', 'Commentaire', 0, 0, 'https://app.mediabox.bi/psr//uploads/dossiers_photo/220704183522pm.png', '{\"FR\":\"Non respect de l\'arrêt  au feu rouge  ou au stop\",\"ENG\":\"Failure to stop at a red light or stop sign\",\"KIR\":\"Kudakurikiza amatara yo kumabarabara\",\"KISW\":\"Kushindwa kusimama kwenye taa nyekundu au ishara ya kuacha\"}', '{\"FR\":\"Article .20\",\"ENG\":\"Article 20\",\"KIR\":\"Ingingo ya 20\",\"KISW\":\"Sehemu ya 20\"}', '{\"FR\":\"Commentaire\",\"ENG\":\"Comment\",\"KIR\":\"Gira ico ubivuzeko\",\"KISW\":\"Maoni\"}', ''),
(92, 'Conduite vec un degré d\'alcool dans le sang supérieur au seuil légal', 0, 1, 'Article 19', 15, 0, '', 'Commentaire', 0, 1, 'https://app.mediabox.bi/psr//uploads/dossiers_photo/220704183609pm.png', '{\"FR\":\"Conduite vec un degré d\'alcool dans le sang supérieur au seuil légal\",\"ENG\":\"Driving with a degree of alcohol in the blood above the legal threshold\",\"KIR\":\"igipimo c\'inzoga kirenze\",\"KISW\":\"Kuendesha gari na kiwango cha pombe katika damu juu ya kizingiti cha kisheria\"}', '{\"FR\":\"Article 19\",\"ENG\":\"Article 19\",\"KIR\":\"Ingingo 19\",\"KISW\":\"Sehemu 19\"}', '{\"FR\":\"Commentaire\",\"ENG\":\"Comment\",\"KIR\":\"Gira ico ubivuzeko\",\"KISW\":\"Maoni\"}', '{\"FR\":\"\",\"ENG\":\"\",\"KIR\":\"\",\"KISW\":\"\"}'),
(93, 'Refus d\'obtempérer aux injonctions d\'un agent qualifié', 0, 1, 'Article 19', 15, 0, '', 'Commentaire', 0, 0, 'https://app.mediabox.bi/psr//uploads/dossiers_photo/220704184000pm.jpg', '{\"FR\":\"Refus d\'obtempérer aux injonctions d\'un agent qualifié\",\"ENG\":\"Refusal to obey the orders of a qualified officer\",\"KIR\":\"Kureka kwumvira amategeko yumu porisi\",\"KISW\":\"Kukataa kutii maagizo ya wakala aliyehitimu\"}', '{\"FR\":\"Article 19\",\"ENG\":\"Section 19\",\"KIR\":\"Ingingo ya 19\",\"KISW\":\"Sehemu ya 19\"}', '{\"FR\":\"Commentaire\",\"ENG\":\"Comment\",\"KIR\":\"Gira ico ubivuzeko\",\"KISW\":\"Maoni\"}', ''),
(94, 'Conduite pendant la période de retrait temporaire du permis de conduire', 0, 1, 'Article 20', 20, 0, '', 'Commentaire', 0, 1, 'https://app.mediabox.bi/psr//uploads/dossiers_photo/220707070745am.png', '{\"FR\":\"Conduite pendant la période de retrait temporaire du permis de conduire\",\"ENG\":\"Driving during the period of temporary suspension of the driving license\",\"KIR\":\"Kugendesha imoto mugihe cihagarikwa ca peremi\",\"KISW\":\"Kuendesha gari wakati wa kusimamishwa kwa muda kwa leseni ya kuendesha gari\"}', '{\"FR\":\"Article 20\",\"ENG\":\"Article 20\",\"KIR\":\"Ingingo 20\",\"KISW\":\"Sehemu 20\"}', '{\"FR\":\"Commentaire\",\"ENG\":\"Comment\",\"KIR\":\"Gira ico ubivuzeko\",\"KISW\":\"Maoni\"}', '{\"FR\":\"\",\"ENG\":\"\",\"KIR\":\"\",\"KISW\":\"\"}'),
(96, 'Lutte de vitesse', 0, 1, 'Article 20', 20, 2, 'Decrivez la lutte de vitesse', 'Commentaire', 0, 0, 'https://app.mediabox.bi/psr//uploads/dossiers_photo/220704184234pm.png', '{\"FR\":\"Lutte de vitesse\",\"ENG\":\"Speed ​​struggles\",\"KIR\":\"Kwiruka cane\",\"KISW\":\"Mapambano ya kasi\"}', '{\"FR\":\"Article 20\",\"ENG\":\"Article 20\",\"KIR\":\"Ingingo ya 20\",\"KISW\":\"Sehemu ya 20\"}', '{\"FR\":\"Commentaire\",\"ENG\":\"Comment\",\"KIR\":\"Gira ico ubivuzeko\",\"KISW\":\"Maoni\"}', '{\"FR\":\"Decrivez la lutte de vitesse\",\"ENG\":\"Describe the speed fight\",\"KIR\":\"Sigura uko yarengeje umuvuduko\",\"KISW\":\"Eleza mapambano ya kasi\"}'),
(97, 'Conduite dangereuse', 0, 1, 'Article 19', 15, 2, 'Spécifiez ces conduites dangereuses', 'Commentaire', 0, 0, 'https://app.mediabox.bi/psr//uploads/dossiers_photo/220704190608pm.png', '{\"FR\":\"Conduite dangereuse\",\"ENG\":\"Dangerous driving\",\"KIR\":\"Gutwara nabi cane\",\"KISW\":\"Kuendesha gari hatari\"}', '{\"FR\":\"Article 19\",\"ENG\":\"Article 19\",\"KIR\":\"Ingingo ya 19\",\"KISW\":\"Sehemu ya 19\"}', '{\"FR\":\"Commentaire\",\"ENG\":\"Comment\",\"KIR\":\"Gira ico ubivuzeko\",\"KISW\":\"Maoni\"}', '{\"FR\":\"Spécifiez ces conduites dangereuses\",\"ENG\":\"Specify these dangerous behaviors\",\"KIR\":\"Vuga ingene atwara nabi\",\"KISW\":\"Bainisha tabia hizi hatari\"}'),
(98, 'Accident', 0, 6, 'Accident de la route', 0, 0, '', '', 0, 0, 'https://app.mediabox.bi/psr//uploads/dossiers_photo/220530150920pm.png', '{\"FR\":\"Accident\",\"ENG\":\"Accident\",\"KIR\":\"Isanganya\",\"KISW\":\"Ajali\"}', '{\"FR\":\"Accident de la route\",\"ENG\":\"Road accident\",\"KIR\":\"Isanganya munzira\",\"KISW\":\"Ajali ya barabarani\"}', '{\"FR\":\"\",\"ENG\":\"\",\"KIR\":\"\",\"KISW\":\"\"}', ''),
(99, 'Non respect code de la route', 0, 6, 'Non respect code de la route', 0, 0, '', '', 0, NULL, 'https://app.mediabox.bi/psr//uploads/dossiers_photo/220530151154pm.jpg', '{\"FR\":\"Non respect code de la route\",\"ENG\":\"Non-compliance with the rules of the road\",\"KIR\":\"Kutubahiriza amategeko y\'ibarabara\",\"KISW\":\"Kutofuata sheria za barabara\"}', '{\"FR\":\"Non respect code de la route\",\"ENG\":\"Non-compliance with the rules of the road\",\"KIR\":\"Kutubahiriza amategeko y\'ibarabara\",\"KISW\":\"Kutofuata sheria za barabara\"}', '', ''),
(100, 'Appel d\'urgence', 0, 6, 'Appel d\'urgence', 0, 0, '', '', 0, NULL, 'https://app.mediabox.bi/psr//uploads/dossiers_photo/220530151303pm.jpg', '{\"FR\":\"Appel d\'urgence\",\"ENG\":\"Emergency call\",\"KIR\":\"Gutabaza\",\"KISW\":\"Simu ya dharura\"}', '{\"FR\":\"Appel d\'urgence\",\"ENG\":\"Emergency call\",\"KIR\":\"Gutabaza\",\"KISW\":\"Simu ya dharura\"}', '', ''),
(101, 'Délit de fuite', 0, 6, 'Fuite', 0, 0, '', '', 0, 0, 'https://app.mediabox.bi/psr//uploads/dossiers_photo/220530151537pm.jpg', '{\"FR\":\"Délit de fuite\",\"ENG\":\"Hit and run\",\"KIR\":\"Kugerageza guhunga\",\"KISW\":\"Piga na kukimbia\"}', '{\"FR\":\"Fuite\",\"ENG\":\"Leak\",\"KIR\":\"Guhunga\",\"KISW\":\"Kuvuja\"}', '', ''),
(102, 'Véhicule immobilisé sur la chaussée', 25000, 6, 'Véhicule', 0, 0, '', '', 0, 0, 'https://app.mediabox.bi/psr//uploads/dossiers_photo/220530151741pm.png', '{\"FR\":\"Véhicule immobilisé sur la chaussée\",\"ENG\":\"Vehicle immobilized on the road\",\"KIR\":\"Umuduga uhagaze mw\'ibarabara\",\"KISW\":\"Gari ikiwa imezimwa barabarani\"}', '{\"FR\":\"Véhicule\",\"ENG\":\"Vehicle\",\"KIR\":\"ingendeshwa\",\"KISW\":\"Gari\"}', '', ''),
(103, 'Catastrophe naturel', 0, 6, 'Vent fort,tremblement', 0, 0, '', '', 0, 0, 'https://app.mediabox.bi/psr//uploads/dossiers_photo/220530151901pm.png', '{\"FR\":\"Catastrophe naturel\",\"ENG\":\"Natural disaster\",\"KIR\":\"Ibidukikije\",\"KISW\":\"Janga la asili\"}', '{\"FR\":\"Vent fort,tremblement\",\"ENG\":\"Strong wind,tremor\",\"KIR\":\"Umuyaga mwinshi,nyamugigima\",\"KISW\":\"Upepo mkali,tremor\"}', '', ''),
(104, 'Trafic ou embouteillage  sur une chaussée', 0, 6, 'Désordre inattendu', 0, 0, '', '', 0, 0, 'https://app.mediabox.bi/psr//uploads/dossiers_photo/220530152238pm.jpg', '{\"FR\":\"Trafic ou embouteillage  sur une chaussée\",\"ENG\":\"Traffic or traffic jam on a roadway\",\"KIR\":\"Imodoka nyinshi mwibarabara\",\"KISW\":\"Msongamano wa magari au msongamano kwenye barabara\"}', '{\"FR\":\"Désordre inattendu\",\"ENG\":\"Unexpected disorder\",\"KIR\":\"Akajagari katitezwe\",\"KISW\":\"Ugonjwa usiotarajiwa\"}', '', ''),
(105, 'Griller les feux', 50000, 3, 'Un chauffeur qui ne respecte pas les feux ', 0, 2, 'Qu\'est ce qu\'il n\'a pas respecté', 'Autre constat', 0, 0, 'https://app.mediabox.bi/psr//uploads/dossiers_photo/220530093840am.jpg', '{\"FR\":\"Griller les feux\",\"ENG\":\"Grilling the lights\",\"KIR\":\"Kubandanya itara ryaguhagaritse\",\"KISW\":\"Kuchoma moto\"}', '{\"FR\":\"Un chauffeur qui ne respecte pas les feux \",\"ENG\":\"A driver who does not respect the lights\",\"KIR\":\"umushoferi atubahiriza amatara\",\"KISW\":\"Dereva ambaye haheshimu taa\"}', '{\"FR\":\"Autre constat\",\"ENG\":\" Another finding\",\"KIR\":\"Izindi nsiguro\",\"KISW\":\"Angalizo lingine\"}', '{\"FR\":\"Qu\'est ce qu\'il n\'a pas respecté\",\"ENG\":\"What did he disrespect?\",\"KIR\":\"Nirihe tara atubahirije\",\"KISW\":\"Kitu ambacho hakuwa na heshima\"}'),
(106, 'Corruption', 0, 4, 'Un policier qui essaie de corrompre', 0, 2, 'Décrivez la nature de la corruption', 'Autre constat', 0, 0, 'https://app.mediabox.bi/psr//uploads/dossiers_photo/220706082700am.png', '{\"FR\":\"Corruption\",\"ENG\":\"Corruption\",\"KIR\":\"Igiturire\",\"KISW\":\"Rushwa\"}', '{\"FR\":\"Un policier qui essaie de corrompre\",\"ENG\":\"A policeman trying to bribe\",\"KIR\":\"Kwakira canke gusaba igiturire\",\"KISW\":\"Polisi akijaribu kutoa rushwa\"}', '{\"FR\":\"Autre constat\",\"ENG\":\"Another observation\",\"KIR\":\"Izindi nsiguro mwabonye\",\"KISW\":\"Angalizo lingine\"}', '{\"FR\":\"Décrivez la nature de la corruption\",\"ENG\":\"Describe the nature of corruption\",\"KIR\":\"Musigure ubwoko bwiyo ruswa \",\"KISW\":\"Eleza hali ya ufisadi\"}'),
(107, 'Agent PNB en état d\'ivresse', 0, 4, 'Un ou plusieurs agents de la PNB ivre', 0, 2, 'Décrivez son état', 'Plus de détails', 0, 0, 'https://app.mediabox.bi/psr//uploads/dossiers_photo/220706071648am.png', '{\"FR\":\"Agent PNB en état d\'ivresse\",\"ENG\":\"PNB agent in a drunken state\",\"KIR\":\"Umupolisi aborewe\",\"KISW\":\"Wakala wa PNB katika hali ya ulevi\"}', '{\"FR\":\"Un ou plusieurs agents de la PNB ivre\",\"ENG\":\"One or more drunken PNB officers\",\"KIR\":\"Umwe canke benshi baborewe\",\"KISW\":\"Afisa mmoja au zaidi wa PNB mlevi\"}', '{\"FR\":\"Plus de détails\",\"ENG\":\"More details\",\"KIR\":\"Insiguro ziramvuye\",\"KISW\":\"Maelezo zaidi\"}', '{\"FR\":\"Décrivez son état\",\"ENG\":\"Describe its condition\",\"KIR\":\"Musigure uko yaborewe\",\"KISW\":\"Eleza hali yake\"}'),
(108, 'Autres plaintes sur les agents de la PNB', 0, 4, 'Que voulez-vous signaler ?', 0, 1, 'Décrivez en détails votre plainte', 'Autre commentaire', 0, 0, 'https://app.mediabox.bi/psr//uploads/dossiers_photo/220530175050pm.png', '{\"FR\":\"Autres plaintes sur les agents de la PNB\",\"ENG\":\"Other complaints about police officers\",\"KIR\":\"Ibindi birego kuwujejwe umutekano\",\"KISW\":\"Malalamiko mengine kuhusu maafisa wa polisi\"}', '{\"FR\":\"Que voulez-vous signaler ?\",\"ENG\":\"What you want to report?\",\"KIR\":\"Ushaka kurega iki?\",\"KISW\":\"Nini unataka kutoa taarifa?\"}', '{\"FR\":\"Autre commentaire\",\"ENG\":\"Other comments\",\"KIR\":\"Ibindi mwongerako\",\"KISW\":\"Maoni mengine\"}', '{\"FR\":\"Décrivez en détails votre plainte\",\"ENG\":\"Describe your complaint in detail\",\"KIR\":\"Musigurire izindi ngorane\",\"KISW\":\"Eleza malalamiko yako kwa undani\"}'),
(109, 'Comportement du chauffeur', 0, 3, 'Mauvais comportement d\'un chauffeur', 0, 2, 'Veuillez décrire ces comportements', 'Autre constat', 0, 0, 'https://app.mediabox.bi/psr//uploads/dossiers_photo/220707064840am.png', '{\"FR\":\"Comportement du chauffeur\",\"ENG\":\"Driver behavior\",\"KIR\":\"Inyifato y\'umushoferi\",\"KISW\":\"Tabia ya dereva\"}', '{\"FR\":\"Mauvais comportement d\'un chauffeur\",\"ENG\":\"Bad driver behavior\",\"KIR\":\"Ingeso mbi y\'umushoferi\",\"KISW\":\"Tabia mbaya ya dereva\"}', '{\"FR\":\"Autre constat\",\"ENG\":\"Another finding\",\"KIR\":\"Izindi nsiguro\",\"KISW\":\" Angalizo lingine\"}', '{\"FR\":\"Veuillez décrire ces comportements\",\"ENG\":\"Please describe these behaviors\",\"KIR\":\"Vuga inyifatako ziwe \",\"KISW\":\"Tafadhali eleza tabia hizi\"}'),
(110, 'Accident', 0, 3, 'Collision de 2 véhicules,véhicule qui a percuté un piéton', 0, 2, 'Décrivez l\'accident', 'Autre constat', 0, 0, 'https://app.mediabox.bi/psr//uploads/dossiers_photo/220530095145am.png', '{\"FR\":\"Accident\",\"ENG\":\"Accident\",\"KIR\":\"Impanuka\",\"KISW\":\"Ajali\"}', '{\"FR\":\"Collision de 2 véhicules,véhicule qui a percuté un piéton\",\"ENG\":\"Collision of 2 vehicles, vehicle that hit a pedestrian\",\"KIR\":\"Imodoka zibiri zagonganye,imodoka yagonze uwamaguru\",\"KISW\":\"Magari 2 yamegongana, gari lililogonga mtembea kwa miguu\"}', '{\"FR\":\"Autre constat\",\"ENG\":\" Another finding\",\"KIR\":\"Izindi nsiguro\",\"KISW\":\" Angalizo lingine\"}', '{\"FR\":\"Décrivez l\'accident\",\"ENG\":\"Describe the accident\",\"KIR\":\"Tanga idonido ry\'isanganya\",\"KISW\":\"Elezeya ajali\"}'),
(111, 'Incident naturel', 0, 7, 'Décrivez l\'incident', 0, 2, 'Quel incident naturel', 'Donnez plus de détails', 0, 0, 'https://app.mediabox.bi/psr//uploads/dossiers_photo/220530160850pm.png', '{\"FR\":\"Incident naturel\",\"ENG\":\"Natural incident\",\"KIR\":\"Isanganya risanzwe\",\"KISW\":\"Tukio la asili\"}', '{\"FR\":\"Décrivez l\'incident\",\"ENG\":\" Describe the incident\",\"KIR\":\"Vuga uko insanganya ryagenze\",\"KISW\":\"Eleza tukio hilo\"}', '{\"FR\":\"Donnez plus de détails\",\"ENG\":\"More details\",\"KIR\":\"Tanga insiguro iramvuye\",\"KISW\":\"Maelezo zaidi\"}', '{\"FR\":\"Quel incident naturel\",\"ENG\":\"What is the natural incident\",\"KIR\":\"Ni iyihe mpanuka \",\"KISW\":\"Ni tukio la asili gani\"}'),
(112, 'Vehicule immobilisé sur la chaussée', 20000, 3, 'Véhicule bloque le passage', 0, 2, 'Ça vous empêche en quoi ', 'Autre constat', 0, 0, 'https://app.mediabox.bi/psr//uploads/dossiers_photo/220530084844am.png', '{\"FR\":\"Vehicule immobilisé sur la chaussée\",\"ENG\":\"Vehicle immobilized on the road\",\"KIR\":\"Umuduga uhagaze munzira\",\"KISW\":\"Gari ikiwa imezimwa barabarani\"}', '{\"FR\":\"Véhicule bloque le passage\",\"ENG\":\"Vehicle blocks the way\",\"KIR\":\"Ingendeshwa ibuza inzira\",\"KISW\":\"Gari linazuia njia\"}', '{\"FR\":\"Autre constat\",\"ENG\":\"Another finding\",\"KIR\":\"Ibindi mwabonye\",\"KISW\":\"Ugunduzi mwingine\"}', '{\"FR\":\"Ça vous empêche en quoi \",\"ENG\":\"It prevents you from doing what\",\"KIR\":\"Ubujije inzira gute\",\"KISW\":\"Inakuzuia kufanya kile ambacho\"}'),
(113, 'Agent PNB insolent', 0, 4, 'Un agent insultant ou arrogant', 0, 2, 'Décrivez le comportement de l\'agent', 'Autre commentaire', 0, 0, 'https://app.mediabox.bi/psr//uploads/dossiers_photo/220706071949am.png', '{\"FR\":\"Agent PNB insolent\",\"ENG\":\"Insolent PNB Agent\",\"KIR\":\"Uwujejwe umutekano atubaha\",\"KISW\":\"Ajenti wa PNB mwenye jeuri\"}', '{\"FR\":\"Un agent insultant ou arrogant\",\"ENG\":\"An insulting or arrogant agent\",\"KIR\":\"Uwujejwe umutekano atukana kandi atubaha\",\"KISW\":\"Wakala wa matusi au mwenye kiburi\"}', '{\"FR\":\"Autre commentaire\",\"ENG\":\"Another comment\",\"KIR\":\"Ibindi vyiyumviro\",\"KISW\":\"Maoni mengine\"}', '{\"FR\":\"Décrivez le comportement de l\'agent\",\"ENG\":\"Describe agent behavior\",\"KIR\":\"Vuga Inyifato yumupolisi\",\"KISW\":\"Eleza tabia ya wakala\"}'),
(114, 'Transport de drogues', 0, 6, 'Transport de drogues addictives', 0, 2, 'Quel type de drogue?', 'Commentaire', 1, 1, 'https://app.mediabox.bi/psr//uploads/dossiers_photo/220706094650am.png', '{\"FR\":\"Transport de drogues\",\"ENG\":\"Drug transport\",\"KIR\":\"Gutwara ibiyovya bwenge\",\"KISW\":\"Usafiri wa madawa ya kulevya\"}', '{\"FR\":\"Transport de drogues addictives\",\"ENG\":\"Transport of addictive drugs\",\"KIR\":\"Gutwara ibiyovya bwenge\",\"KISW\":\"Usafiri wa madawa ya kulevya\"}', '{\"FR\":\"Commentaire\",\"ENG\":\"Comment\",\"KIR\":\"Gira ico ubivuzeko\",\"KISW\":\"Maoni\"}', '{\"FR\":\"Quel type de drogue?\",\"ENG\":\"What type of drug?\",\"KIR\":\"Nikihe kiyovya bwenge?\",\"KISW\":\"Ni aina gani ya madawa ya kulevya?\"}'),
(115, 'Transport d\'arme à feu', 0, 6, 'Transport d\'arme à feu', 0, 2, 'Type d\'arme à feu ', 'Commentaire', 0, 1, 'https://app.mediabox.bi/psr//uploads/dossiers_photo/220706094924am.png', '{\"FR\":\"Transport d\'arme à feu\",\"ENG\":\"Firearm transport\",\"KIR\":\"Kwunguruza ibigwanisho bicira umuriro\",\"KISW\":\"Usafirishaji wa silaha\"}', '{\"FR\":\"Transport d\'arme à feu\",\"ENG\":\"Firearm transport\",\"KIR\":\"Kwunguruza ibigwanisho bicira umuriro\",\"KISW\":\"Usafirishaji wa silaha\"}', '{\"FR\":\"Type d\'arme à feu \",\"ENG\":\"Comment\",\"KIR\":\"Gira ico ubivuzeko\",\"KISW\":\"Maoni\"}', '{\"FR\":\"undefined\",\"ENG\":\"Type of firearm\",\"KIR\":\"Ubwoko bw\'ibigwanisho bicira umuriro\",\"KISW\":\"Aina ya silaha\"}'),
(116, 'Transport des personnes suspectes', 0, 6, 'Transport des personnes recherchés', 0, 2, 'Décrivez les personnes', 'Commentaire', 1, 1, 'https://app.mediabox.bi/psr//uploads/dossiers_photo/220706121044pm.png', '{\"FR\":\"Transport des personnes suspectes\",\"ENG\":\"Transport of suspicious persons\",\"KIR\":\"Gutwara abantu bateye amakenga\",\"KISW\":\"Usafiri wa watu wanaotiliwa shaka\"}', '{\"FR\":\"Transport des personnes recherchés\",\"ENG\":\"Transport of wanted persons\",\"KIR\":\"Gutwara abantu barondewe\",\"KISW\":\"Usafiri wa watu wanaohitajika\"}', '{\"FR\":\"Commentaire\",\"ENG\":\"Comment\",\"KIR\":\"Gira ico ubivuzeko\",\"KISW\":\"Maoni\"}', '{\"FR\":\"Décrivez les personnes\",\"ENG\":\"Describe the people\",\"KIR\":\"Vuga abo bantu\",\"KISW\":\"Eleza watu\"}'),
(117, 'Trafic d\'êtres humains', 0, 6, 'Trafic d\'êtres humains', 0, 2, 'Precisez ce trafic', 'Commentaire', 1, 1, 'https://app.mediabox.bi/psr//uploads/dossiers_photo/220706125319pm.jpg', '{\"FR\":\"Trafic d\'êtres humains\",\"ENG\":\"human trafficking\",\"KIR\":\"Urudandazwa rw\'ikiremwa muntu\",\"KISW\":\"Biashara ya binadamu\"}', '{\"FR\":\"Trafic d\'êtres humains\",\"ENG\":\"human trafficking\",\"KIR\":\"Urudandazwa rw\'ikiremwa muntu\",\"KISW\":\"Biashara ya binadamu\"}', '{\"FR\":\"Precisez ce trafic\",\"ENG\":\"Comment\",\"KIR\":\"Gira ico ubivuzeko\",\"KISW\":\"Maoni\"}', '{\"FR\":\"undefined\",\"ENG\":\"Specify this traffic\",\"KIR\":\"Sigura urwo rudandazwa\",\"KISW\":\"Bainisha trafiki hii\"}'),
(120, 'Contrefaçon,fabrication ou altération du certificat ou plaques d\'immatriculation', 100000, 2, 'Article 523 C.R (servitude penale de 6mois a 3ans)', 0, 0, '', 'Commentaire', 0, 1, 'https://app.mediabox.bi/psr//uploads/dossiers_photo/220707122119pm.png', '{\"FR\":\"Contrefaçon,fabrication ou altération du certificat ou plaques d\'immatriculation\",\"ENG\":\"Counterfeiting,manufacture or alteration of the certificate or registration plates\",\"KIR\":\"Iparati y\'umuduga ya magendo canke yabaye nabi\",\"KISW\":\"Kughushi, kutengeneza au kubadilisha cheti au sahani za usajili\"}', '{\"FR\":\"Article 523 C.R (servitude penale de 6mois a 3ans)\",\"ENG\":\"Article 524 C.R (penal servitude from 6 months to 3 years)\",\"KIR\":\"Ingingo 524 C.R  (umuntu aracirirwa umunyororo uri hagati y\'amezi atandatu n\'imyaka itatu)\",\"KISW\":\"Kifungu cha 524 C.R (utumwa wa adhabu kutoka miezi 6 hadi miaka 3)\"}', '{\"FR\":\"Commentaire\",\"ENG\":\"Comment\",\"KIR\":\"Gira ico ubivuzeko\",\"KISW\":\"Maoni\"}', ''),
(121, 'Illisibilité des caractères des plaques d\'immatriculation', 10000, 2, 'Article 18', 0, 0, '', 'Commentaire', 0, 1, 'https://app.mediabox.bi/psr//uploads/dossiers_photo/220707122710pm.png', '{\"FR\":\"Illisibilité des caractères des plaques d\'immatriculation\",\"ENG\":\"Illegibility of license plate characters\",\"KIR\":\"Ibiharuro bitaboneka kwiparati\",\"KISW\":\"Kutokubalika kwa vibambo vya nambari ya Usajili\"}', '{\"FR\":\"Article 18\",\"ENG\":\"Article 18\",\"KIR\":\"Ingingo 18\",\"KISW\":\"Sehemu 18\"}', '{\"FR\":\"Commentaire\",\"ENG\":\"Comment\",\"KIR\":\"Gira ico ubivuzeko\",\"KISW\":\"Maoni\"}', ''),
(122, 'Substitution  d\'une plaque à une autre', 100000, 2, 'Article 524 C.R (servitude penale de 6mois a 3ans)', 0, 0, '', 'Commentaire', 0, 1, 'https://app.mediabox.bi/psr//uploads/dossiers_photo/220707123312pm.png', '{\"FR\":\"Substitution  d\'une plaque à une autre \",\"ENG\":\"Substitution of one plate for another\",\"KIR\":\"Guhindura iparati n\'iyindi\",\"KISW\":\"Ubadilishaji wa sahani moja kwa mwingine \"}', '{\"FR\":\"Article 524 C.R (servitude penale de 6mois a 3ans)\",\"ENG\":\"Article 524 C.R (penal servitude from 6 months to 3 years)\",\"KIR\":\"Ingingo 524 C.R  (umuntu aracirirwa umunyororo uri hagati y\'amezi atandatu n\'imyaka itatu)\",\"KISW\":\"Kifungu cha 524 C.R (utumwa wa adhabu kutoka miezi 6 hadi miaka 3) \"}', '{\"FR\":\"Commentaire\",\"ENG\":\"Comment\",\"KIR\":\"Gira ico ubivuzeko\",\"KISW\":\"Maoni\"}', ''),
(123, 'Le port des plaques d\'immatriculation non identiques(celle del\'avant et celle de l\'arrière)', 100000, 2, 'Article 524 C.R (servitude penale de 6mois a 3ans)', 0, 0, '', 'Commentaire', 0, 0, 'https://app.mediabox.bi/psr//uploads/dossiers_photo/220707124519pm.png', '{\"FR\":\"Le port des plaques d\'immatriculation non identiques(celle del\'avant et celle de l\'arrière)\",\"ENG\":\"Wearing non-identical license plates (front and rear)\",\"KIR\":\"Iparati y\'imbere idasa n\'iyinyuma\",\"KISW\":\"Kuvaa sahani za leseni zisizo za kawaida (mbele na nyuma)\"}', '{\"FR\":\"Article 524 C.R (servitude penale de 6mois a 3ans)\",\"ENG\":\"Article 524 C.R (penal servitude from 6 months to 3 years)\",\"KIR\":\"Ingingo 524 C.R  (umuntu aracirirwa umunyororo uri hagati y\'amezi atandatu n\'imyaka itatu)\",\"KISW\":\"Kifungu cha 524 C.R (utumwa wa adhabu kutoka miezi 6 hadi miaka 3)\"}', '', '');

-- --------------------------------------------------------

--
-- Structure de la table `autres_controles_types`
--

DROP TABLE IF EXISTS `autres_controles_types`;
CREATE TABLE IF NOT EXISTS `autres_controles_types` (
  `ID_TYPE` int(11) NOT NULL,
  `DESCRIPTION` varchar(255) NOT NULL,
  PRIMARY KEY (`ID_TYPE`)
) ENGINE=MyISAM DEFAULT CHARSET=latin1;

--
-- Déchargement des données de la table `autres_controles_types`
--

INSERT INTO `autres_controles_types` (`ID_TYPE`, `DESCRIPTION`) VALUES
(1, 'CONTOLE_PYSIQUE'),
(2, 'CONTOLE_EQUIPEMENT'),
(3, 'CONTROLE_COMPORTEMENT_CHAUFFEUR'),
(4, 'CONTROLE MARCHANDISE'),
(5, 'SIGNALEMENT');

-- --------------------------------------------------------

--
-- Structure de la table `autres_contr_quest_rp`
--

DROP TABLE IF EXISTS `autres_contr_quest_rp`;
CREATE TABLE IF NOT EXISTS `autres_contr_quest_rp` (
  `ID_REPONSE` int(11) NOT NULL,
  `ID_CONTROLES_QUESTIONNAIRES` int(11) DEFAULT NULL,
  `REPONSE_DECRP` varchar(250) DEFAULT NULL,
  `REPONSE_DECRP_TRADUCTION` text,
  `IS_AUTRE` int(1) NOT NULL DEFAULT '0',
  PRIMARY KEY (`ID_REPONSE`)
) ENGINE=InnoDB DEFAULT CHARSET=utf8mb4;

--
-- Déchargement des données de la table `autres_contr_quest_rp`
--

INSERT INTO `autres_contr_quest_rp` (`ID_REPONSE`, `ID_CONTROLES_QUESTIONNAIRES`, `REPONSE_DECRP`, `REPONSE_DECRP_TRADUCTION`, `IS_AUTRE`) VALUES
(1, 1, 'Mauvais chargement', '{\"FR\":\"Mauvais chargement\",\"ENG\":\"Wrong loading\",\"KIR\":\"Gupakira nabi\",\"KISW\":\"Upakiaji usio sahihi\"}', 0),
(2, 1, 'Excès de chargement', '{\"FR\":\"Excès de chargement\",\"ENG\":\"Excess loading\",\"KIR\":\"Kurenza gupakira\",\"KISW\":\"Upakiaji kupita kiasi\"}', 0),
(3, 2, 'Défaut de klaxon', '{\"FR\":\"Défaut de klaxon\",\"ENG\":\"Horn defect\",\"KIR\":\"Isoni ivuga nabi\",\"KISW\":\"Kasoro ya Pembe\"}', 0),
(4, 2, 'Non autorisé', '{\"FR\":\"Non autorisé\",\"ENG\":\"Not allowed\",\"KIR\":\"Isoni itemerewe\",\"KISW\":\"Hairuhusiwi\"}', 0),
(5, 2, 'Usage abusif', '{\"FR\":\"Usage abusif\",\"ENG\":\"Abuse\",\"KIR\":\"Gukoresha ihoni birengeje\",\"KISW\":\"Unyanyasaji\"}', 0),
(6, 2, 'Utilisation non autorisée', '{\"FR\":\"Utilisation non autorisée\",\"ENG\":\"Unauthorized Use\",\"KIR\":\"Gukoresha ihoni bitarekuwe\",\"KISW\":\"Matumizi yasiyoidhinishwa\"}', 0),
(7, 3, 'Extincteur expiré', '{\"FR\":\"Extincteur expiré\",\"ENG\":\"Expired fire extinguisher\",\"KIR\":\"Akazimya muriro kataye igihe\",\"KISW\":\"Kizima moto kilichoisha muda wake\"}', 0),
(8, 3, 'Extincteur non accessible', '{\"FR\":\"Extincteur non accessible\",\"ENG\":\"Fire extinguisher not accessible\",\"KIR\":\"Akazimya muriro kadashikirwa\",\"KISW\":\"Kizima moto hakipatikani\"}', 0),
(9, 8, 'Sans permis', NULL, 0),
(10, 8, 'Catégorie non conforme', NULL, 0),
(11, 14, 'Indicateur de vitesse', '{\"FR\":\"Indicateur de vitesse\",\"ENG\":\"Speedometer\",\"KIR\":\"Akabonesha umuvuduko\",\"KISW\":\"Speedometer\"}', 0),
(12, 14, 'Vitres et pare-brises', '{\"FR\":\"Vitres et pare-brises\",\"ENG\":\"Windows and windscreens\",\"KIR\":\"Ibiyo vyo kumpande nic\'imbere\",\"KISW\":\"Windows na skrini za upepo\"}', 0),
(13, 14, 'Essuie-glaces', '{\"FR\":\"Essuie-glaces\",\"ENG\":\"Wipers\",\"KIR\":\"Uduhanagura kiyo\",\"KISW\":\"Wipers\"}', 0),
(14, 14, 'Miroir rétroviseur', '{\"FR\":\"Miroir rétroviseur\",\"ENG\":\"Mirror mirror\",\"KIR\":\"Akayo ko kumpande\",\"KISW\":\"Kioo kioo\"}', 0),
(15, 16, 'Conduire pendant la période de rétention', NULL, 0),
(16, 0, 'Autre', '{\"FR\":\"Autre\",\"ENG\":\"Other\",\"KIR\":\"Ibindi\",\"KISW\":\"Ingine\"}', 0),
(17, 19, 'Phares', '{\"FR\":\"Phares\",\"ENG\":\"Headlights\",\"KIR\":\"Amatara y\'imbere\",\"KISW\":\"Taa za kichwa\"}', 0),
(18, 19, 'Feux', '{\"FR\":\"Feux\",\"ENG\":\"lights\",\"KIR\":\"Amatara\",\"KISW\":\"taa\"}', 0),
(19, 19, 'Réflecteurs', '{\"FR\":\"Réflecteurs\",\"ENG\":\"Reflectors\",\"KIR\":\"Amatara maremare\",\"KISW\":\"Waakisi\"}', 0),
(20, 20, 'Conduite avec un permis provisoire  sans accompagnement', NULL, 0),
(21, 26, 'Vehicule de transport', '{\"FR\":\"Vehicule de transport\",\"ENG\":\" Transport vehicle\",\"KIR\":\"Umuduga uca amahera \",\"KISW\":\"Chombo cha usafiri\"}', 0),
(22, 27, 'Fumées', '{\"FR\":\"Fumées\",\"ENG\":\"Fumes\",\"KIR\":\"Imyotsi\",\"KISW\":\"Fumes\"}', 0),
(23, 27, 'Bruits', '{\"FR\":\"Bruits\",\"ENG\":\"Noises\",\"KIR\":\"Induru\",\"KISW\":\"Kelele\"}', 0),
(24, 27, 'Odeurs', '{\"FR\":\"Odeurs\",\"ENG\":\"Smells\",\"KIR\":\"Akamoto\",\"KISW\":\"Smells\"}', 0),
(25, 30, 'L\'embarquement des passagers', '{\"FR\":\"L\'embarquement des passagers\",\"ENG\":\"Boarding passengers\",\"KIR\":\"Kwuriza abantu\",\"KISW\":\"Abiria wa bweni\"}', 0),
(26, 30, 'Le débarquement des passagers', '{\"FR\":\"Le débarquement des passagers\",\"ENG\":\"Disembarkation of passengers \",\"KIR\":\"Kwururutsa abantu\",\"KISW\":\"Le débarquement des passagers \"}', 0),
(27, 30, 'Des garres routières', '{\"FR\":\"Des garres routières\",\"ENG\":\"Road garres\",\"KIR\":\"Igituro \",\"KISW\":\"Garres za barabara\"}', 0),
(28, 30, 'Des parkings', '{\"FR\":\"Des parkings\",\"ENG\":\"Car parks\",\"KIR\":\"Aho imodoka zihagarara\",\"KISW\":\"Hifadhi za magari\"}', 0),
(29, 36, 'Enlèvement des équipements de la voie publique', '{\"FR\":\"Enlèvement des équipements de la voie publique\",\"ENG\":\"Removal of equipment from public roads\",\"KIR\":\"Gukura ibikoresho vyo mwibarabara aho vyagenewe\",\"KISW\":\"Uondoaji wa vifaa kutoka kwa barabara za umma\"}', 0),
(30, 36, 'Déplacement des équipements de la voie publique', '{\"FR\":\"Déplacement des équipements de la voie publique\",\"ENG\":\"Moving public road equipment\",\"KIR\":\"Kwimura ibikoresho vyo mwibarabara\",\"KISW\":\"Kusonga vifaa vya barabara za umma\"}', 0),
(31, 36, 'Détérioration des équipements de la voie publique', '{\"FR\":\"Détérioration des équipements de la voie publique\",\"ENG\":\"Deterioration of public road equipment\",\"KIR\":\"Kwonona  ibikoresho vyo mwibarabara\",\"KISW\":\"Uchakavu wa vifaa vya barabara za umma\"}', 0),
(32, 36, 'Renversement des équipements de la voie publique', '{\"FR\":\"Renversement des équipements de la voie publique\",\"ENG\":\"Overturning of public road equipment\",\"KIR\":\"Kugonga ibikoresho vyo mwibarabara\",\"KISW\":\"Kupindua vifaa vya barabara za umma\"}', 0),
(33, 36, 'Destruction des équipements de la voie publique', '{\"FR\":\"Destruction des équipements de la voie publique\",\"ENG\":\"Destruction of public road equipment\",\"KIR\":\"Gusambura ibikoresho vyo mwibarabara\",\"KISW\":\"Uharibifu wa vifaa vya barabara za umma\"}', 0),
(34, 30, 'Des itinéraires', '{\"FR\":\"Des itinéraires\",\"ENG\":\"Itineraries\",\"KIR\":\"Amayira\",\"KISW\":\"Itineraries\"}', 0),
(35, 30, 'Des arrêt-bus', '{\"FR\":\"Des arrêt-bus\",\"ENG\":\"Bus stops\",\"KIR\":\"Ibituro vy\'imodoka\",\"KISW\":\"Vituo vya basi\"}', 0),
(36, 40, 'Des chaussées par les matériaux de chantier', '{\"FR\":\"Des chaussées par les matériaux de chantier\",\"ENG\":\"Pavements by construction materials\",\"KIR\":\"Yaryononesheje ibikoresho vyo kubaka\",\"KISW\":\"Pavements na vifaa vya ujenzi\"}', 0),
(37, 40, 'Des caniveaux par les matériaux de chantier', '{\"FR\":\"Des caniveaux par les matériaux de chantier\",\"ENG\":\"Gutters by construction materials\",\"KIR\":\"Yononye amakanivo akoresheje ibikoresho vyo kubaka\",\"KISW\":\"Gutters na vifaa vya ujenzi\"}', 0),
(38, 58, 'Moto et tricycle', '{\"FR\":\"Moto et tricycle\",\"ENG\":\"Motorcycle and tricycle\",\"KIR\":\"Ipikipiki canke iyamapine atatu\",\"KISW\":\"Pikipiki na baiskeli tatu\"}', 0),
(39, 58, 'Véhicule d\'un poids inférieur à 1500Kg', '{\"FR\":\"Véhicule d\'un poids inférieur à 1500Kg\",\"ENG\":\"Vehicle weighing less than 1500Kg\",\"KIR\":\"Umuduga uri munsi y\'ibiro 1500\",\"KISW\":\"Gari yenye uzito chini ya 1500Kg\"}', 0),
(40, 58, 'Véhicule d\'un poids compris entre 1500Kg et 200Kg', '{\"FR\":\"Véhicule d\'un poids compris entre 1500Kg et 200Kg\",\"ENG\":\"Vehicle weighing between 1500Kg and 200Kg\",\"KIR\":\"Umuduga upima ibiro biri hagati ya 1500 na 200\",\"KISW\":\"Gari lenye uzito kati ya 1500Kg na 200Kg\"}', 0),
(41, 58, 'Véhicule d\'un poids de plus de 200Kg', '{\"FR\":\"Véhicule d\'un poids de plus de 200Kg\",\"ENG\":\"Vehicle weighing more than 200Kg\",\"KIR\":\"Umuduga urenza ibiro 200\",\"KISW\":\"Gari yenye uzito wa zaidi ya 200Kg\"}', 0),
(42, 41, 'Non port du masque', '{\"FR\":\"Non port du masque\",\"ENG\":\"Kutovaa kinyago\",\"KIR\":\"Kutambara agafukamunwa\",\"KISW\":\"Kutovaa kinyago\"}', 0),
(43, 41, 'Distanciation  social', '{\"FR\":\"Distanciation  social\",\"ENG\":\"Social distancing\",\"KIR\":\"Guhana umwanya \",\"KISW\":\"Kutotangamana na watu\"}', 0),
(44, 41, 'Habits sale', '{\"FR\":\"Habits sale\",\"ENG\":\"dirty clothes\",\"KIR\":\"Impuzu zicafuye\",\"KISW\":\"Nguo chafu\"}', 0),
(47, 12, 'Mauvais stationnement sur la chaussé', '{\"FR\":\"Mauvais stationnement sur la chaussé\",\"ENG\":\"Bad parking on the road\",\"KIR\":\"Guhagarara nbi\",\"KISW\":\"Maegesho mabaya barabarani\"}', 0),
(48, 12, 'Stationnement interdit', '{\"FR\":\"Stationnement interdit\",\"ENG\":\"No parking\",\"KIR\":\"Nta parking\",\"KISW\":\"Ikuna kushimama mahali apa\"}', 0),
(49, 96, 'Jeu sur la chaussée', '{\"FR\":\"Jeu sur la chaussée\",\"ENG\":\" Game on the road\",\"KIR\":\"Gusiganwa \",\"KISW\":\"Mchezo barabarani\"}', 0),
(50, 96, 'Couper la priorité', '{\"FR\":\"Couper la priorité \",\"ENG\":\"cut priority\",\"KIR\":\"Kubuza umuntu inzira\",\"KISW\":\"kata kipaumbele\"}', 0),
(51, 97, 'Non respect des priorités', '{\"FR\":\"Non respect des priorités\",\"ENG\":\"Failure to meet priorities \",\"KIR\":\"Kubuza abandi inzira\",\"KISW\":\"Kushindwa kufikia vipaumbele \"}', 0),
(52, 97, 'Doublages', '{\"FR\":\"Doublages\",\"ENG\":\"Dubbing\",\"KIR\":\"Kujimbere abandi\",\"KISW\":\"Dubbing\"}', 0),
(53, 105, 'Il/elle a grillé les feux routier', '{\"FR\":\"Il/elle a grillé les feux routier\",\"ENG\":\"He/she burned out the traffic lights\",\"KIR\":\"Yarenganye ama feux routier\",\"KISW\":\"Alichoma taa za trafiki\"}', 0),
(54, 105, 'Il/elle n\'a pas cedé le passage aux piétons', '{\"FR\":\"Il/elle n\'a pas cedé le passage aux piétons\",\"ENG\":\"He/she did not give way to pedestrians\",\"KIR\":\"Ntiyabisiye Uwamaguru Kurengana\",\"KISW\":\"Hakutoa nafasi kwa watembea kwa miguu\"}', 0),
(55, 105, 'il/elle n\'a pas respecté les signaux routiers', '{\"FR\":\"il/elle n\'a pas respecté les signaux routiers\",\"ENG\":\"He/she did not obey the road signs\",\"KIR\":\"Ntiyubahirje ivyapa vyomwibarabara\",\"KISW\":\"Hakutii alama za barabarani\"}', 0),
(56, 106, 'Compromis avec le chauffeur', '{\"FR\":\"Compromis avec le chauffeur\",\"ENG\":\"Compromise with the driver\",\"KIR\":\"Igiturire cumushoferi aha umuporisi\",\"KISW\":\"Maelewano na dereva\"}', 0),
(57, 106, 'Le policier a reçu de l\'argent', '{\"FR\":\"Le policier a reçu de l\'argent\",\"ENG\":\"The policeman received money\",\"KIR\":\"Umupolisi yakiriye amafaranga\",\"KISW\":\"Polisi alipokea pesa\"}', 0),
(58, 107, 'En uniforme et ivre', '{\"FR\":\"En uniforme et ivre\",\"ENG\":\"In uniform and drunk\",\"KIR\":\"Mumpuzu zakazi kandi aborewe\",\"KISW\":\"Katika sare na mlevi\"}', 0),
(59, 107, 'En uniforme ivre et tenant une bouteille d\'alcool', '{\"FR\":\"En uniforme ivre et tenant une bouteille d\'alcool\",\"ENG\":\"In uniform drunk and holding a bottle of alcohol\",\"KIR\":\"Umuplosi yambaye umwambaro wakazi yaborewe n\'icupa muminwe\",\"KISW\":\"Katika sare mlevi na kushikilia chupa ya pombe\"}', 0),
(60, 109, 'En état d\'ivresse', '{\"FR\":\"En état d\'ivresse\",\"ENG\":\"Drunk\",\"KIR\":\"Akaborerwe\",\"KISW\":\"Mlevi\"}', 0),
(61, 109, 'Chauffeur insolant', '{\"FR\":\"Chauffeur insolant\",\"ENG\":\"Insolent driver\",\"KIR\":\"Umushoferi atagira indero\",\"KISW\":\"Dereva mwenye jeuri\"}', 0),
(62, 109, 'Sous stupefiant', '{\"FR\":\"Sous stupefiant\",\"ENG\":\"Under narcotic\",\"KIR\":\"Yanyoye ibiyovyabwenge\",\"KISW\":\"Chini ya narcotic\"}', 0),
(63, 110, 'Un véhicule a percuté une moto', '{\"FR\":\"Un véhicule a percuté une moto\",\"ENG\":\"A vehicle hit a motorcycle\",\"KIR\":\"Imodoka yagonze uwimoto\",\"KISW\":\"Gari liligonga pikipiki\"}', 0),
(64, 110, 'Un véhicule a percuté vélo', '{\"FR\":\"Un véhicule a percuté un vélo\",\"ENG\":\"A vehicle hit a bicycle\",\"KIR\":\"Imodoka yagonze uwikinga\",\"KISW\":\"Gari liligonga baiskeli\"}', 0),
(65, 110, 'Un véhicule a percuté un pieton', '{\"FR\":\"Un véhicule a percuté un pieton\",\"ENG\":\"A vehicle hit a pedestrian\",\"KIR\":\"Imodoka yagonze uwugenda namaguru\",\"KISW\":\"Gari lilimgonga mtembea kwa miguu\"}', 0),
(66, 110, 'les collisions solos : un seul usager et un obstacle', '{\"FR\":\"Les collisions solos : un seul usager et un obstacle\",\"ENG\":\"Solo collisions: a single user and an obstacle\",\"KIR\":\"Imodoka yagonze ikintu\",\"KISW\":\"Migongano ya pekee: mtumiaji mmoja na kikwazo\"}', 0),
(67, 111, 'Eaux débordantes', '{\"FR\":\"Eaux débordantes\",\"ENG\":\"Overflowing waters\",\"KIR\":\"Amazi yateye i barabara\",\"KISW\":\"Maji yanayofurika\"}', 0),
(68, 111, 'Animal sauvage qui bloque la route', '{\"FR\":\"Animal sauvage qui bloque la route\",\"ENG\":\"Wild animal blocking the road\",\"KIR\":\"Igikoko cugaye ibarabara\",\"KISW\":\"Mnyama pori akifunga barabara\"}', 0),
(69, 111, 'Arbre qui bloque la route', '{\"FR\":\"Arbre qui bloque la route\",\"ENG\":\"Tree blocking the road\",\"KIR\":\"Igiti cugaye ibarabara\",\"KISW\":\"Mti unaofunga barabara\"}', 0),
(70, 112, 'Embouteillage', '{\"FR\":\"Embouteillage\",\"ENG\":\"Traffic jam\",\"KIR\":\"Imodoka nyinshi\",\"KISW\":\"Msongamano wa magari\"}', 0),
(71, 112, 'Le véhicule bloqué devant chez moi', '{\"FR\":\"Le véhicule bloqué devant chez moi\",\"ENG\":\"The vehicle is stuck in front of my house\",\"KIR\":\"Imodoka yahagaze imbere yurupangu rwanje\",\"KISW\":\"Gari limekwama mbele ya nyumba yangu\"}', 0),
(72, 112, 'Le véhicule bloque la route', '{\"FR\":\"Le véhicule bloque la route\",\"ENG\":\"The vehicle is blocking the road\",\"KIR\":\"Imodoka yugaye ibarabara\",\"KISW\":\"Gari limefunga barabara\"}', 0),
(73, 113, 'Injustice', '{\"FR\":\"Injustice\",\"ENG\":\"Injustice\",\"KIR\":\"Akarenganyo\",\"KISW\":\"Udhalimu\"}', 0),
(74, 113, 'insulte', '{\"FR\":\"Insulte\",\"ENG\":\"Insult\",\"KIR\":\"Ibitutsi\",\"KISW\":\"Tusi\"}', 0),
(75, 113, 'Brutalité', '{\"FR\":\"Brutalité\",\"ENG\":\"Brutality\",\"KIR\":\"gukubagana\",\"KISW\":\"Ukatili\"}', 0),
(76, 113, 'Agression', '{\"FR\":\"Agression\",\"ENG\":\"Assault\",\"KIR\":\"kubangamira umuntu\",\"KISW\":\"Shambulio\"}', 0),
(77, 113, 'Harcèlement sexuel', '{\"FR\":\"Harcèlement sexuel\",\"ENG\":\"Sexual harassment\",\"KIR\":\"kubangamira abo mudasangiye igitsina\",\"KISW\":\"Unyanyasaji wa kijinsia\"}', 0),
(78, 113, 'Racisme ou tribalisme', '{\"FR\":\"Racisme ou tribalisme\",\"ENG\":\"Racism\",\"KIR\":\"karenganyo gafatiye ku rukoba\",\"KISW\":\"Ubaguzi wa rangi\"}', 0),
(79, 113, 'Segregation', '{\"FR\":\"Segregation\",\"ENG\":\"Segregation\",\"KIR\":\"Ikumira\",\"KISW\":\"Kutengana\"}', 0),
(80, 115, 'Fusil d\'assaut AK-47', '{\"FR\":\"Fusil d\'assaut AK-47\",\"ENG\":\"Fusil d\'assaut AK-47\",\"KIR\":\"Inkoho AK-47\",\"KISW\":\"Bunduki ya AK-47\"}', 0),
(81, 114, 'Crack', '{\"FR\":\"Crack\",\"ENG\":\"Crack\",\"KIR\":\"Crack\",\"KISW\":\"Ufa\"}', 0),
(82, 114, 'Héroïne', '{\"FR\":\"Héroïne\",\"ENG\":\"Heroin\",\"KIR\":\"Heroyine\",\"KISW\":\"Heroini\"}', 0),
(83, 115, 'Fusil d\'assaut AK-74', '{\"FR\":\"Fusil d\'assaut AK-74\",\"ENG\":\"Fusil d\'assaut AK-74\",\"KIR\":\"Inkoho AK-74\",\"KISW\":\"Bunduki ya AK-74\"}', 0),
(84, 114, 'Tabac', '{\"FR\":\"Tabac\",\"ENG\":\"Tobacco\",\"KIR\":\"Itabi\",\"KISW\":\"Tumbaku\"}', 0),
(85, 114, 'Alcool', '{\"FR\":\"Alcool\",\"ENG\":\"Alcohol\",\"KIR\":\"Inzoga\",\"KISW\":\"Pombe\"}', 0),
(86, 114, 'Cocaïne', '{\"FR\":\"Cocaïne\",\"ENG\":\"Cocaine\",\"KIR\":\"kokayine\",\"KISW\":\"Cocaine\"}', 0),
(87, 114, 'Méthamphétamine', '{\"FR\":\"Méthamphétamine\",\"ENG\":\"Methamphetamine\",\"KIR\":\"Metamfetamine\",\"KISW\":\"Methamphetamine\"}', 0),
(88, 114, 'Amphétamine', '{\"FR\":\"Amphétamine\",\"ENG\":\"Amphetamine\",\"KIR\":\"Amphetamine\",\"KISW\":\"Amphetamine\"}', 0),
(89, 114, 'GHB', '{\"FR\":\"GHB\",\"ENG\":\"GHB\",\"KIR\":\"GHB\",\"KISW\":\"GHB\"}', 0),
(90, 115, 'Fusil d\'assaut AMD-63', '{\"FR\":\"Fusil d\'assaut AMD-63\",\"ENG\":\" AMD-63 assault rifle\",\"KIR\":\"Inkoho ADM-63\",\"KISW\":\"AMD-63 bunduki ya kushambulia\"}', 0),
(91, 114, 'Benzodiazépines', '{\"FR\":\"Benzodiazépines \",\"ENG\":\"Benzodiazepines\",\"KIR\":\"Benzodiyazepine\",\"KISW\":\"Benzodiazepines \"}', 0),
(92, 114, 'Cannabis', '{\"FR\":\"Cannabis\",\"ENG\":\"Cannabis\",\"KIR\":\"Urumogi\",\"KISW\":\"Bangi\"}', 0),
(93, 115, 'Fusil d\'assaut AMD-65', '{\"FR\":\"Fusil d\'assaut AMD-65\",\"ENG\":\"AMD-65 Assault Rifle\",\"KIR\":\"Inkoho ADM-65\",\"KISW\":\"AMD-65 bunduki ya kushambulia\"}', 0),
(94, 114, 'Kétamine', '{\"FR\":\"Kétamine\",\"ENG\":\"Ketamine\",\"KIR\":\"Ketamine\",\"KISW\":\"Ketamine\"}', 0),
(95, 114, 'Ecstasy', '{\"FR\":\"Ecstasy \",\"ENG\":\"Ecstasy\",\"KIR\":\"Egisitazi\",\"KISW\":\"Ecstasy \"}', 0),
(96, 114, 'Khat', '{\"FR\":\"Khat\",\"ENG\":\"Khat\",\"KIR\":\"Khat\",\"KISW\":\"Mirungi\"}', 0),
(97, 114, 'LSD', '{\"FR\":\"LSD\",\"ENG\":\"LSD\",\"KIR\":\"LSD\",\"KISW\":\"LSD\"}', 0),
(98, 115, 'Fusil AR-15 (M16)', '{\"FR\":\"Fusil AR-15 (M16)\",\"ENG\":\"AR-15 Rifle (M16)\",\"KIR\":\"Inkoho AR-15 (M16)\",\"KISW\":\"AR-15 Rifle (M16)\"}', 0),
(99, 114, 'Champignons (et truffes) hallucinogènes', '{\"FR\":\"Champignons (et truffes) hallucinogènes\",\"ENG\":\"Hallucinogenic mushrooms (and truffles)\",\"KIR\":\"Ibizinu biyovya ubwenge\",\"KISW\":\"uyoga wa Hallucinogenic (na truffles)\"}', 0),
(100, 115, 'Pistolet Beretta 92', '{\"FR\":\"Pistolet Beretta 92\",\"ENG\":\"Beretta 92 pistol\",\"KIR\":\"Inkoho nto beretta\",\"KISW\":\" Bastola ya Beretta 92\"}', 0),
(101, 115, 'Fusil d\'assaut Beretta AR-70', '{\"FR\":\"Fusil d\'assaut Beretta AR-70\",\"ENG\":\"Beretta AR-70 assault rifle\",\"KIR\":\"Inkoho AR-70\",\"KISW\":\"Bunduki ya kushambulia ya Beretta AR-70\"}', 0),
(102, 115, 'Pistolet mitrailleur Carl Gustav M/45', '{\"FR\":\"Pistolet mitrailleur Carl Gustav M/45\",\"ENG\":\"Carl Gustav M/45 submachine gun\",\"KIR\":\"Inkoho nto mitrailleur carl  Gustav M/45\",\"KISW\":\"Carl Gustav M/45 submachine gun\"}', 0),
(103, 115, 'Pistolet Colt M1911', '{\"FR\":\"Pistolet Colt M1911\",\"ENG\":\"Colt M1911 pistol\",\"KIR\":\"Inkoho nto colt M1911\",\"KISW\":\"Bastola ya Colt M1911\"}', 0),
(104, 115, 'Pistolet mitrailleur CZ 26', '{\"FR\":\"Pistolet mitrailleur CZ 26\",\"ENG\":\"CZ 26 submachine gun\",\"KIR\":\"Inkoho nto mitrailleur CZ 26\",\"KISW\":\"CZ 26 submachine gun\"}', 0),
(105, 115, 'Pistolet mitrailleur FBP 9', '{\"FR\":\"Pistolet mitrailleur FBP 9\",\"ENG\":\"FBP 9 submachine gun\",\"KIR\":\"Inkoho nto mitrailleur FBP 9\",\"KISW\":\"FBP 9 submachine gun\"}', 0),
(106, 115, 'Fusil d\'assaut Galil', '{\"FR\":\"Fusil d\'assaut Galil\",\"ENG\":\" Galil Assault Rifle\",\"KIR\":\"Inkoho Galil\",\"KISW\":\"Bunduki ya Kushambulia ya Galil\"}', 0),
(107, 115, 'Pistolet Glock', '{\"FR\":\"Pistolet Glock\",\"ENG\":\"Glock pistol\",\"KIR\":\"Inkoho nto Glock\",\"KISW\":\" Bastola ya Glock\"}', 0),
(108, 115, 'Carabine HK 91', '{\"FR\":\"Carabine HK 91\",\"ENG\":\"HK 91 carbine\",\"KIR\":\"Mugobore HK 91\",\"KISW\":\"HK 91 carbine\"}', 0),
(109, 115, 'Carabine HK G3', '{\"FR\":\"Carabine HK G3\",\"ENG\":\"HK  G3 carbine\",\"KIR\":\"Mugobore HK G3\",\"KISW\":\"HK G3 carbine\"}', 0),
(110, 115, 'Pistolet mitrailleur KP 44', '{\"FR\":\"Pistolet mitrailleur KP 44\",\"ENG\":\"KP 44 submachine gun\",\"KIR\":\"Inkoho nto KP 44\",\"KISW\":\"KP 44 submachine gun\"}', 0),
(111, 115, 'Fusil d\'assaut Krinkov', '{\"FR\":\"Fusil d\'assaut Krinkov\",\"ENG\":\" Krinkov Assault Rifle\",\"KIR\":\"Inkoho Krinkov\",\"KISW\":\"Bunduki ya Kushambulia ya Krinkov\"}', 0),
(112, 115, 'Mitrailleuse légère MG 42', '{\"FR\":\"Mitrailleuse légère MG 42\",\"ENG\":\"MG 42 light machine gun\",\"KIR\":\"Inkoho iremurutse MG 42\",\"KISW\":\"MG 42 bunduki ya mashine nyepesi\"}', 0),
(113, 115, 'Mitrailleuse légère M249', '{\"FR\":\"Mitrailleuse légère M249\",\"ENG\":\"M249 light machine gun\",\"KIR\":\"Mitrailleuse iremurutse M249\",\"KISW\":\"M249 bunduki ya mashine nyepesi\"}', 0),
(114, 115, 'Pistolet mitrailleur M3 (M3A1) « pompe à graisse »', '{\"FR\":\"Pistolet mitrailleur M3 (M3A1) « pompe à graisse »\",\"ENG\":\"M3 (M3A1) submachine gun \\\"grease pump\\\"\",\"KIR\":\"Inkoho nto mitrailleur M3(M3A1) \\\"Pompe à graisse\\\"\",\"KISW\":\"M3 (M3A1) bunduki ndogo \\\"pampu ya grisi\\\"\"}', 0),
(115, 115, 'Mitrailleuse PKM', '{\"FR\":\"Mitrailleuse PKM\",\"ENG\":\"PKM machine gun\",\"KIR\":\"Mitrailleuse PKM\",\"KISW\":\"bunduki ya mashine ya PKM\"}', 0),
(116, 115, 'Pistolet mitrailleur PPS 43', '{\"FR\":\"Pistolet mitrailleur PPS 43\",\"ENG\":\" PPS 43 submachine gun\",\"KIR\":\"Inkoho nto mitrailleur PPS 43\",\"KISW\":\"PPS 43 submachine bunduki\"}', 0),
(117, 115, 'Pistolet mitrailleur PPSH 41', '{\"FR\":\"Pistolet mitrailleur PPSH 41\",\"ENG\":\"PPSH 41 submachine gun\",\"KIR\":\"Inkoho nto mitrailleur PPSH 41\",\"KISW\":\"PPSH 41 submachine gun\"}', 0),
(118, 115, 'Ruger 10/22', '{\"FR\":\"Ruger 10/22\",\"ENG\":\"Ruger 10/22\",\"KIR\":\"Inkoho  Ruger 10/22\",\"KISW\":\"Ruger 10/22\"}', 0),
(119, 115, 'Pistolet SIG P226', '{\"FR\":\"Pistolet SIG P226\",\"ENG\":\"SIG P226 pistol\",\"KIR\":\"Inkoho nto SIG P226\",\"KISW\":\"Bastola ya SIG P226\"}', 0),
(120, 116, 'Enfants (00 à 14 ans)', '{\"FR\":\"Enfants (00 à 14 ans)\",\"ENG\":\"Children (00 to 14 years old)\",\"KIR\":\"Abana (bari hagati y\'imyaka 00-14) \",\"KISW\":\"Watoto (umri wa miaka 00-14)\"}', 0),
(121, 115, 'Pistolet SIG P228', '{\"FR\":\"Pistolet SIG P228\",\"ENG\":\"SIG P228 pistol\",\"KIR\":\"Inkoho  nto P228\",\"KISW\":\"Bastola ya SIG P228\"}', 0),
(122, 116, 'Garçons adolescents (15 à 24 ans)', '{\"FR\":\"Garçons adolescents (15 à 24 ans)\",\"ENG\":\"Adolescent boys (15 to 24 years old)\",\"KIR\":\"Abahungu b\'imiyabaga (iri hagati y\'imyaka 15-24)\",\"KISW\":\"Vijana wa kiume (umri wa miaka 15 hadi 24)\"}', 0),
(123, 115, 'Pistolet SIG P229', '{\"FR\":\"Pistolet SIG P229\",\"ENG\":\"SIG P229 pistol\",\"KIR\":\"Inkoho nto SIG P229\",\"KISW\":\"Bastola ya SIG P229\"}', 0),
(124, 116, 'Garçons adultes (25 à 64 ans)', '{\"FR\":\"Garçons adultes (25 à 64 ans)\",\"ENG\":\"Adult boys (25 to 64 years old)\",\"KIR\":\"Abasore b\'imyaka iri hagati 25 na 64\",\"KISW\":\"Watu wazima (umri wa miaka 25 hadi 64)\"}', 0),
(125, 115, 'Pistolet mitrailleur Sten Mark II', '{\"FR\":\"Pistolet mitrailleur Sten Mark II\",\"ENG\":\"Sten Mark II submachine gun\",\"KIR\":\"Inkoho nto mitralleur Sten Mark II \",\"KISW\":\"Bunduki ndogo ya Sten Mark II\"}', 0),
(126, 116, 'Hommes âgés de 65 ans ou plus', '{\"FR\":\"Hommes âgés de 65 ans ou plus\",\"ENG\":\"Men aged 65 years or older\",\"KIR\":\"Abatama b\'imyaka 65 kuduga\",\"KISW\":\"Wanaume wenye umri wa miaka 65 au zaidi\"}', 0),
(127, 115, 'Pistolet mitrailleur Sten Mark III', '{\"FR\":\"Pistolet mitrailleur Sten Mark III\",\"ENG\":\"Sten Mark III submachine gun\",\"KIR\":\"Inkoho nto  mitrailleur Sten Mark III\",\"KISW\":\" Bunduki ndogo ya Sten Mark III\"}', 0),
(128, 115, 'Fusil d\'assaut Tantal', '{\"FR\":\"Fusil d\'assaut Tantal\",\"ENG\":\"Tantal Assault Rifle\",\"KIR\":\"Inkoho Tantal\",\"KISW\":\"Bunduki ya Kushambulia ya Tantal\"}', 0),
(129, 117, 'Petites filles', '{\"FR\":\"Petites filles\",\"ENG\":\"Young girls\",\"KIR\":\"Abakobwa bato\",\"KISW\":\"Wasichana wadogo\"}', 0),
(130, 117, 'Petits garçons', '{\"FR\":\"Petits garçons\",\"ENG\":\"Little boys\",\"KIR\":\"Abana bato babahungu\",\"KISW\":\"wavulana wadogo\"}', 0),
(131, 116, 'Filles adolescentes (15 à 24 ans )', '{\"FR\":\"Filles adolescentes (15 à 24 ans )\",\"ENG\":\"Adolescent girls (15 to 24 years old)\",\"KIR\":\"Abakobwa b\'imiyabaga (iri hagati y\'imyaka 15-24)\",\"KISW\":\"Wasichana wadogo (umri wa miaka 15 hadi 24)\"}', 0),
(132, 117, 'Filles adolescentes', '{\"FR\":\"Filles adolescentes\",\"ENG\":\"Teenage girls\",\"KIR\":\"Abakobwa bakuze\",\"KISW\":\"Wasichana wa ujana\"}', 0),
(133, 117, 'Garçons adolescents', '{\"FR\":\"Garçons adolescents\",\"ENG\":\"Teenage boys\",\"KIR\":\"Abahungu babayabaga\",\"KISW\":\"Wavulana wa ujana\"}', 0),
(134, 116, 'Femmes âgées de 65 ans ou plus', '{\"FR\":\"Femmes âgées de 65 ans ou plus\\t\",\"ENG\":\"Women aged 65 or over\",\"KIR\":\"Abatamakazi b\'imyaka 65 kuduga\",\"KISW\":\"Wanawake wenye umri wa miaka 65 au zaidi\"}', 0),
(135, 117, 'Filles adultes', '{\"FR\":\"Filles adultes\",\"ENG\":\"Adult girls\",\"KIR\":\"Abakobwa bakuze\",\"KISW\":\"Wasichana wazima\"}', 0),
(136, 117, 'Garçons adultes', '{\"FR\":\"Garçons adultes\",\"ENG\":\"Adult boys\",\"KIR\":\"Abahungu bakuze\",\"KISW\":\"Wavulana wazima\"}', 0),
(137, 117, 'Vieux hommes', '{\"FR\":\"Vieux hommes \",\"ENG\":\"Old mens\",\"KIR\":\"Abagabo bashaje\",\"KISW\":\"Wazee\"}', 0),
(138, 116, 'Filles adultes (25 à 64 ans)', '{\"FR\":\"Filles adultes (25 à 64 ans)\",\"ENG\":\"Adult girls (25 to 64 years old)\",\"KIR\":\"Inkumi z\'imyaka iri hagati 25 na 64\",\"KISW\":\"Wasichana wazima (umri wa miaka 25 hadi 64)\"}', 0),
(139, 117, 'Vielles femmes', '{\"FR\":\"Vielles femmes\",\"ENG\":\"Old womens\",\"KIR\":\"Abagore bashaje\",\"KISW\":\"Wanawake wazee\"}', 0);

-- --------------------------------------------------------

--
-- Structure de la table `autres_contr_rep_identite`
--

DROP TABLE IF EXISTS `autres_contr_rep_identite`;
CREATE TABLE IF NOT EXISTS `autres_contr_rep_identite` (
  `ID_IDENTITE` int(11) NOT NULL,
  `ID_AUTRES_CONTROLES` int(11) NOT NULL,
  `ID_CONTROLES_QUESTIONNAIRES` int(11) DEFAULT NULL,
  `NOM` varchar(250) DEFAULT NULL,
  `PRENOM` varchar(250) DEFAULT NULL,
  `NATIONNALITE_ID` int(11) DEFAULT NULL,
  `SEXE` int(1) NOT NULL DEFAULT '0' COMMENT '1Homme 2Femme',
  `CNI` varchar(250) DEFAULT NULL,
  `TELEPHONE` varchar(50) DEFAULT NULL,
  `DATE_NAISSANCE` datetime DEFAULT NULL,
  `PHOTO` varchar(255) DEFAULT NULL,
  `DATE_INSERT` datetime NOT NULL DEFAULT CURRENT_TIMESTAMP,
  PRIMARY KEY (`ID_IDENTITE`)
) ENGINE=InnoDB DEFAULT CHARSET=utf8mb4;

--
-- Déchargement des données de la table `autres_contr_rep_identite`
--

INSERT INTO `autres_contr_rep_identite` (`ID_IDENTITE`, `ID_AUTRES_CONTROLES`, `ID_CONTROLES_QUESTIONNAIRES`, `NOM`, `PRENOM`, `NATIONNALITE_ID`, `SEXE`, `CNI`, `TELEPHONE`, `DATE_NAISSANCE`, `PHOTO`, `DATE_INSERT`) VALUES
(1, 16, NULL, 'Kabezya', 'Martin', 28, 1, '6748390', '65656533', '2022-07-08 17:17:50', 'http://app.mediabox.bi:2522/images/identites/1657300830160.jpg', '2022-07-08 17:20:30'),
(2, 16, NULL, 'Jules', 'Fréquent', 144, 1, 'T87999', '61546895', '2022-07-08 17:19:20', 'http://app.mediabox.bi:2522/images/identites/1657300830202.jpg', '2022-07-08 17:20:30'),
(3, 17, 26, 'John', 'Doe', 28, 1, '1705/478.059/2017', '12345678', '2000-07-11 07:27:55', 'http://app.mediabox.bi:2522/images/identites/1657524626300.jpg', '2022-07-11 07:30:26'),
(4, 17, 26, 'Vanny', 'Boy', 28, 1, '1234', '12345678', '1993-07-11 07:29:10', 'http://app.mediabox.bi:2522/images/identites/1657524626343.jpg', '2022-07-11 07:30:26');

-- --------------------------------------------------------

--
-- Structure de la table `chauffeur_permis`
--

DROP TABLE IF EXISTS `chauffeur_permis`;
CREATE TABLE IF NOT EXISTS `chauffeur_permis` (
  `ID_PERMIS` int(11) NOT NULL,
  `NUMERO_PERMIS` varchar(110) NOT NULL,
  `NOM_PROPRIETAIRE` varchar(110) NOT NULL,
  `CATEGORIES` varchar(255) NOT NULL,
  `DATE_NAISSANCE` date NOT NULL,
  `DATE_DELIVER` date NOT NULL,
  `DATE_EXPIRATION` date NOT NULL,
  `POINTS` int(11) NOT NULL DEFAULT '100',
  PRIMARY KEY (`ID_PERMIS`)
) ENGINE=InnoDB DEFAULT CHARSET=utf8mb4;

--
-- Déchargement des données de la table `chauffeur_permis`
--

INSERT INTO `chauffeur_permis` (`ID_PERMIS`, `NUMERO_PERMIS`, `NOM_PROPRIETAIRE`, `CATEGORIES`, `DATE_NAISSANCE`, `DATE_DELIVER`, `DATE_EXPIRATION`, `POINTS`) VALUES
(2, '748757', 'Ndizeye christian', 'FG', '1981-01-07', '2019-06-13', '2024-06-13', 89),
(3, 'PNC0066893', 'BERAMIHETO Martial', 'FG', '1993-01-01', '2017-09-30', '2022-08-29', 82),
(5, 'PNC0145523', 'BADOGOMBA ROMEO DON DE DIEU', 'AEB', '1997-02-27', '2021-01-27', '2026-01-27', 61),
(6, 'PNC0085063', 'NGABE Axel', 'AB', '1992-06-22', '2020-09-08', '2025-09-07', 67),
(11, 'ab123d', '119', 'pg537', '2014-11-23', '2011-12-13', '2014-11-23', 4),
(12, 'ab123d', '119', 'pg537', '2014-11-23', '2011-12-13', '2014-11-23', 4),
(13, 'PNC0166292', 'Mbonihankuye Eriel', 'B', '1997-04-04', '2021-09-14', '2026-09-13', 80);

-- --------------------------------------------------------

--
-- Structure de la table `chaussee`
--

DROP TABLE IF EXISTS `chaussee`;
CREATE TABLE IF NOT EXISTS `chaussee` (
  `ID_CHAUSSEE` int(11) NOT NULL,
  `NOM_CHAUSSE` varchar(255) NOT NULL,
  `QUESTIONNAIRE_TRADUCTION` text,
  `LATITUDE` int(255) NOT NULL DEFAULT '1',
  `LONGITUDE` int(255) NOT NULL DEFAULT '1',
  PRIMARY KEY (`ID_CHAUSSEE`)
) ENGINE=InnoDB DEFAULT CHARSET=utf8mb4;

--
-- Déchargement des données de la table `chaussee`
--

INSERT INTO `chaussee` (`ID_CHAUSSEE`, `NOM_CHAUSSE`, `QUESTIONNAIRE_TRADUCTION`, `LATITUDE`, `LONGITUDE`) VALUES
(1, 'RWEGURA', NULL, 1, 1),
(2, 'Gard du nord', NULL, 1, 1),
(3, 'Chaussée de l\'université', '{\"FR\":\"Chaussée de l\'université\",\"ENG\":\" University Causeway\",\"KIR\":\"Chaussée de l\'université\",\"KISW\":\" Njia ya Chuo Kikuu\"}', 1, 1),
(4, 'Boulevard de l\'Afrique', '{\"FR\":\"Boulevard de l\'Afrique\",\"ENG\":\"Boulevard de l\'Afrique\",\"KIR\":\"Boulevard de l\'Afrique\",\"KISW\":\"Boulevard de l\'Afrique\"}', 1, 1),
(5, 'Boulevard Mwambutsa', '{\"FR\":\"Boulevard Mwambutsa\",\"ENG\":\"Boulevard Mwambutsa\",\"KIR\":\"Boulevard Mwambutsa\",\"KISW\":\"Boulevard Mwambutsa\"}', 1, 1),
(6, 'Boulevard du 28 Novembre', '{\"FR\":\"Boulevard du 28 Novembre\",\"ENG\":\"Boulevard du 28 Novembre\",\"KIR\":\"Boulevard du 28 Novembre\",\"KISW\":\"Boulevard du 28 Novembre\"}', 1, 1),
(7, 'Chaussee de Peuple Murundi', '{\"FR\":\"Chaussee de Peuple Murundi\",\"ENG\":\"Chaussee de Peuple Murundi\",\"KIR\":\"Chaussee de Peuple Murundi\",\"KISW\":\"Chaussee de Peuple Murundi\"}', 1, 1),
(8, 'Avenue de l\'OUA', '{\"FR\":\"Avenue de l\'OUA\",\"ENG\":\"Avenue de l\'OUA\",\"KIR\":\"Avenue de l\'OUA\",\"KISW\":\"Avenue de l\'OUA\"}', 1, 1),
(9, 'Avenue de l\'Imprimerie', '{\"FR\":\"Avenue de l\'Imprimerie\",\"ENG\":\"Avenue de l\'Imprimerie\",\"KIR\":\"Avenue de l\'Imprimerie\",\"KISW\":\"Avenue de l\'Imprimerie\"}', 1, 1),
(10, 'Avenue de la Jeunesse', '{\"FR\":\"Avenue de la Jeunesse\",\"ENG\":\"Avenue de la Jeunesse\",\"KIR\":\"Avenue de la Jeunesse\",\"KISW\":\"Avenue de la Jeunesse\"}', 1, 1),
(11, 'Boulevard de l\'Uprona', '{\"FR\":\"Boulevard de l\'Uprona\",\"ENG\":\"Boulevard de l\'Uprona\",\"KIR\":\"Boulevard de l\'Uprona\",\"KISW\":\"Boulevard de l\'Uprona\"}', 1, 1),
(12, 'Boulevard du 1er Novembre', '{\"FR\":\"Boulevard du 1er Novembre \",\"ENG\":\"Boulevard du 1er Novembre \",\"KIR\":\"Boulevard du 1er Novembre \",\"KISW\":\"Boulevard du 1er Novembre \"}', 1, 1),
(13, 'Chaus. P.L. Rwagasore', '{\"FR\":\"Chaus. P.L. Rwagasore \",\"ENG\":\"Chaus. P.L. Rwagasore \",\"KIR\":\"Chaus. P.L. Rwagasore \",\"KISW\":\"Chaus. P.L. Rwagasore \"}', 1, 1),
(14, 'Avenue de la Revolution', '{\"FR\":\"Avenue de la Revolution\",\"ENG\":\"Avenue de la Revolution\",\"KIR\":\"Avenue de la Revolution\",\"KISW\":\"Avenue de la Revolution\"}', 1, 1),
(15, 'Avenue du 18 Septembre', '{\"FR\":\"Avenue du 18 Septembre\",\"ENG\":\"Avenue du 18 Septembre\",\"KIR\":\"Avenue du 18 Septembre\",\"KISW\":\"Avenue du 18 Septembre\"}', 1, 1),
(16, 'Boulevard du Japon', '{\"FR\":\"Boulevard du Japon\",\"ENG\":\"Boulevard du Japon\",\"KIR\":\"Boulevard du Japon\",\"KISW\":\"Boulevard du Japon\"}', 1, 1);

-- --------------------------------------------------------

--
-- Structure de la table `civil_alerts`
--

DROP TABLE IF EXISTS `civil_alerts`;
CREATE TABLE IF NOT EXISTS `civil_alerts` (
  `ID_ALERT` int(11) NOT NULL,
  `ID_UTILISATEUR` int(11) NOT NULL,
  `ID_CONTROLE_PLAQUE` int(11) DEFAULT NULL,
  `ID_ALERT_TYPE` int(11) NOT NULL,
  `ID_IMMATICULATION` int(11) DEFAULT NULL,
  `CIVIL_DESCRIPTION` text,
  `ID_CHAUSSEE` int(11) DEFAULT NULL,
  `PSR_AFFECTATION_ID` int(11) DEFAULT NULL,
  `IMAGE_1` varchar(255) DEFAULT NULL,
  `IMAGE_2` varchar(255) DEFAULT NULL,
  `IMAGE_3` varchar(255) DEFAULT NULL,
  `LATITUDE` varchar(255) DEFAULT NULL,
  `LONGITUDE` varchar(255) DEFAULT NULL,
  `DELETED_AT` datetime DEFAULT NULL,
  `DATE_INSERTION` datetime NOT NULL DEFAULT CURRENT_TIMESTAMP,
  `VALIDATION` int(10) DEFAULT '0',
  `STATUT_TRAITEMENT` int(10) NOT NULL DEFAULT '3',
  PRIMARY KEY (`ID_ALERT`)
) ENGINE=MyISAM DEFAULT CHARSET=latin1;

--
-- Déchargement des données de la table `civil_alerts`
--

INSERT INTO `civil_alerts` (`ID_ALERT`, `ID_UTILISATEUR`, `ID_CONTROLE_PLAQUE`, `ID_ALERT_TYPE`, `ID_IMMATICULATION`, `CIVIL_DESCRIPTION`, `ID_CHAUSSEE`, `PSR_AFFECTATION_ID`, `IMAGE_1`, `IMAGE_2`, `IMAGE_3`, `LATITUDE`, `LONGITUDE`, `DELETED_AT`, `DATE_INSERTION`, `VALIDATION`, `STATUT_TRAITEMENT`) VALUES
(1, 94, NULL, 3, NULL, 'Test vraiment ', 2, NULL, 'http://app.mediabox.bi:2522/images/alerts/1656400286542.jpg', NULL, NULL, '-3.3905823', '29.3795811', NULL, '2022-06-28 07:11:26', 0, 3),
(2, 94, NULL, 1, 1, 'Test', 3, NULL, 'http://app.mediabox.bi:2522/images/alerts/1656400844647.jpg', NULL, NULL, '-3.3905548', '29.3795555', NULL, '2022-06-28 07:20:44', 0, 1),
(3, 89, NULL, 3, NULL, NULL, 3, NULL, NULL, NULL, NULL, '-3.3905495', '29.379552', NULL, '2022-06-28 07:21:56', 0, 3),
(4, 89, NULL, 3, NULL, NULL, 2, NULL, NULL, NULL, NULL, '-3.3846379', '29.3838637', NULL, '2022-06-28 07:59:56', 0, 3),
(5, 94, NULL, 3, NULL, NULL, 3, NULL, NULL, NULL, NULL, '-3.3846385', '29.3838563', NULL, '2022-06-28 08:15:11', 0, 3),
(6, 89, NULL, 3, NULL, NULL, 2, NULL, NULL, NULL, NULL, '-3.3846374', '29.383864', NULL, '2022-06-28 08:15:52', 0, 3),
(7, 80, NULL, 3, NULL, NULL, 1, NULL, NULL, NULL, NULL, '-3.3821157', '29.383284', NULL, '2022-06-28 08:20:20', 0, 3),
(8, 94, NULL, 3, NULL, NULL, 1, NULL, NULL, NULL, NULL, '-3.3846386', '29.3838623', NULL, '2022-06-28 08:24:09', 0, 3),
(9, 80, NULL, 3, NULL, NULL, 2, NULL, NULL, NULL, NULL, '-3.3821157', '29.383284', NULL, '2022-06-28 08:24:41', 0, 3),
(10, 89, NULL, 3, NULL, NULL, 1, NULL, NULL, NULL, NULL, '-3.3905866', '29.3795513', NULL, '2022-06-28 08:32:58', 0, 3),
(11, 89, NULL, 3, NULL, NULL, 1, NULL, NULL, NULL, NULL, '-3.3846373', '29.3838638', NULL, '2022-06-28 08:36:16', 0, 3),
(12, 89, NULL, 3, NULL, NULL, 3, NULL, NULL, NULL, NULL, '-3.3858588', '29.3802348', NULL, '2022-06-28 08:37:55', 0, 3),
(13, 89, NULL, 1, 6, 'Ior', 3, NULL, 'http://app.mediabox.bi:2522/images/alerts/1656406473749.jpg', 'http://app.mediabox.bi:2522/images/alerts/1656406473750.jpg', NULL, '-3.3905537', '29.3795648', NULL, '2022-06-28 08:54:33', 0, 1),
(14, 89, NULL, 3, NULL, NULL, 1, NULL, NULL, NULL, NULL, '-3.3846303', '29.3838622', NULL, '2022-06-28 09:16:16', 0, 3),
(15, 80, NULL, 3, NULL, NULL, 2, NULL, NULL, NULL, NULL, '-3.3905528', '29.3795502', NULL, '2022-06-28 09:16:27', 0, 3),
(16, 80, NULL, 3, NULL, NULL, 2, NULL, NULL, NULL, NULL, '-3.3821157', '29.383284', NULL, '2022-06-28 09:18:18', 0, 3),
(17, 89, NULL, 3, NULL, NULL, 2, NULL, NULL, NULL, NULL, '-3.3832743', '29.3818326', NULL, '2022-06-28 09:18:43', 0, 3),
(18, 89, NULL, 3, NULL, NULL, 1, NULL, NULL, NULL, NULL, '-3.3861348', '29.3792926', NULL, '2022-06-28 09:19:25', 0, 3),
(19, 89, NULL, 3, NULL, NULL, 2, NULL, NULL, NULL, NULL, '-3.3821157', '29.383284', NULL, '2022-06-28 09:19:28', 0, 3),
(20, 89, NULL, 3, NULL, NULL, 3, NULL, NULL, NULL, NULL, '-3.3905836', '29.3795666', NULL, '2022-06-28 09:19:35', 0, 3),
(21, 80, NULL, 3, NULL, NULL, 3, NULL, NULL, NULL, NULL, '-3.3821157', '29.383284', NULL, '2022-06-28 09:20:01', 0, 3),
(22, 80, NULL, 3, NULL, NULL, 1, NULL, NULL, NULL, NULL, '-3.3905573', '29.3795532', NULL, '2022-06-28 09:20:12', 0, 3),
(23, 89, NULL, 3, NULL, NULL, 2, NULL, NULL, NULL, NULL, '-3.3821157', '29.383284', NULL, '2022-06-28 09:20:30', 0, 3),
(24, 89, NULL, 3, NULL, NULL, 2, NULL, NULL, NULL, NULL, '-3.3846386', '29.3838623', NULL, '2022-06-28 09:21:01', 0, 3),
(25, 95, NULL, 3, NULL, NULL, 3, NULL, NULL, NULL, NULL, '-3.3821157', '29.383284', NULL, '2022-06-28 09:21:09', 0, 3),
(26, 80, NULL, 3, NULL, NULL, 2, NULL, NULL, NULL, NULL, '-3.3821157', '29.383284', NULL, '2022-06-28 09:21:17', 0, 3),
(27, 95, NULL, 3, NULL, NULL, 2, NULL, NULL, NULL, NULL, '-3.3821157', '29.383284', NULL, '2022-06-28 09:21:43', 0, 3),
(28, 89, NULL, 3, NULL, NULL, 2, NULL, NULL, NULL, NULL, '-3.390586', '29.3795559', NULL, '2022-06-28 09:22:20', 0, 3),
(29, 89, NULL, 3, NULL, NULL, 3, NULL, NULL, NULL, NULL, '-3.3811663', '29.3848206', NULL, '2022-06-28 09:22:28', 0, 3),
(30, 89, NULL, 3, NULL, NULL, 1, NULL, NULL, NULL, NULL, '-3.3905759', '29.3795768', NULL, '2022-06-28 09:22:37', 0, 3),
(31, 89, NULL, 3, NULL, NULL, 1, NULL, NULL, NULL, NULL, '-3.3821157', '29.383284', NULL, '2022-06-28 09:23:04', 0, 3),
(32, 89, NULL, 3, NULL, NULL, 1, NULL, NULL, NULL, NULL, '-3.384638', '29.3838634', NULL, '2022-06-28 09:24:07', 0, 3),
(33, 89, NULL, 3, NULL, NULL, 1, NULL, NULL, NULL, NULL, '-3.3846342', '29.3838624', NULL, '2022-06-28 09:24:52', 0, 3),
(34, 89, NULL, 3, NULL, NULL, 1, NULL, NULL, NULL, NULL, '-3.3832743', '29.3818326', NULL, '2022-06-28 09:25:21', 0, 3),
(35, 95, NULL, 3, NULL, NULL, 2, NULL, NULL, NULL, NULL, '-3.3821157', '29.383284', NULL, '2022-06-28 09:25:31', 0, 3),
(36, 80, NULL, 3, NULL, NULL, 2, NULL, NULL, NULL, NULL, '-3.384572', '29.3838467', NULL, '2022-06-28 09:25:33', 0, 3),
(37, 80, NULL, 3, NULL, NULL, 2, NULL, NULL, NULL, NULL, '-3.3846366', '29.383864', NULL, '2022-06-28 09:27:57', 0, 3),
(38, 95, NULL, 3, NULL, NULL, 2, NULL, NULL, NULL, NULL, '-3.3821157', '29.383284', NULL, '2022-06-28 09:34:03', 0, 3),
(39, 95, NULL, 3, NULL, NULL, 2, NULL, NULL, NULL, NULL, '-3.3846376', '29.3838639', NULL, '2022-06-28 09:42:00', 0, 3),
(40, 95, NULL, 3, NULL, NULL, 2, NULL, NULL, NULL, NULL, '-3.3905882', '29.379545', NULL, '2022-06-28 09:52:45', 0, 3),
(41, 89, NULL, 3, NULL, NULL, 3, NULL, NULL, NULL, NULL, '-3.3821157', '29.383284', NULL, '2022-06-28 09:53:26', 0, 3),
(42, 89, NULL, 3, NULL, NULL, 3, NULL, NULL, NULL, NULL, '-3.3846347', '29.3838639', NULL, '2022-06-28 10:09:31', 0, 3),
(43, 80, NULL, 3, NULL, NULL, 2, NULL, NULL, NULL, NULL, '-3.3821157', '29.383284', NULL, '2022-06-28 10:09:35', 0, 3),
(44, 95, NULL, 3, NULL, NULL, 2, NULL, NULL, NULL, NULL, '-3.3821157', '29.383284', NULL, '2022-06-28 10:09:40', 0, 3),
(45, 80, NULL, 3, NULL, NULL, 2, NULL, NULL, NULL, NULL, '-3.3846373', '29.3838638', NULL, '2022-06-28 10:09:46', 0, 3),
(46, 89, NULL, 3, NULL, NULL, 3, NULL, NULL, NULL, NULL, '-3.3905815', '29.3795653', NULL, '2022-06-28 10:09:58', 0, 3),
(47, 89, NULL, 3, NULL, NULL, 2, NULL, NULL, NULL, NULL, '-3.3905744', '29.3795488', NULL, '2022-06-28 10:10:07', 0, 3),
(48, 89, NULL, 3, NULL, NULL, 1, NULL, NULL, NULL, NULL, '-3.3821157', '29.383284', NULL, '2022-06-28 10:13:16', 0, 3),
(49, 95, NULL, 3, NULL, NULL, 2, NULL, NULL, NULL, NULL, '-3.3846372', '29.383864', NULL, '2022-06-28 10:16:35', 0, 3),
(50, 94, NULL, 3, NULL, NULL, 3, NULL, NULL, NULL, NULL, '-3.3846373', '29.3838638', NULL, '2022-06-28 10:20:08', 0, 3),
(51, 89, NULL, 1, 3, 'Elle est garée à 2m de l\'entrée ', 2, NULL, 'http://app.mediabox.bi:2522/images/alerts/1656411654162.jpg', NULL, NULL, '-3.3905902', '29.3795407', NULL, '2022-06-28 10:20:54', 0, 1),
(52, 89, NULL, 3, NULL, NULL, 2, NULL, NULL, NULL, NULL, '-3.3905837', '29.3795609', NULL, '2022-06-28 10:21:15', 0, 3),
(53, 89, NULL, 1, 3, '28novembre', 3, NULL, 'http://app.mediabox.bi:2522/images/alerts/1656411721830.jpg', NULL, NULL, '-3.3905826', '29.379564', NULL, '2022-06-28 10:22:01', 0, 1),
(54, 89, NULL, 1, 3, 'Test signalement', 1, NULL, 'http://app.mediabox.bi:2522/images/alerts/1656415233731.jpg', NULL, NULL, '-3.3846366', '29.383864', NULL, '2022-06-28 11:20:33', 0, 1),
(55, 89, NULL, 3, NULL, NULL, 3, NULL, NULL, NULL, NULL, '-3.3905754', '29.3795812', NULL, '2022-06-28 11:51:13', 0, 3),
(56, 89, NULL, 3, NULL, NULL, 2, NULL, NULL, NULL, NULL, '-3.390578', '29.3795752', NULL, '2022-06-28 12:59:45', 0, 3),
(57, 89, NULL, 3, NULL, NULL, 2, NULL, NULL, NULL, NULL, '-3.3835382', '29.3655031', NULL, '2022-06-28 14:49:18', 0, 3),
(58, 89, NULL, 3, NULL, NULL, 2, NULL, NULL, NULL, NULL, '-3.3917844', '29.3763896', NULL, '2022-06-28 17:07:59', 0, 3),
(59, 89, NULL, 3, NULL, NULL, 3, NULL, NULL, NULL, NULL, '-3.3840162', '29.3720287', NULL, '2022-06-29 09:38:34', 0, 3),
(60, 89, NULL, 3, NULL, NULL, 1, NULL, NULL, NULL, NULL, '-3.3846007', '29.3669547', NULL, '2022-06-29 10:42:36', 0, 3),
(61, 80, NULL, 3, NULL, NULL, 1, NULL, NULL, NULL, NULL, '-3.3905695', '29.3795689', NULL, '2022-06-29 14:49:55', 0, 3),
(62, 80, NULL, 1, 8, 'Hy hy hy\nHy\nBu', 1, NULL, 'http://app.mediabox.bi:2522/images/alerts/1656514326821.jpg', NULL, NULL, '-3.3905754', '29.379578', NULL, '2022-06-29 14:52:07', 0, 1),
(63, 80, NULL, 2, NULL, 'Aba police bariko barya kbiturire numu chaffeur wa bus', 2, NULL, 'http://app.mediabox.bi:2522/images/alerts/1656514464302.jpg', 'http://app.mediabox.bi:2522/images/alerts/1656514464303.jpg', NULL, '-3.3905733', '29.3795758', NULL, '2022-06-29 14:54:24', 0, 3),
(64, 80, NULL, 3, NULL, NULL, 1, NULL, NULL, NULL, NULL, '-3.390576', '29.3795793', NULL, '2022-07-04 08:46:41', 0, 3),
(65, 94, NULL, 3, NULL, NULL, 3, NULL, NULL, NULL, NULL, '-3.3905905', '29.3795396', NULL, '2022-07-04 14:57:05', 0, 3),
(66, 94, NULL, 3, NULL, NULL, 2, NULL, NULL, NULL, NULL, '-3.3905753', '29.3795804', NULL, '2022-07-04 15:05:37', 0, 3),
(67, 94, NULL, 3, NULL, NULL, 1, NULL, NULL, NULL, NULL, '-3.3854953', '29.3818326', NULL, '2022-07-04 18:38:44', 0, 3),
(68, 89, NULL, 3, NULL, NULL, 2, NULL, NULL, NULL, NULL, '-3.3563597', '29.398523', NULL, '2022-07-04 20:19:47', 0, 3),
(69, 94, NULL, 3, NULL, NULL, 2, NULL, NULL, NULL, NULL, '-3.3908396', '29.3775433', NULL, '2022-07-05 08:31:00', 0, 3),
(70, 80, NULL, 3, NULL, NULL, 1, NULL, NULL, NULL, NULL, '-3.3905813', '29.3795722', NULL, '2022-07-05 09:38:45', 0, 3),
(71, 94, NULL, 3, NULL, NULL, 3, NULL, NULL, NULL, NULL, '-3.3904594', '29.3791439', NULL, '2022-07-05 10:19:53', 0, 3),
(72, 80, NULL, 3, NULL, 'Ggg', 1, NULL, 'http://app.mediabox.bi:2522/images/alerts/1657017121273.jpg', NULL, NULL, '-3.3905902', '29.3795405', NULL, '2022-07-05 10:32:01', 0, 3),
(73, 94, NULL, 3, NULL, NULL, 3, NULL, NULL, NULL, NULL, '-3.3905531', '29.3795564', NULL, '2022-07-05 10:44:02', 0, 3),
(74, 98, NULL, 2, NULL, 'Ggg', 3, NULL, NULL, NULL, NULL, '-3.3846136', '29.3839611', NULL, '2022-07-05 13:17:59', 0, 3),
(75, 80, NULL, 3, NULL, 'Dddd', 2, NULL, NULL, NULL, NULL, '-3.3845625', '29.3839667', NULL, '2022-07-06 05:53:36', 0, 3),
(76, 80, NULL, 3, NULL, NULL, 2, NULL, NULL, NULL, NULL, '-3.3905762', '29.3795784', NULL, '2022-07-06 11:07:40', 0, 3),
(77, 80, 49, 3, NULL, NULL, NULL, NULL, 'http://app.mediabox.bi:2522/images/alerts/1657186845403.jpg', NULL, NULL, '-3.3905846', '29.3795588', NULL, '2022-07-07 09:40:45', 0, 3),
(0, 80, 0, 1, 8, 'Cff', NULL, NULL, 'http://192.168.43.195:8000/images/alerts/1657532398068.jpg', NULL, NULL, '-3.384572', '29.3839855', NULL, '2022-07-11 11:39:58', 0, 3);

-- --------------------------------------------------------

--
-- Structure de la table `civil_alerts_details`
--

DROP TABLE IF EXISTS `civil_alerts_details`;
CREATE TABLE IF NOT EXISTS `civil_alerts_details` (
  `ID_DETAIL` int(11) NOT NULL,
  `ID_CIVIL_ALERT` int(11) NOT NULL,
  `ID_QUESTIONNAIRE` int(11) NOT NULL,
  `STATUS` int(11) NOT NULL DEFAULT '1',
  PRIMARY KEY (`ID_DETAIL`)
) ENGINE=MyISAM DEFAULT CHARSET=latin1;

--
-- Déchargement des données de la table `civil_alerts_details`
--

INSERT INTO `civil_alerts_details` (`ID_DETAIL`, `ID_CIVIL_ALERT`, `ID_QUESTIONNAIRE`, `STATUS`) VALUES
(1, 1, 24, 1),
(2, 2, 49, 1),
(3, 4, 26, 1),
(4, 8, 23, 1),
(5, 10, 26, 1),
(6, 11, 23, 1),
(7, 13, 30, 1),
(8, 17, 25, 1),
(9, 19, 24, 1),
(10, 28, 26, 1),
(11, 28, 23, 1),
(12, 34, 23, 1),
(13, 40, 25, 1),
(14, 51, 49, 1),
(15, 53, 49, 1),
(16, 54, 49, 1),
(17, 59, 26, 1),
(18, 60, 23, 1),
(19, 60, 26, 1),
(20, 61, 26, 1),
(21, 62, 37, 1),
(22, 63, 31, 1),
(23, 64, 23, 1),
(24, 72, 98, 1),
(25, 74, 107, 1),
(26, 75, 98, 1),
(27, 77, 116, 1),
(0, 0, 110, 1);

-- --------------------------------------------------------

--
-- Structure de la table `civil_alerts_types`
--

DROP TABLE IF EXISTS `civil_alerts_types`;
CREATE TABLE IF NOT EXISTS `civil_alerts_types` (
  `ID_TYPE` int(11) NOT NULL,
  `DESCRIPTION` varchar(255) NOT NULL,
  PRIMARY KEY (`ID_TYPE`)
) ENGINE=MyISAM DEFAULT CHARSET=latin1;

--
-- Déchargement des données de la table `civil_alerts_types`
--

INSERT INTO `civil_alerts_types` (`ID_TYPE`, `DESCRIPTION`) VALUES
(1, 'Alerte pour les véhicules'),
(2, 'Alerte pour les polices'),
(3, 'Alertes controles');

-- --------------------------------------------------------

--
-- Structure de la table `cotations`
--

DROP TABLE IF EXISTS `cotations`;
CREATE TABLE IF NOT EXISTS `cotations` (
  `ID_COTATION` int(11) NOT NULL AUTO_INCREMENT,
  `ID_CRITERE_COTATION` int(11) NOT NULL,
  `ID_TYPE_COTATION` int(11) NOT NULL,
  PRIMARY KEY (`ID_COTATION`)
) ENGINE=MyISAM DEFAULT CHARSET=latin1;

-- --------------------------------------------------------

--
-- Structure de la table `countries`
--

DROP TABLE IF EXISTS `countries`;
CREATE TABLE IF NOT EXISTS `countries` (
  `COUNTRY_ID` int(11) NOT NULL,
  `SortOrder` int(3) DEFAULT NULL,
  `CommonName` varchar(38) DEFAULT NULL,
  `FormalName` varchar(53) DEFAULT NULL,
  `Type` varchar(23) DEFAULT NULL,
  `Sub Type` varchar(34) DEFAULT NULL,
  `Sovereignty` varchar(14) DEFAULT NULL,
  `Capital` varchar(78) DEFAULT NULL,
  `ISO 4217 Currency Code` varchar(11) DEFAULT NULL,
  `ISO 4217 Currency Name` varchar(14) DEFAULT NULL,
  `ITU-T_Telephone_Code` varchar(16) DEFAULT NULL,
  `ISO2LetterCode` varchar(2) DEFAULT NULL,
  `ISO3Letter Code` varchar(3) DEFAULT NULL,
  `ISO 3166-1 Number` varchar(3) DEFAULT NULL,
  `IANA Country Code TLD` varchar(11) DEFAULT NULL,
  PRIMARY KEY (`COUNTRY_ID`)
) ENGINE=InnoDB DEFAULT CHARSET=latin1;

--
-- Déchargement des données de la table `countries`
--

INSERT INTO `countries` (`COUNTRY_ID`, `SortOrder`, `CommonName`, `FormalName`, `Type`, `Sub Type`, `Sovereignty`, `Capital`, `ISO 4217 Currency Code`, `ISO 4217 Currency Name`, `ITU-T_Telephone_Code`, `ISO2LetterCode`, `ISO3Letter Code`, `ISO 3166-1 Number`, `IANA Country Code TLD`) VALUES
(1, 1, 'Afghanistan', 'Islamic State of Afghanistan', 'Independent State', '', '', 'Kabul', 'AFN', 'Afghani', '+93', 'AF', 'AFG', '4', '.af'),
(2, 2, 'Albania', 'Republic of Albania', 'Independent State', '', '', 'Tirana', 'ALL', 'Lek', '+355', 'AL', 'ALB', '8', '.al'),
(3, 3, 'Algeria', 'People\'s Democratic Republic of Algeria', 'Independent State', '', '', 'Algiers', 'DZD', 'Dinar', '+213', 'DZ', 'DZA', '12', '.dz'),
(4, 4, 'Andorra', 'Principality of Andorra', 'Independent State', '', '', 'Andorra la Vella', 'EUR', 'Euro', '+376', 'AD', 'AND', '20', '.ad'),
(5, 5, 'Angola', 'Republic of Angola', 'Independent State', '', '', 'Luanda', 'AOA', 'Kwanza', '+244', 'AO', 'AGO', '24', '.ao'),
(6, 6, 'Antigua and Barbuda', '', 'Independent State', '', '', 'Saint John\'s', 'XCD', 'Dollar', '+1268', 'AG', 'ATG', '28', '.ag'),
(7, 7, 'Argentina', 'Argentine Republic', 'Independent State', '', '', 'Buenos Aires', 'ARS', 'Peso', '+54', 'AR', 'ARG', '32', '.ar'),
(8, 8, 'Armenia', 'Republic of Armenia', 'Independent State', '', '', 'Yerevan', 'AMD', 'Dram', '+374', 'AM', 'ARM', '51', '.am'),
(9, 9, 'Australia', 'Commonwealth of Australia', 'Independent State', '', '', 'Canberra', 'AUD', 'Dollar', '+61', 'AU', 'AUS', '36', '.au'),
(10, 10, 'Austria', 'Republic of Austria', 'Independent State', '', '', 'Vienna', 'EUR', 'Euro', '+43', 'AT', 'AUT', '40', '.at'),
(11, 11, 'Azerbaijan', 'Republic of Azerbaijan', 'Independent State', '', '', 'Baku', 'AZN', 'Manat', '+994', 'AZ', 'AZE', '31', '.az'),
(12, 12, 'Bahamas, The', 'Commonwealth of The Bahamas', 'Independent State', '', '', 'Nassau', 'BSD', 'Dollar', '+241', 'BS', 'BHS', '44', '.bs'),
(13, 13, 'Bahrain', 'Kingdom of Bahrain', 'Independent State', '', '', 'Manama', 'BHD', 'Dinar', '+973', 'BH', 'BHR', '48', '.bh'),
(14, 14, 'Bangladesh', 'People\'s Republic of Bangladesh', 'Independent State', '', '', 'Dhaka', 'BDT', 'Taka', '+880', 'BD', 'BGD', '50', '.bd'),
(15, 15, 'Barbados', '', 'Independent State', '', '', 'Bridgetown', 'BBD', 'Dollar', '+245', 'BB', 'BRB', '52', '.bb'),
(16, 16, 'Belarus', 'Republic of Belarus', 'Independent State', '', '', 'Minsk', 'BYR', 'Ruble', '+375', 'BY', 'BLR', '112', '.by'),
(17, 17, 'Belgium', 'Kingdom of Belgium', 'Independent State', '', '', 'Brussels', 'EUR', 'Euro', '+32', 'BE', 'BEL', '56', '.be'),
(18, 18, 'Belize', '', 'Independent State', '', '', 'Belmopan', 'BZD', 'Dollar', '+501', 'BZ', 'BLZ', '84', '.bz'),
(19, 19, 'Benin', 'Republic of Benin', 'Independent State', '', '', 'Porto-Novo', 'XOF', 'Franc', '+229', 'BJ', 'BEN', '204', '.bj'),
(20, 20, 'Bhutan', 'Kingdom of Bhutan', 'Independent State', '', '', 'Thimphu', 'BTN', 'Ngultrum', '+975', 'BT', 'BTN', '64', '.bt'),
(21, 21, 'Bolivia', 'Republic of Bolivia', 'Independent State', '', '', 'La Paz (administrative/legislative) and Sucre (judical)', 'BOB', 'Boliviano', '+591', 'BO', 'BOL', '68', '.bo'),
(22, 22, 'Bosnia and Herzegovina', '', 'Independent State', '', '', 'Sarajevo', 'BAM', 'Marka', '+387', 'BA', 'BIH', '70', '.ba'),
(23, 23, 'Botswana', 'Republic of Botswana', 'Independent State', '', '', 'Gaborone', 'BWP', 'Pula', '+267', 'BW', 'BWA', '72', '.bw'),
(24, 24, 'Brazil', 'Federative Republic of Brazil', 'Independent State', '', '', 'Brasilia', 'BRL', 'Real', '+55', 'BR', 'BRA', '76', '.br'),
(25, 25, 'Brunei', 'Negara Brunei Darussalam', 'Independent State', '', '', 'Bandar Seri Begawan', 'BND', 'Dollar', '+673', 'BN', 'BRN', '96', '.bn'),
(26, 26, 'Bulgaria', 'Republic of Bulgaria', 'Independent State', '', '', 'Sofia', 'BGN', 'Lev', '+359', 'BG', 'BGR', '100', '.bg'),
(27, 27, 'Burkina Faso', '', 'Independent State', '', '', 'Ouagadougou', 'XOF', 'Franc', '+226', 'BF', 'BFA', '854', '.bf'),
(28, 28, 'Burundi', 'Republic of Burundi', 'Independent State', '', '', 'Bujumbura', 'BIF', 'Franc', '+257', 'BI', 'BDI', '108', '.bi'),
(29, 29, 'Cambodia', 'Kingdom of Cambodia', 'Independent State', '', '', 'Phnom Penh', 'KHR', 'Riels', '+855', 'KH', 'KHM', '116', '.kh'),
(30, 30, 'Cameroon', 'Republic of Cameroon', 'Independent State', '', '', 'Yaounde', 'XAF', 'Franc', '+237', 'CM', 'CMR', '120', '.cm'),
(31, 31, 'Canada', '', 'Independent State', '', '', 'Ottawa', 'CAD', 'Dollar', '+1', 'CA', 'CAN', '124', '.ca'),
(32, 32, 'Cape Verde', 'Republic of Cape Verde', 'Independent State', '', '', 'Praia', 'CVE', 'Escudo', '+238', 'CV', 'CPV', '132', '.cv'),
(33, 33, 'Central African Republic', '', 'Independent State', '', '', 'Bangui', 'XAF', 'Franc', '+236', 'CF', 'CAF', '140', '.cf'),
(34, 34, 'Chad', 'Republic of Chad', 'Independent State', '', '', 'N\'Djamena', 'XAF', 'Franc', '+235', 'TD', 'TCD', '148', '.td'),
(35, 35, 'Chile', 'Republic of Chile', 'Independent State', '', '', 'Santiago (administrative/judical) and Valparaiso (legislative)', 'CLP', 'Peso', '+56', 'CL', 'CHL', '152', '.cl'),
(36, 36, 'China, People\'s Republic of', 'People\'s Republic of China', 'Independent State', '', '', 'Beijing', 'CNY', 'Yuan Renminbi', '+86', 'CN', 'CHN', '156', '.cn'),
(37, 37, 'Colombia', 'Republic of Colombia', 'Independent State', '', '', 'Bogota', 'COP', 'Peso', '+57', 'CO', 'COL', '170', '.co'),
(38, 38, 'Comoros', 'Union of Comoros', 'Independent State', '', '', 'Moroni', 'KMF', 'Franc', '+269', 'KM', 'COM', '174', '.km'),
(39, 39, 'Congo (Congo Kinshasa)', 'Democratic Republic of the Congo', 'Independent State', '', '', 'Kinshasa', 'CDF', 'Franc', '+243', 'CD', 'COD', '180', '.cd'),
(40, 40, 'Congo (Congo Brazzaville)', 'Republic of the Congo', 'Independent State', '', '', 'Brazzaville', 'XAF', 'Franc', '+242', 'CG', 'COG', '178', '.cg'),
(41, 41, 'Costa Rica', 'Republic of Costa Rica', 'Independent State', '', '', 'San Jose', 'CRC', 'Colon', '+506', 'CR', 'CRI', '188', '.cr'),
(42, 42, 'Cote d\'Ivoire (Ivory Coast)', 'Republic of Cote d\'Ivoire', 'Independent State', '', '', 'Yamoussoukro', 'XOF', 'Franc', '+225', 'CI', 'CIV', '384', '.ci'),
(43, 43, 'Croatia', 'Republic of Croatia', 'Independent State', '', '', 'Zagreb', 'HRK', 'Kuna', '+385', 'HR', 'HRV', '191', '.hr'),
(44, 44, 'Cuba', 'Republic of Cuba', 'Independent State', '', '', 'Havana', 'CUP', 'Peso', '+53', 'CU', 'CUB', '192', '.cu'),
(45, 45, 'Cyprus', 'Republic of Cyprus', 'Independent State', '', '', 'Nicosia', 'CYP', 'Pound', '+357', 'CY', 'CYP', '196', '.cy'),
(46, 46, 'Czech Republic', '', 'Independent State', '', '', 'Prague', 'CZK', 'Koruna', '+420', 'CZ', 'CZE', '203', '.cz'),
(47, 47, 'Denmark', 'Kingdom of Denmark', 'Independent State', '', '', 'Copenhagen', 'DKK', 'Krone', '+45', 'DK', 'DNK', '208', '.dk'),
(48, 48, 'Djibouti', 'Republic of Djibouti', 'Independent State', '', '', 'Djibouti', 'DJF', 'Franc', '+253', 'DJ', 'DJI', '262', '.dj'),
(49, 49, 'Dominica', 'Commonwealth of Dominica', 'Independent State', '', '', 'Roseau', 'XCD', 'Dollar', '+766', 'DM', 'DMA', '212', '.dm'),
(50, 50, 'Dominican Republic', '', 'Independent State', '', '', 'Santo Domingo', 'DOP', 'Peso', '+1809', 'DO', 'DOM', '214', '.do'),
(51, 51, 'Ecuador', 'Republic of Ecuador', 'Independent State', '', '', 'Quito', 'USD', 'Dollar', '+593', 'EC', 'ECU', '218', '.ec'),
(52, 52, 'Egypt', 'Arab Republic of Egypt', 'Independent State', '', '', 'Cairo', 'EGP', 'Pound', '+20', 'EG', 'EGY', '818', '.eg'),
(53, 53, 'El Salvador', 'Republic of El Salvador', 'Independent State', '', '', 'San Salvador', 'USD', 'Dollar', '+503', 'SV', 'SLV', '222', '.sv'),
(54, 54, 'Equatorial Guinea', 'Republic of Equatorial Guinea', 'Independent State', '', '', 'Malabo', 'XAF', 'Franc', '+240', 'GQ', 'GNQ', '226', '.gq'),
(55, 55, 'Eritrea', 'State of Eritrea', 'Independent State', '', '', 'Asmara', 'ERN', 'Nakfa', '+291', 'ER', 'ERI', '232', '.er'),
(56, 56, 'Estonia', 'Republic of Estonia', 'Independent State', '', '', 'Tallinn', 'EEK', 'Kroon', '+372', 'EE', 'EST', '233', '.ee'),
(57, 57, 'Ethiopia', 'Federal Democratic Republic of Ethiopia', 'Independent State', '', '', 'Addis Ababa', 'ETB', 'Birr', '+251', 'ET', 'ETH', '231', '.et'),
(58, 58, 'Fiji', 'Republic of the Fiji Islands', 'Independent State', '', '', 'Suva', 'FJD', 'Dollar', '+679', 'FJ', 'FJI', '242', '.fj'),
(59, 59, 'Finland', 'Republic of Finland', 'Independent State', '', '', 'Helsinki', 'EUR', 'Euro', '+358', 'FI', 'FIN', '246', '.fi'),
(60, 60, 'France', 'French Republic', 'Independent State', '', '', 'Paris', 'EUR', 'Euro', '+33', 'FR', 'FRA', '250', '.fr'),
(61, 61, 'Gabon', 'Gabonese Republic', 'Independent State', '', '', 'Libreville', 'XAF', 'Franc', '+241', 'GA', 'GAB', '266', '.ga'),
(62, 62, 'Gambia, The', 'Republic of The Gambia', 'Independent State', '', '', 'Banjul', 'GMD', 'Dalasi', '+220', 'GM', 'GMB', '270', '.gm'),
(63, 63, 'Georgia', 'Republic of Georgia', 'Independent State', '', '', 'Tbilisi', 'GEL', 'Lari', '+995', 'GE', 'GEO', '268', '.ge'),
(64, 64, 'Germany', 'Federal Republic of Germany', 'Independent State', '', '', 'Berlin', 'EUR', 'Euro', '+49', 'DE', 'DEU', '276', '.de'),
(65, 65, 'Ghana', 'Republic of Ghana', 'Independent State', '', '', 'Accra', 'GHC', 'Cedi', '+233', 'GH', 'GHA', '288', '.gh'),
(66, 66, 'Greece', 'Hellenic Republic', 'Independent State', '', '', 'Athens', 'EUR', 'Euro', '+30', 'GR', 'GRC', '300', '.gr'),
(67, 67, 'Grenada', '', 'Independent State', '', '', 'Saint George\'s', 'XCD', 'Dollar', '+472', 'GD', 'GRD', '308', '.gd'),
(68, 68, 'Guatemala', 'Republic of Guatemala', 'Independent State', '', '', 'Guatemala', 'GTQ', 'Quetzal', '+502', 'GT', 'GTM', '320', '.gt'),
(69, 69, 'Guinea', 'Republic of Guinea', 'Independent State', '', '', 'Conakry', 'GNF', 'Franc', '+224', 'GN', 'GIN', '324', '.gn'),
(70, 70, 'Guinea-Bissau', 'Republic of Guinea-Bissau', 'Independent State', '', '', 'Bissau', 'XOF', 'Franc', '+245', 'GW', 'GNB', '624', '.gw'),
(71, 71, 'Guyana', 'Co-operative Republic of Guyana', 'Independent State', '', '', 'Georgetown', 'GYD', 'Dollar', '+592', 'GY', 'GUY', '328', '.gy'),
(72, 72, 'Haiti', 'Republic of Haiti', 'Independent State', '', '', 'Port-au-Prince', 'HTG', 'Gourde', '+509', 'HT', 'HTI', '332', '.ht'),
(73, 73, 'Honduras', 'Republic of Honduras', 'Independent State', '', '', 'Tegucigalpa', 'HNL', 'Lempira', '+504', 'HN', 'HND', '340', '.hn'),
(74, 74, 'Hungary', 'Republic of Hungary', 'Independent State', '', '', 'Budapest', 'HUF', 'Forint', '+36', 'HU', 'HUN', '348', '.hu'),
(75, 75, 'Iceland', 'Republic of Iceland', 'Independent State', '', '', 'Reykjavik', 'ISK', 'Krona', '+354', 'IS', 'ISL', '352', '.is'),
(76, 76, 'India', 'Republic of India', 'Independent State', '', '', 'New Delhi', 'INR', 'Rupee', '+91', 'IN', 'IND', '356', '.in'),
(77, 77, 'Indonesia', 'Republic of Indonesia', 'Independent State', '', '', 'Jakarta', 'IDR', 'Rupiah', '+62', 'ID', 'IDN', '360', '.id'),
(78, 78, 'Iran', 'Islamic Republic of Iran', 'Independent State', '', '', 'Tehran', 'IRR', 'Rial', '+98', 'IR', 'IRN', '364', '.ir'),
(79, 79, 'Iraq', 'Republic of Iraq', 'Independent State', '', '', 'Baghdad', 'IQD', 'Dinar', '+964', 'IQ', 'IRQ', '368', '.iq'),
(80, 80, 'Ireland', '', 'Independent State', '', '', 'Dublin', 'EUR', 'Euro', '+353', 'IE', 'IRL', '372', '.ie'),
(81, 81, 'Israel', 'State of Israel', 'Independent State', '', '', 'Jerusalem', 'ILS', 'Shekel', '+972', 'IL', 'ISR', '376', '.il'),
(82, 82, 'Italy', 'Italian Republic', 'Independent State', '', '', 'Rome', 'EUR', 'Euro', '+39', 'IT', 'ITA', '380', '.it'),
(83, 83, 'Jamaica', '', 'Independent State', '', '', 'Kingston', 'JMD', 'Dollar', '+875', 'JM', 'JAM', '388', '.jm'),
(84, 84, 'Japan', '', 'Independent State', '', '', 'Tokyo', 'JPY', 'Yen', '+81', 'JP', 'JPN', '392', '.jp'),
(85, 85, 'Jordan', 'Hashemite Kingdom of Jordan', 'Independent State', '', '', 'Amman', 'JOD', 'Dinar', '+962', 'JO', 'JOR', '400', '.jo'),
(86, 86, 'Kazakhstan', 'Republic of Kazakhstan', 'Independent State', '', '', 'Astana', 'KZT', 'Tenge', '+7', 'KZ', 'KAZ', '398', '.kz'),
(87, 87, 'Kenya', 'Republic of Kenya', 'Independent State', '', '', 'Nairobi', 'KES', 'Shilling', '+254', 'KE', 'KEN', '404', '.ke'),
(88, 88, 'Kiribati', 'Republic of Kiribati', 'Independent State', '', '', 'Tarawa', 'AUD', 'Dollar', '+686', 'KI', 'KIR', '296', '.ki'),
(89, 89, 'Korea, North', 'Democratic People\'s Republic of Korea', 'Independent State', '', '', 'Pyongyang', 'KPW', 'Won', '+850', 'KP', 'PRK', '408', '.kp'),
(90, 90, 'Korea, South', 'Republic of Korea', 'Independent State', '', '', 'Seoul', 'KRW', 'Won', '+82', 'KR', 'KOR', '410', '.kr'),
(91, 91, 'Kuwait', 'State of Kuwait', 'Independent State', '', '', 'Kuwait', 'KWD', 'Dinar', '+965', 'KW', 'KWT', '414', '.kw'),
(92, 92, 'Kyrgyzstan', 'Kyrgyz Republic', 'Independent State', '', '', 'Bishkek', 'KGS', 'Som', '+996', 'KG', 'KGZ', '417', '.kg'),
(93, 93, 'Laos', 'Lao People\'s Democratic Republic', 'Independent State', '', '', 'Vientiane', 'LAK', 'Kip', '+856', 'LA', 'LAO', '418', '.la'),
(94, 94, 'Latvia', 'Republic of Latvia', 'Independent State', '', '', 'Riga', 'LVL', 'Lat', '+371', 'LV', 'LVA', '428', '.lv'),
(95, 95, 'Lebanon', 'Lebanese Republic', 'Independent State', '', '', 'Beirut', 'LBP', 'Pound', '+961', 'LB', 'LBN', '422', '.lb'),
(96, 96, 'Lesotho', 'Kingdom of Lesotho', 'Independent State', '', '', 'Maseru', 'LSL', 'Loti', '+266', 'LS', 'LSO', '426', '.ls'),
(97, 97, 'Liberia', 'Republic of Liberia', 'Independent State', '', '', 'Monrovia', 'LRD', 'Dollar', '+231', 'LR', 'LBR', '430', '.lr'),
(98, 98, 'Libya', 'Great Socialist People\'s Libyan Arab Jamahiriya', 'Independent State', '', '', 'Tripoli', 'LYD', 'Dinar', '+218', 'LY', 'LBY', '434', '.ly'),
(99, 99, 'Liechtenstein', 'Principality of Liechtenstein', 'Independent State', '', '', 'Vaduz', 'CHF', 'Franc', '+423', 'LI', 'LIE', '438', '.li'),
(100, 100, 'Lithuania', 'Republic of Lithuania', 'Independent State', '', '', 'Vilnius', 'LTL', 'Litas', '+370', 'LT', 'LTU', '440', '.lt'),
(101, 101, 'Luxembourg', 'Grand Duchy of Luxembourg', 'Independent State', '', '', 'Luxembourg', 'EUR', 'Euro', '+352', 'LU', 'LUX', '442', '.lu'),
(102, 102, 'Macedonia', 'Republic of Macedonia', 'Independent State', '', '', 'Skopje', 'MKD', 'Denar', '+389', 'MK', 'MKD', '807', '.mk'),
(103, 103, 'Madagascar', 'Republic of Madagascar', 'Independent State', '', '', 'Antananarivo', 'MGA', 'Ariary', '+261', 'MG', 'MDG', '450', '.mg'),
(104, 104, 'Malawi', 'Republic of Malawi', 'Independent State', '', '', 'Lilongwe', 'MWK', 'Kwacha', '+265', 'MW', 'MWI', '454', '.mw'),
(105, 105, 'Malaysia', '', 'Independent State', '', '', 'Kuala Lumpur (legislative/judical) and Putrajaya (administrative)', 'MYR', 'Ringgit', '+60', 'MY', 'MYS', '458', '.my'),
(106, 106, 'Maldives', 'Republic of Maldives', 'Independent State', '', '', 'Male', 'MVR', 'Rufiyaa', '+960', 'MV', 'MDV', '462', '.mv'),
(107, 107, 'Mali', 'Republic of Mali', 'Independent State', '', '', 'Bamako', 'XOF', 'Franc', '+223', 'ML', 'MLI', '466', '.ml'),
(108, 108, 'Malta', 'Republic of Malta', 'Independent State', '', '', 'Valletta', 'MTL', 'Lira', '+356', 'MT', 'MLT', '470', '.mt'),
(109, 109, 'Marshall Islands', 'Republic of the Marshall Islands', 'Independent State', '', '', 'Majuro', 'USD', 'Dollar', '+692', 'MH', 'MHL', '584', '.mh'),
(110, 110, 'Mauritania', 'Islamic Republic of Mauritania', 'Independent State', '', '', 'Nouakchott', 'MRO', 'Ouguiya', '+222', 'MR', 'MRT', '478', '.mr'),
(111, 111, 'Mauritius', 'Republic of Mauritius', 'Independent State', '', '', 'Port Louis', 'MUR', 'Rupee', '+230', 'MU', 'MUS', '480', '.mu'),
(112, 112, 'Mexico', 'United Mexican States', 'Independent State', '', '', 'Mexico', 'MXN', 'Peso', '+52', 'MX', 'MEX', '484', '.mx'),
(113, 113, 'Micronesia', 'Federated States of Micronesia', 'Independent State', '', '', 'Palikir', 'USD', 'Dollar', '+691', 'FM', 'FSM', '583', '.fm'),
(114, 114, 'Moldova', 'Republic of Moldova', 'Independent State', '', '', 'Chisinau', 'MDL', 'Leu', '+373', 'MD', 'MDA', '498', '.md'),
(115, 115, 'Monaco', 'Principality of Monaco', 'Independent State', '', '', 'Monaco', 'EUR', 'Euro', '+377', 'MC', 'MCO', '492', '.mc'),
(116, 116, 'Mongolia', '', 'Independent State', '', '', 'Ulaanbaatar', 'MNT', 'Tugrik', '+976', 'MN', 'MNG', '496', '.mn'),
(117, 117, 'Montenegro', 'Republic of Montenegro', 'Independent State', '', '', 'Podgorica', 'EUR', 'Euro', '+382', 'ME', 'MNE', '499', '.me and .yu'),
(118, 118, 'Morocco', 'Kingdom of Morocco', 'Independent State', '', '', 'Rabat', 'MAD', 'Dirham', '+212', 'MA', 'MAR', '+50', '.ma'),
(119, 119, 'Mozambique', 'Republic of Mozambique', 'Independent State', '', '', 'Maputo', 'MZM', 'Meticail', '+258', 'MZ', 'MOZ', '508', '.mz'),
(120, 120, 'Myanmar (Burma)', 'Union of Myanmar', 'Independent State', '', '', 'Naypyidaw', 'MMK', 'Kyat', '+95', 'MM', 'MMR', '104', '.mm'),
(121, 121, 'Namibia', 'Republic of Namibia', 'Independent State', '', '', 'Windhoek', 'NAD', 'Dollar', '+264', 'NA', 'NAM', '516', '.na'),
(122, 122, 'Nauru', 'Republic of Nauru', 'Independent State', '', '', 'Yaren', 'AUD', 'Dollar', '+674', 'NR', 'NRU', '520', '.nr'),
(123, 123, 'Nepal', '', 'Independent State', '', '', 'Kathmandu', 'NPR', 'Rupee', '+977', 'NP', 'NPL', '524', '.np'),
(124, 124, 'Netherlands', 'Kingdom of the Netherlands', 'Independent State', '', '', 'Amsterdam (administrative) and The Hague (legislative/judical)', 'EUR', 'Euro', '+31', 'NL', 'NLD', '528', '.nl'),
(125, 125, 'New Zealand', '', 'Independent State', '', '', 'Wellington', 'NZD', 'Dollar', '+64', 'NZ', 'NZL', '554', '.nz'),
(126, 126, 'Nicaragua', 'Republic of Nicaragua', 'Independent State', '', '', 'Managua', 'NIO', 'Cordoba', '+505', 'NI', 'NIC', '558', '.ni'),
(127, 127, 'Niger', 'Republic of Niger', 'Independent State', '', '', 'Niamey', 'XOF', 'Franc', '+227', 'NE', 'NER', '562', '.ne'),
(128, 128, 'Nigeria', 'Federal Republic of Nigeria', 'Independent State', '', '', 'Abuja', 'NGN', 'Naira', '+234', 'NG', 'NGA', '566', '.ng'),
(129, 129, 'Norway', 'Kingdom of Norway', 'Independent State', '', '', 'Oslo', 'NOK', 'Krone', '+47', 'NO', 'NOR', '578', '.no'),
(130, 130, 'Oman', 'Sultanate of Oman', 'Independent State', '', '', 'Muscat', 'OMR', 'Rial', '+968', 'OM', 'OMN', '512', '.om'),
(131, 131, 'Pakistan', 'Islamic Republic of Pakistan', 'Independent State', '', '', 'Islamabad', 'PKR', 'Rupee', '+92', 'PK', 'PAK', '586', '.pk'),
(132, 132, 'Palau', 'Republic of Palau', 'Independent State', '', '', 'Melekeok', 'USD', 'Dollar', '+680', 'PW', 'PLW', '585', '.pw'),
(133, 133, 'Panama', 'Republic of Panama', 'Independent State', '', '', 'Panama', 'PAB', 'Balboa', '+507', 'PA', 'PAN', '591', '.pa'),
(134, 134, 'Papua New Guinea', 'Independent State of Papua New Guinea', 'Independent State', '', '', 'Port Moresby', 'PGK', 'Kina', '+675', 'PG', 'PNG', '598', '.pg'),
(135, 135, 'Paraguay', 'Republic of Paraguay', 'Independent State', '', '', 'Asuncion', 'PYG', 'Guarani', '+595', 'PY', 'PRY', '600', '.py'),
(136, 136, 'Peru', 'Republic of Peru', 'Independent State', '', '', 'Lima', 'PEN', 'Sol', '+51', 'PE', 'PER', '604', '.pe'),
(137, 137, 'Philippines', 'Republic of the Philippines', 'Independent State', '', '', 'Manila', 'PHP', 'Peso', '+63', 'PH', 'PHL', '608', '.ph'),
(138, 138, 'Poland', 'Republic of Poland', 'Independent State', '', '', 'Warsaw', 'PLN', 'Zloty', '+48', 'PL', 'POL', '616', '.pl'),
(139, 139, 'Portugal', 'Portuguese Republic', 'Independent State', '', '', 'Lisbon', 'EUR', 'Euro', '+351', 'PT', 'PRT', '620', '.pt'),
(140, 140, 'Qatar', 'State of Qatar', 'Independent State', '', '', 'Doha', 'QAR', 'Rial', '+974', 'QA', 'QAT', '634', '.qa'),
(141, 141, 'Romania', '', 'Independent State', '', '', 'Bucharest', 'RON', 'Leu', '+40', 'RO', 'ROU', '642', '.ro'),
(142, 142, 'Russia', 'Russian Federation', 'Independent State', '', '', 'Moscow', 'RUB', 'Ruble', '+7', 'RU', 'RUS', '643', '.ru and .su'),
(143, 143, 'Rwanda', 'Republic of Rwanda', 'Independent State', '', '', 'Kigali', 'RWF', 'Franc', '+250', 'RW', 'RWA', '646', '.rw'),
(144, 144, 'Saint Kitts and Nevis', 'Federation of Saint Kitts and Nevis', 'Independent State', '', '', 'Basseterre', 'XCD', 'Dollar', '+868', 'KN', 'KNA', '659', '.kn'),
(145, 145, 'Saint Lucia', '', 'Independent State', '', '', 'Castries', 'XCD', 'Dollar', '+757', 'LC', 'LCA', '662', '.lc'),
(146, 146, 'Saint Vincent and the Grenadines', '', 'Independent State', '', '', 'Kingstown', 'XCD', 'Dollar', '+783', 'VC', 'VCT', '670', '.vc'),
(147, 147, 'Samoa', 'Independent State of Samoa', 'Independent State', '', '', 'Apia', 'WST', 'Tala', '+685', 'WS', 'WSM', '882', '.ws'),
(148, 148, 'San Marino', 'Republic of San Marino', 'Independent State', '', '', 'San Marino', 'EUR', 'Euro', '+378', 'SM', 'SMR', '674', '.sm'),
(149, 149, 'Sao Tome and Principe', 'Democratic Republic of Sao Tome and Principe', 'Independent State', '', '', 'Sao Tome', 'STD', 'Dobra', '+239', 'ST', 'STP', '678', '.st'),
(150, 150, 'Saudi Arabia', 'Kingdom of Saudi Arabia', 'Independent State', '', '', 'Riyadh', 'SAR', 'Rial', '+966', 'SA', 'SAU', '682', '.sa'),
(151, 151, 'Senegal', 'Republic of Senegal', 'Independent State', '', '', 'Dakar', 'XOF', 'Franc', '+221', 'SN', 'SEN', '686', '.sn'),
(152, 152, 'Serbia', 'Republic of Serbia', 'Independent State', '', '', 'Belgrade', 'RSD', 'Dinar', '+381', 'RS', 'SRB', '688', '.rs and .yu'),
(153, 153, 'Seychelles', 'Republic of Seychelles', 'Independent State', '', '', 'Victoria', 'SCR', 'Rupee', '+248', 'SC', 'SYC', '690', '.sc'),
(154, 154, 'Sierra Leone', 'Republic of Sierra Leone', 'Independent State', '', '', 'Freetown', 'SLL', 'Leone', '+232', 'SL', 'SLE', '694', '.sl'),
(155, 155, 'Singapore', 'Republic of Singapore', 'Independent State', '', '', 'Singapore', 'SGD', 'Dollar', '+65', 'SG', 'SGP', '702', '.sg'),
(156, 156, 'Slovakia', 'Slovak Republic', 'Independent State', '', '', 'Bratislava', 'SKK', 'Koruna', '+421', 'SK', 'SVK', '703', '.sk'),
(157, 157, 'Slovenia', 'Republic of Slovenia', 'Independent State', '', '', 'Ljubljana', 'EUR', 'Euro', '+386', 'SI', 'SVN', '705', '.si'),
(158, 158, 'Solomon Islands', '', 'Independent State', '', '', 'Honiara', 'SBD', 'Dollar', '+677', 'SB', 'SLB', '90', '.sb'),
(159, 159, 'Somalia', '', 'Independent State', '', '', 'Mogadishu', 'SOS', 'Shilling', '+252', 'SO', 'SOM', '706', '.so'),
(160, 160, 'South Africa', 'Republic of South Africa', 'Independent State', '', '', 'Pretoria (administrative), Cape Town (legislative), and Bloemfontein (judical)', 'ZAR', 'Rand', '+27', 'ZA', 'ZAF', '710', '.za'),
(161, 161, 'Spain', 'Kingdom of Spain', 'Independent State', '', '', 'Madrid', 'EUR', 'Euro', '+34', 'ES', 'ESP', '724', '.es'),
(162, 162, 'Sri Lanka', 'Democratic Socialist Republic of Sri Lanka', 'Independent State', '', '', 'Colombo (administrative/judical) and Sri Jayewardenepura Kotte (legislative)', 'LKR', 'Rupee', '+94', 'LK', 'LKA', '144', '.lk'),
(163, 163, 'Sudan', 'Republic of the Sudan', 'Independent State', '', '', 'Khartoum', 'SDD', 'Dinar', '+249', 'SD', 'SDN', '736', '.sd'),
(164, 164, 'Suriname', 'Republic of Suriname', 'Independent State', '', '', 'Paramaribo', 'SRD', 'Dollar', '+597', 'SR', 'SUR', '740', '.sr'),
(165, 165, 'Swaziland', 'Kingdom of Swaziland', 'Independent State', '', '', 'Mbabane (administrative) and Lobamba (legislative)', 'SZL', 'Lilangeni', '+268', 'SZ', 'SWZ', '748', '.sz'),
(166, 166, 'Sweden', 'Kingdom of Sweden', 'Independent State', '', '', 'Stockholm', 'SEK', 'Kronoa', '+46', 'SE', 'SWE', '752', '.se'),
(167, 167, 'Switzerland', 'Swiss Confederation', 'Independent State', '', '', 'Bern', 'CHF', 'Franc', '+41', 'CH', 'CHE', '756', '.ch'),
(168, 168, 'Syria', 'Syrian Arab Republic', 'Independent State', '', '', 'Damascus', 'SYP', 'Pound', '+963', 'SY', 'SYR', '760', '.sy'),
(169, 169, 'Tajikistan', 'Republic of Tajikistan', 'Independent State', '', '', 'Dushanbe', 'TJS', 'Somoni', '+992', 'TJ', 'TJK', '762', '.tj'),
(170, 170, 'Tanzania', 'United Republic of Tanzania', 'Independent State', '', '', 'Dar es Salaam (administrative/judical) and Dodoma (legislative)', 'TZS', 'Shilling', '+255', 'TZ', 'TZA', '834', '.tz'),
(171, 171, 'Thailand', 'Kingdom of Thailand', 'Independent State', '', '', 'Bangkok', 'THB', 'Baht', '+66', 'TH', 'THA', '764', '.th'),
(172, 172, 'Timor-Leste (East Timor)', 'Democratic Republic of Timor-Leste', 'Independent State', '', '', 'Dili', 'USD', 'Dollar', '+670', 'TL', 'TLS', '626', '.tp and .tl'),
(173, 173, 'Togo', 'Togolese Republic', 'Independent State', '', '', 'Lome', 'XOF', 'Franc', '+228', 'TG', 'TGO', '768', '.tg'),
(174, 174, 'Tonga', 'Kingdom of Tonga', 'Independent State', '', '', 'Nuku\'alofa', 'TOP', 'Pa\'anga', '+676', 'TO', 'TON', '776', '.to'),
(175, 175, 'Trinidad and Tobago', 'Republic of Trinidad and Tobago', 'Independent State', '', '', 'Port-of-Spain', 'TTD', 'Dollar', '+867', 'TT', 'TTO', '780', '.tt'),
(176, 176, 'Tunisia', 'Tunisian Republic', 'Independent State', '', '', 'Tunis', 'TND', 'Dinar', '+216', 'TN', 'TUN', '788', '.tn'),
(177, 177, 'Turkey', 'Republic of Turkey', 'Independent State', '', '', 'Ankara', 'TRY', 'Lira', '+90', 'TR', 'TUR', '792', '.tr'),
(178, 178, 'Turkmenistan', '', 'Independent State', '', '', 'Ashgabat', 'TMM', 'Manat', '+993', 'TM', 'TKM', '795', '.tm'),
(179, 179, 'Tuvalu', '', 'Independent State', '', '', 'Funafuti', 'AUD', 'Dollar', '+688', 'TV', 'TUV', '798', '.tv'),
(180, 180, 'Uganda', 'Republic of Uganda', 'Independent State', '', '', 'Kampala', 'UGX', 'Shilling', '+256', 'UG', 'UGA', '800', '.ug'),
(181, 181, 'Ukraine', '', 'Independent State', '', '', 'Kiev', 'UAH', 'Hryvnia', '+380', 'UA', 'UKR', '804', '.ua'),
(182, 182, 'United Arab Emirates', 'United Arab Emirates', 'Independent State', '', '', 'Abu Dhabi', 'AED', 'Dirham', '+971', 'AE', 'ARE', '784', '.ae'),
(183, 183, 'United Kingdom', 'United Kingdom of Great Britain and Northern Ireland', 'Independent State', '', '', 'London', 'GBP', 'Pound', '+44', 'GB', 'GBR', '826', '.uk'),
(184, 184, 'United States', 'United States of America', 'Independent State', '', '', 'Washington', 'USD', 'Dollar', '+1', 'US', 'USA', '840', '.us'),
(185, 185, 'Uruguay', 'Oriental Republic of Uruguay', 'Independent State', '', '', 'Montevideo', 'UYU', 'Peso', '+598', 'UY', 'URY', '858', '.uy'),
(186, 186, 'Uzbekistan', 'Republic of Uzbekistan', 'Independent State', '', '', 'Tashkent', 'UZS', 'Som', '+998', 'UZ', 'UZB', '860', '.uz'),
(187, 187, 'Vanuatu', 'Republic of Vanuatu', 'Independent State', '', '', 'Port-Vila', 'VUV', 'Vatu', '+678', 'VU', 'VUT', '548', '.vu'),
(188, 188, 'Vatican City', 'State of the Vatican City', 'Independent State', '', '', 'Vatican City', 'EUR', 'Euro', '+379', 'VA', 'VAT', '336', '.va'),
(189, 189, 'Venezuela', 'Bolivarian Republic of Venezuela', 'Independent State', '', '', 'Caracas', 'VEB', 'Bolivar', '+58', 'VE', 'VEN', '862', '.ve'),
(190, 190, 'Vietnam', 'Socialist Republic of Vietnam', 'Independent State', '', '', 'Hanoi', 'VND', 'Dong', '+84', 'VN', 'VNM', '704', '.vn'),
(191, 191, 'Yemen', 'Republic of Yemen', 'Independent State', '', '', 'Sanaa', 'YER', 'Rial', '+967', 'YE', 'YEM', '887', '.ye'),
(192, 192, 'Zambia', 'Republic of Zambia', 'Independent State', '', '', 'Lusaka', 'ZMK', 'Kwacha', '+260', 'ZM', 'ZMB', '894', '.zm'),
(193, 193, 'Zimbabwe', 'Republic of Zimbabwe', 'Independent State', '', '', 'Harare', 'ZWD', 'Dollar', '+263', 'ZW', 'ZWE', '716', '.zw'),
(194, 194, 'Abkhazia', 'Republic of Abkhazia', 'Proto Independent State', '', '', 'Sokhumi', 'RUB', 'Ruble', '+995', 'GE', 'GEO', '268', '.ge'),
(195, 195, 'China, Republic of (Taiwan)', 'Republic of China', 'Proto Independent State', '', '', 'Taipei', 'TWD', 'Dollar', '+886', 'TW', 'TWN', '158', '.tw'),
(196, 196, 'Nagorno-Karabakh', 'Nagorno-Karabakh Republic', 'Proto Independent State', '', '', 'Stepanakert', 'AMD', 'Dram', '+277', 'AZ', 'AZE', '31', '.az'),
(197, 197, 'Northern Cyprus', 'Turkish Republic of Northern Cyprus', 'Proto Independent State', '', '', 'Nicosia', 'TRY', 'Lira', '+302', 'CY', 'CYP', '196', '.nc.tr'),
(198, 198, 'Pridnestrovie (Transnistria)', 'Pridnestrovian Moldavian Republic', 'Proto Independent State', '', '', 'Tiraspol', '', 'Ruple', '+160', 'MD', 'MDA', '498', '.md'),
(199, 199, 'Somaliland', 'Republic of Somaliland', 'Proto Independent State', '', '', 'Hargeisa', '', 'Shilling', '+252', 'SO', 'SOM', '706', '.so'),
(200, 200, 'South Ossetia', 'Republic of South Ossetia', 'Proto Independent State', '', '', 'Tskhinvali', 'RUB and GEL', 'Ruble and Lari', '+995', 'GE', 'GEO', '268', '.ge'),
(201, 201, 'Ashmore and Cartier Islands', 'Territory of Ashmore and Cartier Islands', 'Dependency', 'External Territory', 'Australia', '', '', '', '', 'AU', 'AUS', '36', '.au'),
(202, 202, 'Christmas Island', 'Territory of Christmas Island', 'Dependency', 'External Territory', 'Australia', 'The Settlement (Flying Fish Cove)', 'AUD', 'Dollar', '+61', 'CX', 'CXR', '162', '.cx'),
(203, 203, 'Cocos (Keeling) Islands', 'Territory of Cocos (Keeling) Islands', 'Dependency', 'External Territory', 'Australia', 'West Island', 'AUD', 'Dollar', '+61', 'CC', 'CCK', '166', '.cc'),
(204, 204, 'Coral Sea Islands', 'Coral Sea Islands Territory', 'Dependency', 'External Territory', 'Australia', '', '', '', '', 'AU', 'AUS', '36', '.au'),
(205, 205, 'Heard Island and McDonald Islands', 'Territory of Heard Island and McDonald Islands', 'Dependency', 'External Territory', 'Australia', '', '', '', '+13166', 'HM', 'HMD', '334', '.hm'),
(206, 206, 'Norfolk Island', 'Territory of Norfolk Island', 'Dependency', 'External Territory', 'Australia', 'Kingston', 'AUD', 'Dollar', '+672', 'NF', 'NFK', '574', '.nf'),
(207, 207, 'New Caledonia', '', 'Dependency', 'Sui generis Collectivity', 'France', 'Noumea', 'XPF', 'Franc', '+687', 'NC', 'NCL', '540', '.nc'),
(208, 208, 'French Polynesia', 'Overseas Country of French Polynesia', 'Dependency', 'Overseas Collectivity', 'France', 'Papeete', 'XPF', 'Franc', '+689', 'PF', 'PYF', '258', '.pf'),
(209, 209, 'Mayotte', 'Departmental Collectivity of Mayotte', 'Dependency', 'Overseas Collectivity', 'France', 'Mamoudzou', 'EUR', 'Euro', '+262', 'YT', 'MYT', '175', '.yt'),
(210, 210, 'Saint Barthelemy', 'Collectivity of Saint Barthelemy', 'Dependency', 'Overseas Collectivity', 'France', 'Gustavia', 'EUR', 'Euro', '+590', 'GP', 'GLP', '312', '.gp'),
(211, 211, 'Saint Martin', 'Collectivity of Saint Martin', 'Dependency', 'Overseas Collectivity', 'France', 'Marigot', 'EUR', 'Euro', '+590', 'GP', 'GLP', '312', '.gp'),
(212, 212, 'Saint Pierre and Miquelon', 'Territorial Collectivity of Saint Pierre and Miquelon', 'Dependency', 'Overseas Collectivity', 'France', 'Saint-Pierre', 'EUR', 'Euro', '+508', 'PM', 'SPM', '666', '.pm'),
(213, 213, 'Wallis and Futuna', 'Collectivity of the Wallis and Futuna Islands', 'Dependency', 'Overseas Collectivity', 'France', 'Mata\'utu', 'XPF', 'Franc', '+681', 'WF', 'WLF', '876', '.wf'),
(214, 214, 'French Southern and Antarctic Lands', 'Territory of the French Southern and Antarctic Lands', 'Dependency', 'Overseas Territory', 'France', 'Martin-de-Viviès', '', '', '', 'TF', 'ATF', '260', '.tf'),
(215, 215, 'Clipperton Island', '', 'Dependency', 'Possession', 'France', '', '', '', '', 'PF', 'PYF', '258', '.pf'),
(216, 216, 'Bouvet Island', '', 'Dependency', 'Territory', 'Norway', '', '', '', '+47  0047', 'BV', 'BVT', '74', '.bv'),
(217, 217, 'Cook Islands', '', 'Dependency', 'Self-Governing in Free Association', 'New Zealand', 'Avarua', 'NZD', 'Dollar', '+682', 'CK', 'COK', '184', '.ck'),
(218, 218, 'Niue', '', 'Dependency', 'Self-Governing in Free Association', 'New Zealand', 'Alofi', 'NZD', 'Dollar', '+683', 'NU', 'NIU', '570', '.nu'),
(219, 219, 'Tokelau', '', 'Dependency', 'Territory', 'New Zealand', '', 'NZD', 'Dollar', '+690', 'TK', 'TKL', '772', '.tk'),
(220, 220, 'Guernsey', 'Bailiwick of Guernsey', 'Dependency', 'Crown Dependency', 'United Kingdom', 'Saint Peter Port', 'GGP', 'Pound', '+44', 'GG', 'GGY', '831', '.gg'),
(221, 221, 'Isle of Man', '', 'Dependency', 'Crown Dependency', 'United Kingdom', 'Douglas', 'IMP', 'Pound', '+44', 'IM', 'IMN', '833', '.im'),
(222, 222, 'Jersey', 'Bailiwick of Jersey', 'Dependency', 'Crown Dependency', 'United Kingdom', 'Saint Helier', 'JEP', 'Pound', '+44', 'JE', 'JEY', '832', '.je'),
(223, 223, 'Anguilla', '', 'Dependency', 'Overseas Territory', 'United Kingdom', 'The Valley', 'XCD', 'Dollar', '+263', 'AI', 'AIA', '660', '.ai'),
(224, 224, 'Bermuda', '', 'Dependency', 'Overseas Territory', 'United Kingdom', 'Hamilton', 'BMD', 'Dollar', '+440', 'BM', 'BMU', '60', '.bm'),
(225, 225, 'British Indian Ocean Territory', '', 'Dependency', 'Overseas Territory', 'United Kingdom', '', '', '', '+246', 'IO', 'IOT', '86', '.io'),
(226, 226, 'British Sovereign Base Areas', '', 'Dependency', 'Overseas Territory', 'United Kingdom', 'Episkopi', 'CYP', 'Pound', '+357', '', '', '', ''),
(227, 227, 'British Virgin Islands', '', 'Dependency', 'Overseas Territory', 'United Kingdom', 'Road Town', 'USD', 'Dollar', '+283', 'VG', 'VGB', '92', '.vg'),
(228, 228, 'Cayman Islands', '', 'Dependency', 'Overseas Territory', 'United Kingdom', 'George Town', 'KYD', 'Dollar', '+344', 'KY', 'CYM', '136', '.ky'),
(229, 229, 'Falkland Islands (Islas Malvinas)', '', 'Dependency', 'Overseas Territory', 'United Kingdom', 'Stanley', 'FKP', 'Pound', '+500', 'FK', 'FLK', '238', '.fk'),
(230, 230, 'Gibraltar', '', 'Dependency', 'Overseas Territory', 'United Kingdom', 'Gibraltar', 'GIP', 'Pound', '+350', 'GI', 'GIB', '292', '.gi'),
(231, 231, 'Montserrat', '', 'Dependency', 'Overseas Territory', 'United Kingdom', 'Plymouth', 'XCD', 'Dollar', '+663', 'MS', 'MSR', '500', '.ms'),
(232, 232, 'Pitcairn Islands', '', 'Dependency', 'Overseas Territory', 'United Kingdom', 'Adamstown', 'NZD', 'Dollar', '+64', 'PN', 'PCN', '612', '.pn'),
(233, 233, 'Saint Helena', '', 'Dependency', 'Overseas Territory', 'United Kingdom', 'Jamestown', 'SHP', 'Pound', '+290', 'SH', 'SHN', '654', '.sh'),
(234, 234, 'South Georgia & South Sandwich Islands', '', 'Dependency', 'Overseas Territory', 'United Kingdom', '', '', '', '+500', 'GS', 'SGS', '239', '.gs'),
(235, 235, 'Turks and Caicos Islands', '', 'Dependency', 'Overseas Territory', 'United Kingdom', 'Grand Turk', 'USD', 'Dollar', '+648', 'TC', 'TCA', '796', '.tc'),
(236, 236, 'Northern Mariana Islands', 'Commonwealth of The Northern Mariana Islands', 'Dependency', 'Commonwealth', 'United States', 'Saipan', 'USD', 'Dollar', '+669', 'MP', 'MNP', '580', '.mp'),
(237, 237, 'Puerto Rico', 'Commonwealth of Puerto Rico', 'Dependency', 'Commonwealth', 'United States', 'San Juan', 'USD', 'Dollar', '+1 787', 'PR', 'PRI', '630', '.pr'),
(238, 238, 'American Samoa', 'Territory of American Samoa', 'Dependency', 'Territory', 'United States', 'Pago Pago', 'USD', 'Dollar', '+683', 'AS', 'ASM', '16', '.as'),
(239, 239, 'Baker Island', '', 'Dependency', 'Territory', 'United States', '', '', '', '', 'UM', 'UMI', '581', ''),
(240, 240, 'Guam', 'Territory of Guam', 'Dependency', 'Territory', 'United States', 'Hagatna', 'USD', 'Dollar', '+670', 'GU', 'GUM', '316', '.gu'),
(241, 241, 'Howland Island', '', 'Dependency', 'Territory', 'United States', '', '', '', '+1506', 'UM', 'UMI', '581', ''),
(242, 242, 'Jarvis Island', '', 'Dependency', 'Territory', 'United States', '', '', '', '', 'UM', 'UMI', '581', ''),
(243, 243, 'Johnston Atoll', '', 'Dependency', 'Territory', 'United States', '', '', '', '', 'UM', 'UMI', '581', ''),
(244, 244, 'Kingman Reef', '', 'Dependency', 'Territory', 'United States', '', '', '', '', 'UM', 'UMI', '581', ''),
(245, 245, 'Midway Islands', '', 'Dependency', 'Territory', 'United States', '', '', '', '+1808', 'UM', 'UMI', '581', ''),
(246, 246, 'Navassa Island', '', 'Dependency', 'Territory', 'United States', '', '', '', '', 'UM', 'UMI', '581', ''),
(247, 247, 'Palmyra Atoll', '', 'Dependency', 'Territory', 'United States', '', '', '', '', 'UM', 'UMI', '581', ''),
(248, 248, 'U.S. Virgin Islands', 'United States Virgin Islands', 'Dependency', 'Territory', 'United States', 'Charlotte Amalie', 'USD', 'Dollar', '+339', 'VI', 'VIR', '850', '.vi'),
(249, 249, 'Wake Island', '', 'Dependency', 'Territory', 'United States', '', '', '', '+354', 'UM', 'UMI', '850', ''),
(250, 250, 'Hong Kong', 'Hong Kong Special Administrative Region', 'Proto Dependency', 'Special Administrative Region', 'China', '', 'HKD', 'Dollar', '+852', 'HK', 'HKG', '344', '.hk'),
(251, 251, 'Macau', 'Macau Special Administrative Region', 'Proto Dependency', 'Special Administrative Region', 'China', 'Macau', 'MOP', 'Pataca', '+853', 'MO', 'MAC', '446', '.mo'),
(252, 252, 'Faroe Islands', '', 'Proto Dependency', '', 'Denmark', 'Torshavn', 'DKK', 'Krone', '+298', 'FO', 'FRO', '234', '.fo'),
(253, 253, 'Greenland', '', 'Proto Dependency', '', 'Denmark', 'Nuuk (Godthab)', 'DKK', 'Krone', '+299', 'GL', 'GRL', '304', '.gl'),
(254, 254, 'French Guiana', 'Overseas Region of Guiana', 'Proto Dependency', 'Overseas Region', 'France', 'Cayenne', 'EUR', 'Euro', '+594', 'GF', 'GUF', '254', '.gf'),
(255, 255, 'Guadeloupe', 'Overseas Region of Guadeloupe', 'Proto Dependency', 'Overseas Region', 'France', 'Basse-Terre', 'EUR', 'Euro', '+590', 'GP', 'GLP', '312', '.gp'),
(256, 256, 'Martinique', 'Overseas Region of Martinique', 'Proto Dependency', 'Overseas Region', 'France', 'Fort-de-France', 'EUR', 'Euro', '+596', 'MQ', 'MTQ', '474', '.mq'),
(257, 257, 'Reunion', 'Overseas Region of Reunion', 'Proto Dependency', 'Overseas Region', 'France', 'Saint-Denis', 'EUR', 'Euro', '+262', 'RE', 'REU', '638', '.re'),
(258, 258, 'Aland', '', 'Proto Dependency', '', 'Finland', 'Mariehamn', 'EUR', 'Euro', '+340', 'AX', 'ALA', '248', '.ax'),
(259, 259, 'Aruba', '', 'Proto Dependency', '', 'Netherlands', 'Oranjestad', 'AWG', 'Guilder', '+297', 'AW', 'ABW', '533', '.aw'),
(260, 260, 'Netherlands Antilles', '', 'Proto Dependency', '', 'Netherlands', 'Willemstad', 'ANG', 'Guilder', '+599', 'AN', 'ANT', '530', '.an'),
(261, 261, 'Svalbard', '', 'Proto Dependency', '', 'Norway', 'Longyearbyen', 'NOK', 'Krone', '+47', 'SJ', 'SJM', '744', '.sj'),
(262, 262, 'Ascension', '', 'Proto Dependency', 'Dependency of Saint Helena', 'United Kingdom', 'Georgetown', 'SHP', 'Pound', '+247', 'AC', 'ASC', '', '.ac'),
(263, 263, 'Tristan da Cunha', '', 'Proto Dependency', 'Dependency of Saint Helena', 'United Kingdom', 'Edinburgh', 'SHP', 'Pound', '+290', 'TA', 'TAA', '', ''),
(264, 268, 'Australian Antarctic Territory', '', 'Antarctic Territory', 'External Territory', 'Australia', '', '', '', '', 'AQ', 'ATA', '10', '.aq'),
(265, 269, 'Ross Dependency', '', 'Antarctic Territory', 'Territory', 'New Zealand', '', '', '', '', 'AQ', 'ATA', '10', '.aq'),
(266, 270, 'Peter I Island', '', 'Antarctic Territory', 'Territory', 'Norway', '', '', '', '', 'AQ', 'ATA', '10', '.aq'),
(267, 271, 'Queen Maud Land', '', 'Antarctic Territory', 'Territory', 'Norway', '', '', '', '', 'AQ', 'ATA', '10', '.aq'),
(268, 272, 'British Antarctic Territory', '', 'Antarctic Territory', 'Overseas Territory', 'United Kingdom', '', '', '', '', 'AQ', 'ATA', '10', '.aq');

-- --------------------------------------------------------

--
-- Structure de la table `critere_cotation`
--

DROP TABLE IF EXISTS `critere_cotation`;
CREATE TABLE IF NOT EXISTS `critere_cotation` (
  `ID_CRITERE_COTATION` int(11) NOT NULL AUTO_INCREMENT,
  `DESIGNATION` int(11) NOT NULL,
  PRIMARY KEY (`ID_CRITERE_COTATION`)
) ENGINE=MyISAM DEFAULT CHARSET=latin1;

-- --------------------------------------------------------

--
-- Structure de la table `droits`
--

DROP TABLE IF EXISTS `droits`;
CREATE TABLE IF NOT EXISTS `droits` (
  `ID_DROIT` int(10) NOT NULL,
  `INFRACTION` int(10) NOT NULL,
  `PSR_ELEMENT` int(11) NOT NULL,
  `PEINES` int(11) NOT NULL,
  `AFFECTATION` int(12) NOT NULL,
  `PERMIS` int(10) NOT NULL,
  `DECLARATION` int(10) NOT NULL,
  `IMMATRICULATION` int(10) NOT NULL,
  `CONTROLE_TECHNIQUE` int(10) NOT NULL,
  `ASSURANCE` int(10) NOT NULL,
  `PROFIL_ID` int(10) NOT NULL,
  `QUESTIONNAIRE` int(1) NOT NULL DEFAULT '0',
  `SIGNALEMENT` int(10) DEFAULT '0',
  `VALIDATEUR` int(10) NOT NULL,
  PRIMARY KEY (`ID_DROIT`)
) ENGINE=InnoDB DEFAULT CHARSET=utf8mb4;

--
-- Déchargement des données de la table `droits`
--

INSERT INTO `droits` (`ID_DROIT`, `INFRACTION`, `PSR_ELEMENT`, `PEINES`, `AFFECTATION`, `PERMIS`, `DECLARATION`, `IMMATRICULATION`, `CONTROLE_TECHNIQUE`, `ASSURANCE`, `PROFIL_ID`, `QUESTIONNAIRE`, `SIGNALEMENT`, `VALIDATEUR`) VALUES
(1, 0, 0, 0, 0, 0, 0, 0, 0, 0, 10, 0, 1, 0),
(3, 0, 0, 0, 0, 0, 0, 0, 0, 1, 2, 0, 0, 0),
(4, 0, 0, 0, 0, 1, 0, 0, 0, 0, 6, 0, 0, 0),
(5, 0, 0, 0, 0, 0, 0, 0, 1, 0, 5, 0, 0, 0),
(6, 0, 0, 0, 0, 0, 1, 0, 0, 0, 4, 0, 0, 0),
(7, 0, 0, 0, 0, 0, 0, 1, 1, 0, 3, 0, 0, 0),
(8, 1, 1, 1, 1, 1, 1, 1, 1, 1, 1, 1, 0, 0),
(9, 0, 1, 0, 0, 0, 0, 0, 0, 0, 11, 0, 1, 1);

-- --------------------------------------------------------

--
-- Structure de la table `droits111`
--

DROP TABLE IF EXISTS `droits111`;
CREATE TABLE IF NOT EXISTS `droits111` (
  `ID_DROIT` int(10) NOT NULL,
  `INFRACTION` int(10) NOT NULL,
  `PSR_ELEMENT` int(11) NOT NULL,
  `PEINES` int(11) NOT NULL,
  `AFFECTATION` int(12) NOT NULL,
  `PERMIS` int(10) NOT NULL,
  `DECLARATION` int(10) NOT NULL,
  `IMMATRICULATION` int(10) NOT NULL,
  `CONTROLE_TECHNIQUE` int(10) NOT NULL,
  `ASSURANCE` int(10) NOT NULL,
  `PROFIL_ID` int(10) NOT NULL,
  `QUESTIONNAIRE` int(1) NOT NULL DEFAULT '0',
  `SIGNALEMENT` int(10) DEFAULT '0',
  PRIMARY KEY (`ID_DROIT`)
) ENGINE=InnoDB DEFAULT CHARSET=utf8mb4;

--
-- Déchargement des données de la table `droits111`
--

INSERT INTO `droits111` (`ID_DROIT`, `INFRACTION`, `PSR_ELEMENT`, `PEINES`, `AFFECTATION`, `PERMIS`, `DECLARATION`, `IMMATRICULATION`, `CONTROLE_TECHNIQUE`, `ASSURANCE`, `PROFIL_ID`, `QUESTIONNAIRE`, `SIGNALEMENT`) VALUES
(3, 0, 0, 0, 0, 0, 0, 0, 0, 1, 2, 0, 0),
(4, 0, 0, 0, 0, 1, 0, 0, 0, 0, 6, 0, 0),
(5, 0, 0, 0, 0, 0, 0, 0, 1, 0, 5, 0, 0),
(6, 0, 0, 0, 0, 0, 1, 0, 0, 0, 4, 0, 0),
(7, 0, 0, 0, 0, 0, 0, 1, 1, 0, 3, 0, 0),
(8, 1, 1, 1, 1, 1, 1, 1, 1, 1, 1, 1, 0);

-- --------------------------------------------------------

--
-- Structure de la table `historiques`
--

DROP TABLE IF EXISTS `historiques`;
CREATE TABLE IF NOT EXISTS `historiques` (
  `ID_HISTORIQUE` int(11) NOT NULL,
  `ID_HISTORIQUE_CATEGORIE` int(11) NOT NULL,
  `ID_IMMATRICULATIO_PEINE` int(11) DEFAULT NULL,
  `ID_ASSURANCE_PEINE` int(11) DEFAULT NULL,
  `ID_CONTROLE_TECHNIQUE_PEINE` int(11) DEFAULT NULL,
  `ID_VOL_PEINE` int(11) DEFAULT NULL,
  `ID_PERMIS_PEINE` int(11) DEFAULT NULL,
  `ID_CONTROLE` int(11) DEFAULT NULL,
  `NUMERO_PLAQUE` varchar(255) DEFAULT NULL,
  `NUMERO_PERMIS` varchar(255) DEFAULT NULL,
  `ID_UTILISATEUR` int(11) NOT NULL,
  `ELEMENT_AFFECT_ID` int(11) DEFAULT NULL,
  `LATITUDE` varchar(255) DEFAULT NULL,
  `LONGITUDE` varchar(255) DEFAULT NULL,
  `MONTANT` int(11) DEFAULT NULL,
  `IS_PAID` tinyint(1) DEFAULT '0',
  `DATE_INSERTION` datetime NOT NULL DEFAULT CURRENT_TIMESTAMP,
  `NEW` int(1) NOT NULL DEFAULT '0',
  `ID_CONTROLE_EQUIPEMENT` int(10) DEFAULT NULL,
  `IS_DRIVER_AUTORISED` int(2) DEFAULT NULL,
  `ID_SIGNALEMENT` int(10) DEFAULT NULL,
  `ID_COMPORTEMENT` int(10) DEFAULT NULL,
  `HAS_PERMIS` int(10) NOT NULL DEFAULT '1',
  `NOM` varchar(250) DEFAULT NULL,
  `PRENOM` varchar(250) DEFAULT NULL,
  `CNI` varchar(255) DEFAULT NULL,
  `ID_CONTROLE_MARCHANDISE` int(10) DEFAULT NULL,
  `RAISON_ANNULATION` text,
  PRIMARY KEY (`ID_HISTORIQUE`)
) ENGINE=MyISAM DEFAULT CHARSET=latin1;

--
-- Déchargement des données de la table `historiques`
--

INSERT INTO `historiques` (`ID_HISTORIQUE`, `ID_HISTORIQUE_CATEGORIE`, `ID_IMMATRICULATIO_PEINE`, `ID_ASSURANCE_PEINE`, `ID_CONTROLE_TECHNIQUE_PEINE`, `ID_VOL_PEINE`, `ID_PERMIS_PEINE`, `ID_CONTROLE`, `NUMERO_PLAQUE`, `NUMERO_PERMIS`, `ID_UTILISATEUR`, `ELEMENT_AFFECT_ID`, `LATITUDE`, `LONGITUDE`, `MONTANT`, `IS_PAID`, `DATE_INSERTION`, `NEW`, `ID_CONTROLE_EQUIPEMENT`, `IS_DRIVER_AUTORISED`, `ID_SIGNALEMENT`, `ID_COMPORTEMENT`, `HAS_PERMIS`, `NOM`, `PRENOM`, `CNI`, `ID_CONTROLE_MARCHANDISE`, `RAISON_ANNULATION`) VALUES
(1, 1, 2, NULL, NULL, NULL, NULL, 50, 'A1125A', 'PNC0145523', 94, 11, '-3.3846332', '29.383875', 270000, 0, '2022-07-08 14:45:56', 1, 51, NULL, NULL, 53, 1, NULL, NULL, NULL, 52, NULL),
(2, 2, NULL, NULL, NULL, 9, NULL, NULL, 'IT5959', NULL, 80, 5, '-3.3905702', '29.3795684', 50000, 0, '2022-07-08 14:49:21', 1, NULL, NULL, NULL, NULL, 1, NULL, NULL, NULL, NULL, NULL),
(3, 1, NULL, 3, 21, NULL, 12, 54, 'C2934A', 'PNC014552', 80, 5, '-3.3905782', '29.3795804', 420000, 0, '2022-07-08 17:12:19', 1, 55, NULL, NULL, 57, 1, 'Kaburungu', 'Lanoeu ', '68YUEIEOE', 56, NULL),
(4, 1, 2, NULL, NULL, NULL, NULL, NULL, 'Status', NULL, 80, 5, NULL, NULL, 10000, 0, '2022-07-08 19:01:32', 0, NULL, NULL, NULL, NULL, 1, NULL, NULL, NULL, NULL, NULL),
(5, 2, NULL, 5, NULL, NULL, NULL, NULL, 'IT4668H', NULL, 80, 5, '-3.351035', '29.3925043', NULL, 0, '2022-07-08 19:07:34', 0, NULL, NULL, NULL, NULL, 1, NULL, NULL, NULL, NULL, NULL),
(6, 1, 2, NULL, NULL, NULL, NULL, NULL, 'Dukkvg', NULL, 2, NULL, '-3.3807257', '29.3665918', 10000, 0, '2022-07-08 20:17:08', 0, NULL, NULL, NULL, NULL, 1, NULL, NULL, NULL, NULL, NULL),
(7, 1, 2, NULL, NULL, NULL, NULL, NULL, 'Dukkvg', NULL, 2, NULL, '-3.3801824', '29.3662289', 10000, 0, '2022-07-08 20:17:26', 0, NULL, NULL, NULL, NULL, 1, NULL, NULL, NULL, NULL, NULL),
(8, 2, 2, NULL, NULL, NULL, NULL, NULL, 'E0797A', NULL, 95, 13, '-3.3463486', '29.3400982', 10000, 0, '2022-07-09 09:42:21', 0, NULL, NULL, NULL, NULL, 1, NULL, NULL, NULL, NULL, NULL),
(9, 2, 2, NULL, NULL, NULL, NULL, NULL, 'D7715A', NULL, 95, 13, '-3.1903646', '29.4051017', 10000, 0, '2022-07-09 17:39:28', 0, NULL, NULL, NULL, NULL, 1, NULL, NULL, NULL, NULL, NULL),
(10, 1, 2, NULL, NULL, NULL, NULL, NULL, '1111', NULL, 80, 5, '-3.3905893', '29.3795406', 10000, 0, '2022-07-11 07:00:05', 0, NULL, NULL, NULL, NULL, 1, NULL, NULL, NULL, NULL, 'K'),
(11, 1, 2, NULL, NULL, NULL, NULL, NULL, '1111', NULL, 80, 5, '-3.3821157', '29.383284', 10000, 0, '2022-07-11 07:13:27', 0, NULL, NULL, NULL, NULL, 1, NULL, NULL, NULL, NULL, NULL),
(12, 1, 2, NULL, NULL, NULL, 12, NULL, '1111', '6', 80, 5, '-3.384626', '29.3838751', 20000, 0, '2022-07-11 07:15:59', 0, NULL, NULL, NULL, NULL, 1, NULL, NULL, NULL, NULL, NULL),
(13, 1, NULL, NULL, NULL, 9, NULL, NULL, 'IT5959', NULL, 80, 5, '-3.3905509', '29.3795564', NULL, 0, '2022-07-11 07:22:08', 0, NULL, NULL, NULL, NULL, 1, NULL, NULL, NULL, NULL, NULL),
(14, 1, NULL, NULL, NULL, 9, 16, NULL, 'IT5959', NULL, 80, 5, '-3.3905511', '29.3795546', 60000, 0, '2022-07-11 07:23:03', 0, NULL, NULL, NULL, NULL, 0, 'Dukizwe', 'Darcie', '1705/478.059/2017', 58, NULL),
(15, 1, 2, NULL, NULL, NULL, NULL, NULL, '0123', NULL, 80, 5, '-3.3905786', '29.3795809', 10000, 0, '2022-07-11 07:34:52', 0, NULL, NULL, NULL, NULL, 1, NULL, NULL, NULL, NULL, NULL),
(16, 1, 2, NULL, NULL, NULL, NULL, NULL, '1111', NULL, 80, 5, '-3.3905741', '29.379587', 10000, 0, '2022-07-11 08:19:42', 0, NULL, NULL, NULL, NULL, 1, NULL, NULL, NULL, NULL, NULL),
(0, 2, NULL, 5, NULL, NULL, NULL, NULL, 'It4668h', '748757', 80, 5, '-3.3845951', '29.3839787', NULL, 0, '2022-07-12 16:04:49', 0, NULL, 14, NULL, NULL, 1, NULL, NULL, NULL, NULL, NULL);

-- --------------------------------------------------------

--
-- Structure de la table `historiques_categories`
--

DROP TABLE IF EXISTS `historiques_categories`;
CREATE TABLE IF NOT EXISTS `historiques_categories` (
  `ID_CATEGORIE` int(11) NOT NULL,
  `DESCRIPTION` varchar(255) NOT NULL,
  PRIMARY KEY (`ID_CATEGORIE`)
) ENGINE=MyISAM DEFAULT CHARSET=latin1;

--
-- Déchargement des données de la table `historiques_categories`
--

INSERT INTO `historiques_categories` (`ID_CATEGORIE`, `DESCRIPTION`) VALUES
(1, 'Contrôle complet'),
(2, 'Contrôle rapide'),
(3, 'Contrôle parking');

-- --------------------------------------------------------

--
-- Structure de la table `historique_signalement`
--

DROP TABLE IF EXISTS `historique_signalement`;
CREATE TABLE IF NOT EXISTS `historique_signalement` (
  `ID_HISTO_SIGNALEMMENT` int(11) NOT NULL,
  `ID_IMMATICULATION` int(11) NOT NULL,
  `DESCRIPTION_INFRATION` text,
  `AMENDE` varchar(50) NOT NULL,
  `STATUT_PAYE` int(1) NOT NULL DEFAULT '0' COMMENT '1payé et 0 non payé',
  `DATE_INSERT` datetime NOT NULL DEFAULT CURRENT_TIMESTAMP,
  `USER_ID` int(11) DEFAULT NULL,
  `VALIDATION` int(10) DEFAULT '0',
  `ID_ALERT` int(11) DEFAULT NULL,
  `COMMENATAIRE` text,
  `TNX_ID` varchar(250) DEFAULT NULL,
  `STATUT_TRAITEMENT` int(10) DEFAULT '1',
  PRIMARY KEY (`ID_HISTO_SIGNALEMMENT`)
) ENGINE=InnoDB DEFAULT CHARSET=latin1;

--
-- Déchargement des données de la table `historique_signalement`
--

INSERT INTO `historique_signalement` (`ID_HISTO_SIGNALEMMENT`, `ID_IMMATICULATION`, `DESCRIPTION_INFRATION`, `AMENDE`, `STATUT_PAYE`, `DATE_INSERT`, `USER_ID`, `VALIDATION`, `ID_ALERT`, `COMMENATAIRE`, `TNX_ID`, `STATUT_TRAITEMENT`) VALUES
(1, 3, 'vehicule immobilisé sur la chaussée   20 000 FBU\r\n', '20000', 0, '2022-06-28 11:15:01', 2, 0, 51, 'test', NULL, 1),
(2, 3, 'vehicule immobilisé sur la chaussée   20 000 FBU\r\n', '20000', 0, '2022-06-28 11:15:15', 2, 1, 53, 'test', NULL, 4),
(3, 6, 'Griller les feux   50 000 FBU\r\n', '50000', 0, '2022-06-28 11:15:35', 2, 0, 13, '', NULL, 1),
(4, 1, 'vehicule immobilisé sur la chaussée   20 000 FBU\r\n', '20000', 0, '2022-06-28 11:15:40', 2, 0, 2, '', NULL, 1),
(5, 3, 'vehicule immobilisé sur la chaussée   20 000 FBU\r\n', '20000', 0, '2022-06-28 11:22:00', 2, 0, 54, 'ok', NULL, 1),
(6, 8, 'Tout bagage incommodant susceptible de salir les passagers   50 000 FBU\r\n', '50000', 0, '2022-07-05 13:03:45', 2, 0, 62, '', NULL, 1);

-- --------------------------------------------------------

--
-- Structure de la table `histo_validatio`
--

DROP TABLE IF EXISTS `histo_validatio`;
CREATE TABLE IF NOT EXISTS `histo_validatio` (
  `ID_HISTO_VALIDATION` int(10) NOT NULL,
  `USER_ID` int(10) NOT NULL,
  `STATUT` varchar(255) NOT NULL,
  `DATE_INSERTION` datetime NOT NULL DEFAULT CURRENT_TIMESTAMP,
  PRIMARY KEY (`ID_HISTO_VALIDATION`)
) ENGINE=InnoDB DEFAULT CHARSET=latin1;

-- --------------------------------------------------------

--
-- Structure de la table `histo_validation_accident`
--

DROP TABLE IF EXISTS `histo_validation_accident`;
CREATE TABLE IF NOT EXISTS `histo_validation_accident` (
  `ID_HISTO_VALIDATION` int(11) NOT NULL,
  `ID_SIGNALEMET` int(10) DEFAULT NULL,
  `USER_ID` int(10) NOT NULL,
  `STATUT_TRAITEMENT` int(10) NOT NULL,
  `DATE_INSERTION` datetime NOT NULL DEFAULT CURRENT_TIMESTAMP,
  PRIMARY KEY (`ID_HISTO_VALIDATION`)
) ENGINE=InnoDB DEFAULT CHARSET=latin1;

--
-- Déchargement des données de la table `histo_validation_accident`
--

INSERT INTO `histo_validation_accident` (`ID_HISTO_VALIDATION`, `ID_SIGNALEMET`, `USER_ID`, `STATUT_TRAITEMENT`, `DATE_INSERTION`) VALUES
(1, 3, 59, 1, '2022-05-21 13:41:11'),
(2, 3, 60, 2, '2022-05-21 16:35:35'),
(3, 3, 2, 4, '2022-05-27 09:32:59'),
(4, 10, 52, 0, '2022-06-07 09:34:55');

-- --------------------------------------------------------

--
-- Structure de la table `histo_validation_ambouteillage`
--

DROP TABLE IF EXISTS `histo_validation_ambouteillage`;
CREATE TABLE IF NOT EXISTS `histo_validation_ambouteillage` (
  `ID_HISTO_VALIDATION` int(10) NOT NULL,
  `ID_SIGNALEMET` int(10) DEFAULT NULL,
  `USER_ID` int(10) NOT NULL,
  `STATUT_TRAITEMENT` int(10) NOT NULL,
  `DATE_INSERTION` datetime NOT NULL DEFAULT CURRENT_TIMESTAMP,
  PRIMARY KEY (`ID_HISTO_VALIDATION`)
) ENGINE=InnoDB DEFAULT CHARSET=latin1;

--
-- Déchargement des données de la table `histo_validation_ambouteillage`
--

INSERT INTO `histo_validation_ambouteillage` (`ID_HISTO_VALIDATION`, `ID_SIGNALEMET`, `USER_ID`, `STATUT_TRAITEMENT`, `DATE_INSERTION`) VALUES
(1, 3, 59, 1, '2022-05-19 14:53:14'),
(2, 3, 60, 2, '2022-05-19 14:53:45'),
(3, 3, 2, 4, '2022-05-19 14:54:40'),
(4, 4, 59, 1, '2022-05-20 06:55:38'),
(5, 4, 60, 2, '2022-05-20 06:57:04'),
(6, 4, 2, 4, '2022-05-20 06:57:41'),
(7, 5, 59, 1, '2022-05-21 12:58:15'),
(8, 5, 60, 2, '2022-05-21 13:05:03'),
(9, 5, 2, 4, '2022-05-21 13:06:26'),
(10, 6, 59, 1, '2022-05-21 16:10:38'),
(11, 6, 60, 2, '2022-05-21 16:12:42');

-- --------------------------------------------------------

--
-- Structure de la table `histo_validation_autres_sign`
--

DROP TABLE IF EXISTS `histo_validation_autres_sign`;
CREATE TABLE IF NOT EXISTS `histo_validation_autres_sign` (
  `ID_HISTO_VALIDATION` int(10) NOT NULL,
  `ID_SIGNALEMET` int(10) DEFAULT NULL,
  `USER_ID` int(10) NOT NULL,
  `STATUT_TRAITEMENT` int(10) NOT NULL,
  `DATE_INSERTION` datetime NOT NULL DEFAULT CURRENT_TIMESTAMP,
  PRIMARY KEY (`ID_HISTO_VALIDATION`)
) ENGINE=InnoDB DEFAULT CHARSET=latin1;

-- --------------------------------------------------------

--
-- Structure de la table `histo_validation_civil`
--

DROP TABLE IF EXISTS `histo_validation_civil`;
CREATE TABLE IF NOT EXISTS `histo_validation_civil` (
  `ID_HISTO_VALIDATION` int(11) NOT NULL,
  `ID_SIGNALEMET` int(10) DEFAULT NULL,
  `USER_ID` int(10) NOT NULL,
  `STATUT_TRAITEMENT` int(10) NOT NULL,
  `DATE_INSERTION` datetime NOT NULL DEFAULT CURRENT_TIMESTAMP,
  PRIMARY KEY (`ID_HISTO_VALIDATION`)
) ENGINE=InnoDB DEFAULT CHARSET=latin1;

-- --------------------------------------------------------

--
-- Structure de la table `histo_validation_incident_naturel`
--

DROP TABLE IF EXISTS `histo_validation_incident_naturel`;
CREATE TABLE IF NOT EXISTS `histo_validation_incident_naturel` (
  `ID_HISTO_VALIDATION` int(11) NOT NULL,
  `ID_SIGNALEMET` int(10) DEFAULT NULL,
  `USER_ID` int(10) NOT NULL,
  `STATUT_TRAITEMENT` int(10) NOT NULL,
  `DATE_INSERTION` datetime NOT NULL DEFAULT CURRENT_TIMESTAMP,
  PRIMARY KEY (`ID_HISTO_VALIDATION`)
) ENGINE=InnoDB DEFAULT CHARSET=latin1;

--
-- Déchargement des données de la table `histo_validation_incident_naturel`
--

INSERT INTO `histo_validation_incident_naturel` (`ID_HISTO_VALIDATION`, `ID_SIGNALEMET`, `USER_ID`, `STATUT_TRAITEMENT`, `DATE_INSERTION`) VALUES
(1, 8, 59, 1, '2022-05-27 09:49:03'),
(2, 8, 60, 2, '2022-05-27 09:49:29'),
(3, 8, 2, 4, '2022-05-27 09:49:47');

-- --------------------------------------------------------

--
-- Structure de la table `histo_validation_signalement`
--

DROP TABLE IF EXISTS `histo_validation_signalement`;
CREATE TABLE IF NOT EXISTS `histo_validation_signalement` (
  `ID_HISTO_VALIDATION` int(10) NOT NULL,
  `ID_SIGNALEMET` int(10) DEFAULT NULL,
  `USER_ID` int(10) NOT NULL,
  `STATUT_TRAITEMENT` int(10) NOT NULL,
  `DATE_INSERTION` datetime NOT NULL DEFAULT CURRENT_TIMESTAMP,
  PRIMARY KEY (`ID_HISTO_VALIDATION`)
) ENGINE=InnoDB DEFAULT CHARSET=latin1;

--
-- Déchargement des données de la table `histo_validation_signalement`
--

INSERT INTO `histo_validation_signalement` (`ID_HISTO_VALIDATION`, `ID_SIGNALEMET`, `USER_ID`, `STATUT_TRAITEMENT`, `DATE_INSERTION`) VALUES
(1, 51, 2, 1, '2022-06-28 11:15:01'),
(2, 53, 2, 1, '2022-06-28 11:15:16'),
(3, 13, 2, 1, '2022-06-28 11:15:35'),
(4, 2, 2, 1, '2022-06-28 11:15:41'),
(5, 54, 2, 1, '2022-06-28 11:22:01'),
(6, 2, 60, 2, '2022-06-28 11:22:50'),
(7, 62, 2, 1, '2022-07-05 13:03:45');

-- --------------------------------------------------------

--
-- Structure de la table `histo_validation_vol`
--

DROP TABLE IF EXISTS `histo_validation_vol`;
CREATE TABLE IF NOT EXISTS `histo_validation_vol` (
  `ID_HISTO_VALIDATION` int(10) NOT NULL,
  `ID_SIGNALEMET` int(10) DEFAULT NULL,
  `USER_ID` int(10) NOT NULL,
  `STATUT_TRAITEMENT` int(10) NOT NULL,
  `DATE_INSERTION` datetime NOT NULL DEFAULT CURRENT_TIMESTAMP,
  PRIMARY KEY (`ID_HISTO_VALIDATION`)
) ENGINE=InnoDB DEFAULT CHARSET=latin1;

--
-- Déchargement des données de la table `histo_validation_vol`
--

INSERT INTO `histo_validation_vol` (`ID_HISTO_VALIDATION`, `ID_SIGNALEMET`, `USER_ID`, `STATUT_TRAITEMENT`, `DATE_INSERTION`) VALUES
(1, 2, 2, 4, '2022-06-28 11:23:48');

-- --------------------------------------------------------

--
-- Structure de la table `immatriculation_permis`
--

DROP TABLE IF EXISTS `immatriculation_permis`;
CREATE TABLE IF NOT EXISTS `immatriculation_permis` (
  `ID_IMMATRICULATION_PERMIS` int(11) NOT NULL,
  `ID_OBR` int(11) NOT NULL,
  `ID_PSR` int(11) NOT NULL,
  `NOM` varchar(250) DEFAULT NULL,
  `PRENOM` varchar(250) DEFAULT NULL,
  `TELEPHONE` varchar(50) DEFAULT NULL,
  `ID_UTILISATEUR` int(11) DEFAULT NULL,
  `DATE_INSERTION` datetime NOT NULL DEFAULT CURRENT_TIMESTAMP,
  `DATE_SUPPRESSION` datetime DEFAULT NULL COMMENT 'si elle n''est pas nulle, l''association est supprimée',
  PRIMARY KEY (`ID_IMMATRICULATION_PERMIS`)
) ENGINE=InnoDB DEFAULT CHARSET=utf8mb4;

--
-- Déchargement des données de la table `immatriculation_permis`
--

INSERT INTO `immatriculation_permis` (`ID_IMMATRICULATION_PERMIS`, `ID_OBR`, `ID_PSR`, `NOM`, `PRENOM`, `TELEPHONE`, `ID_UTILISATEUR`, `DATE_INSERTION`, `DATE_SUPPRESSION`) VALUES
(5, 3, 3, 'BERAMIHETO', 'Martial ', '71805514', NULL, '2022-06-10 17:03:01', NULL),
(7, 4, 3, 'Yves', 'Moussa', '7155886', NULL, '2022-06-14 06:57:14', NULL),
(12, 5, 6, 'Ngabe', 'Axel', '346535956', 22, '2022-06-22 14:33:06', NULL),
(15, 2, 3, 'Beraniheto', 'Martial', '12345678', 89, '2022-06-27 18:07:55', NULL),
(16, 3, 13, 'Mbonihankuye', 'Eriel', '79878227', 80, '2022-07-06 10:53:05', NULL);

-- --------------------------------------------------------

--
-- Structure de la table `infra_autres`
--

DROP TABLE IF EXISTS `infra_autres`;
CREATE TABLE IF NOT EXISTS `infra_autres` (
  `ID_INFRACTION_O` int(10) NOT NULL,
  `ID_UTILISATEUR` int(10) NOT NULL,
  `ID_IMMATRICULATION` int(10) NOT NULL,
  `ID_INFRA_PEINE` int(10) NOT NULL,
  `DATE_INSERTION` datetime NOT NULL DEFAULT CURRENT_TIMESTAMP,
  PRIMARY KEY (`ID_INFRACTION_O`)
) ENGINE=InnoDB DEFAULT CHARSET=utf8mb4;

-- --------------------------------------------------------

--
-- Structure de la table `infra_infractions`
--

DROP TABLE IF EXISTS `infra_infractions`;
CREATE TABLE IF NOT EXISTS `infra_infractions` (
  `ID_INFRA_INFRACTION` int(11) NOT NULL,
  `NIVEAU_ALERTE` varchar(250) DEFAULT NULL,
  `ID_TYPE_VERIFICATION` int(10) NOT NULL,
  `INFRACTION_TRADUCTION` text,
  PRIMARY KEY (`ID_INFRA_INFRACTION`)
) ENGINE=InnoDB DEFAULT CHARSET=latin1;

--
-- Déchargement des données de la table `infra_infractions`
--

INSERT INTO `infra_infractions` (`ID_INFRA_INFRACTION`, `NIVEAU_ALERTE`, `ID_TYPE_VERIFICATION`, `INFRACTION_TRADUCTION`) VALUES
(2, 'Immatriculation non trouvée', 1, '{\"FR\":\"Immatriculation non trouvée\",\"ENG\":\"Registration not found\",\"KIR\":\"Ibiranga umuduga ntivyabonetse\",\"KISW\":\"Usajili haujapatikana\"}'),
(3, 'Assurance non trouvée', 2, '{\"FR\":\"Assurance non trouvée\",\"ENG\":\"Insurance not found\",\"KIR\":\"Assuranse ntiyabonetse\",\"KISW\":\"Bima haijapatikana\"}'),
(4, 'Assurance vérifiée', 2, '{\"FR\":\"Assurance verifiée\",\"ENG\":\"Verified insurance\",\"KIR\":\"Asiranse yasuzumwe\",\"KISW\":\"Bima iliyothibitishwa\"}'),
(5, 'Assurance expirée', 2, '{\"FR\":\"Assurance expirée\",\"ENG\":\"Expired Insurance\",\"KIR\":\"Asiranse yarataye igihe\",\"KISW\":\"Bima iliyoisha muda wake\"}'),
(8, 'Défaut ou expiration du certificat de contrôle technique(Véhicule de tourisme)', 3, '{\"FR\":\"Défaut ou expiration du certificat de contrôle technique(Véhicule de tourisme)\",\"ENG\":\"Default or expiry of the technical inspection certificate( passenger car)\",\"KIR\":\"Controle technique ifise ikibazo canke yataye igihe (Umuduga udaca amahera)\",\"KISW\":\"Chaguo-msingi au kuisha kwa cheti cha ukaguzi wa kiufundi (gari la abiria)\"}'),
(9, 'Voiture déclarée volée', 4, '{\"FR\":\"Voiture declarée volée\",\"ENG\":\"Stolen declared car\",\"KIR\":\"Iy\'imodoka iri muzibwe\",\"KISW\":\"Gari iliyotangazwa kuibiwa\"}'),
(10, 'Voiture retrouvée', 4, '{\"FR\":\"Voiture retrouvée\",\"ENG\":\"Car found\",\"KIR\":\"imodoka yaratowe\",\"KISW\":\"Gari limepatikana\"}'),
(11, 'Permis authentique', 6, '{\"FR\":\"Permis authentique\",\"ENG\":\"Authentic permit\",\"KIR\":\"permi niyukuri\",\"KISW\":\"Kibali cha kweli\"}'),
(12, 'Permis invalide', 6, '{\"FR\":\"Permis invalide\",\"ENG\":\"Invalid license\",\"KIR\":\"Permis yawe ntibaho\",\"KISW\":\"Leseni batili\"}'),
(13, 'Correspondance permis-plaque', 6, '{\"FR\":\"correspondance permis plaque\",\"ENG\":\"correspondence allowed plate\",\"KIR\":\"GUHUZA imparati n'),
(14, 'Pas de correspondance permis- plaque', 6, '{\"FR\":\"Pas de correspondance avec le véhicule\",\"ENG\":\"No connection with the vehicle\",\"KIR\":\"Ntagihuza umu chaufferi n\'umuduga\", \"KISW\": \"Hakuna mawasiliano ya kibali-sahani\"}'),
(15, 'Permis expiré', 6, '{\"FR\":\"Permis expiré\",\"ENG\":\"License expired\",\"KIR\":\"Uruhusha rwararangiye\",\"KISW\":\"Muda wa leseni umeisha\"}'),
(16, 'Pas de permis', 6, '{\"FR\":\"Pas de permis\",\"ENG\":\"no license\",\"KIR\":\" Nta ruhusha rwo kugendesha imodoka\",\"KISW\":\"hakuna leseni\"}'),
(17, 'Controle parking', 7, '{\"FR\":\"Controle parking\",\"ENG\":\"parking control\",\"KIR\":\"kugenzura parikingi\",\"KISW\":\"udhibiti wa maegesho\"}'),
(19, 'Défaut ou expiration du certificat de contrôle technique(Voiture-taxi)', 3, '{\"FR\":\"Défaut ou expiration du certificat de contrôle technique(Voiture-taxi)\",\"ENG\":\"Default or expiry of the technical inspection certificate (Touring vehicle)\",\"KIR\":\"Controle technique ifise ikibazo canke yataye igihe (Umuduga wo gutembera)\",\"KISW\":\"Chaguo-msingi au kuisha kwa cheti cha ukaguzi wa kiufundi (Gari la kutembelea)\"}'),
(20, 'Défaut ou expiration du certificat de contrôle technique(Tout véhicule de transport des marchandises)', 3, '{\"FR\":\"Défaut ou expiration du certificat de contrôle technique(Tout véhicule de transport des marchandises)\",\"ENG\":\"Default or expiry of the technical inspection certificate(Goods transport)\",\"KIR\":\"Controle technique ifise ikibazo canke yataye igihe(umuduga utwara ibidandazwa)\",\"KISW\":\"Chaguo-msingi au kuisha kwa cheti cha ukaguzi wa kiufundi(Usafirishaji wa bidhaa)\"}'),
(21, 'Défaut ou expiration du certificat de contrôle technique( tout vehicule de transport de personnes jusqu\'à 20 places)', 3, '{\"FR\":\"Défaut ou expiration du certificat de contrôle technique( tout vehicule de transport de personnes jusqu\'à 20 places)\",\"ENG\":\"Default or expiry of the technical inspection certificate (any passenger transport vehicle with up to 20 seats)\",\"KIR\":\"Controle technique ifise ikibazo canke yataye igihe(umuduga uca amahera mugutwara abantu ufise ibibanza bishika 20)\",\"KISW\":\"Chaguo-msingi au kuisha kwa cheti cha ukaguzi wa kiufundi (gari lolote la usafiri wa abiria lenye hadi viti 20)\"}'),
(22, 'Défaut ou expiration du certificat de contrôle technique( tout vehicule de transport de personnes de 20 à 30 places)', 3, '{\"FR\":\"Défaut ou expiration du certificat de contrôle technique( tout vehicule de transport de personnes de 20 à 30 places)\",\"ENG\":\"Default or expiry of the technical inspection certificate (any passenger transport vehicle with 20 to 30 seats)\",\"KIR\":\"Controle technique ifise ikibazo canke yataye igihe(umuduga uca amahera mugutwara abantu ufise ibibanza hagati ya 20 na30)\",\"KISW\":\"Chaguo-msingi au kuisha kwa cheti cha ukaguzi wa kiufundi (gari lolote la usafiri wa abiria lenye viti 20 hadi 30)\"}'),
(23, 'Défaut ou expiration du certificat de contrôle technique( tout vehicule de transport de personnes  de plus de 30 à 45 places)', 3, '{\"FR\":\"Défaut ou expiration du certificat de contrôle technique( tout vehicule de transport de personnes  de plus de 30 à 45 places)\",\"ENG\":\"Default or expiry of the technical inspection certificate(any passenger transport vehicle with 20 to 45 seats)\",\"KIR\":\"Controle technique ifise ikibazo canke yataye igihe(umuduga uca amahera mugutwara abantu ufise ibibanza biri hagati ya 30 na 45)\",\"KISW\":\"Chaguo-msingi au kuisha kwa cheti cha ukaguzi wa kiufundi(gari lolote la usafiri wa abiria lenye viti 20 hadi 45)\"}'),
(24, 'Défaut ou expiration du certificat de contrôle technique( tout vehicule de transport de personnes de plus de 45 à 65 places)', 3, '{\"FR\":\"Défaut ou expiration du certificat de contrôle technique( tout vehicule de transport de personnes de plus de 45 à 65 places)\",\"ENG\":\"Défault ou expiration du certificat de contrôle technique(any passenger transport vehicle with 45 to 65 seats)\",\"KIR\":\"Controle technique ifise ikibazo canke yataye igihe (umuduga uca amahera mugutwara abantu ufise ibibanza biri hagati ya 45 na 65)\",\"KISW\":\"Chaguo-msingi au kuisha kwa cheti cha ukaguzi wa kiufundi(gari lolote la usafiri wa abiria lenye viti 45 hadi 65)\"}'),
(25, 'Défaut ou expiration du certificat de contrôle technique( tout vehicule de transport de personnes plus de 65 places)', 3, '{\"FR\":\"Défaut ou expiration du certificat de contrôle technique( tout vehicule de transport de personnes plus de 65 places)\",\"ENG\":\"Default or expiry of the technical inspection certificate(any passenger transport vehicle over 65)\",\"KIR\":\"Controle technique ifise ikibazo canke yataye igihe(umuduga utwara uca amahera mugutwara abantu ufise ibibanza biri hejuru ya 65)\",\"KISW\":\"Chaguo-msingi au kuisha kwa cheti cha ukaguzi wa kiufundi(gari lolote la usafiri wa abiria zaidi ya 65)\"}');

-- --------------------------------------------------------

--
-- Structure de la table `infra_peines`
--

DROP TABLE IF EXISTS `infra_peines`;
CREATE TABLE IF NOT EXISTS `infra_peines` (
  `ID_INFRA_PEINE` int(10) NOT NULL,
  `ID_INFRA_INFRACTION` int(11) NOT NULL,
  `AMENDES` varchar(100) NOT NULL,
  `MONTANT` int(30) NOT NULL,
  `POINTS` int(10) NOT NULL,
  `PEINES_TRADUCTION` text,
  PRIMARY KEY (`ID_INFRA_PEINE`)
) ENGINE=InnoDB DEFAULT CHARSET=latin1;

--
-- Déchargement des données de la table `infra_peines`
--

INSERT INTO `infra_peines` (`ID_INFRA_PEINE`, `ID_INFRA_INFRACTION`, `AMENDES`, `MONTANT`, `POINTS`, `PEINES_TRADUCTION`) VALUES
(1, 2, 'Amendes', 10000, 0, '{\"FR\":\"Amendes\",\"ENG\":\"Fines\",\"KIR\":\"Ihadabu\",\"KISW\":\"Faini\"}'),
(3, 3, 'Immobilsation du véhicule', 0, 0, '{\"FR\":\"Immobilsation du véhicule\",\"ENG\":\"Immobilization of the vehicle\",\"KIR\":\"Gushira imodoka ku ruhande\",\"KISW\":\"Uzuiaji wa gari\"}'),
(4, 5, 'Amende', 0, 0, '{\"FR\":\"Amande\",\"ENG\":\"Fine\",\"KIR\":\"Ihadabu\",\"KISW\":\"Faini\"}'),
(6, 8, 'Amende de vingt mille francs burundais', 20000, 0, '{\"FR\":\"Amende de vingt mille francs burundais\",\"ENG\":\"Fine of twenty thousand Burundian francs\",\"KIR\":\"Ihadabu ry\'amafaranga ibihumbi mirongo ibiri\",\"KISW\":\"Faini ya faranga 2,000 za Burundi\"}'),
(7, 9, 'Immobilisation du véhicule et interpellation du conducteur', 0, 0, '{\"FR\":\"Immobilisation du véhicule et interpellation du conducteur\",\"ENG\":\"Immobilization of the vehicle and driver arrest\",\"KIR\":\"Gushira imodoka ku ruhande no guhagarika umushoferi\",\"KISW\":\"Uzuiaji wa gari na kukamatwa kwa dereva\"}'),
(8, 9, 'Appel de la fourrière', 50000, 0, '{\"FR\":\"Appel de la fourrière\",\"ENG\":\"Tow truck call\",\"KIR\":\"Guhamagara imodoka iterura\",\"KISW\":\"Simu ya lori la Tow\"}'),
(9, 12, 'Amendes', 10000, 0, '{\"FR\":\"Amendes\",\"ENG\":\"Fines\",\"KIR\":\"Ihadabu\",\"KISW\":\"Faini\"}'),
(10, 14, 'Pas de correspondance permis- plaque', 0, 1, '{\"FR\":\"Pas de correspondance avec le véhicule\",\"ENG\":\"No connection with the vehicle\",\"KIR\":\"Ntagihuza umu chaufferi n'),
(11, 15, 'Amendes', 10000, 0, '{\"FR\":\"Amendes\",\"ENG\":\"Fines\",\"KIR\":\"Ihadabu\",\"KISW\":\"Faini\"}'),
(12, 16, 'Amendes', 10000, 0, '{\"FR\":\"Amendes\",\"ENG\":\"Fines\",\"KIR\":\"Ihadabu\",\"KISW\":\"Faini\"}'),
(13, 2, 'Interpellation pendant 10 jours', 0, 0, '{\"FR\":\"Interpellation pendant 10 jours\",\"ENG\":\"Arrest for 10 days\",\"KIR\":\"Guhagarika umuduga iminsi 10\",\"KISW\":\"Kukamatwa kwa siku 10\"}'),
(14, 20, 'Amende de trente cinq mille francs burundais', 35000, 0, '{\"FR\":\"Amende de trente cinq mille francs burundais \",\"ENG\":\"Fine of thirty-five thousand Burundian francs\",\"KIR\":\"Ihadabu ry\'amafaranga ibihumbi mirongo itatu nabitanu\",\"KISW\":\"Faini ya faranga za Burundi 35,000 \"}'),
(15, 19, 'Amende de trente mille francs burundais', 30000, 0, '{\"FR\":\"Amende de trente mille francs burundais\",\"ENG\":\"Fine of thirty thousand Burundian francs\",\"KIR\":\"Ihadabu ry\'amafaranga ibihumbi mirongo itatu\",\"KISW\":\"Faini ya faranga za Burundi 30,000\"}'),
(16, 22, 'Amende de soixante mille francs burundais', 60000, 0, '{\"FR\":\"Amende de soixante mille francs burundais\",\"ENG\":\"Fine of sixty thousand Burundian francs\",\"KIR\":\"Ihadabu ry\'amafaranga ibihumbi mirongo itandatu\",\"KISW\":\"Faini ya faranga 60,000 za Burundi\"}'),
(17, 21, 'Amende de cinquante mille francs burundais', 50000, 0, '{\"FR\":\"Amende de cinquante mille francs burundais\",\"ENG\":\"Fine of fifty thousand Burundian francs\",\"KIR\":\"Ihadabu ry\'amafaranga ibihumbi mirongo itanu\",\"KISW\":\"Faini ya faranga 50,000 za Burundi\"}'),
(18, 23, 'Amende de soixante-dix mille francs burundais', 70000, 0, '{\"FR\":\"Amende de soixante-dix mille francs burundais\",\"ENG\":\"Fine of seventy thousand Burundian francs\",\"KIR\":\"Ihadabu ry\'amafaranga ibihumbi mirongo irindwi\",\"KISW\":\"Faini ya faranga 70,000 za Burundi\"}'),
(19, 24, 'Amende de quatre-vingt mille francs burundais', 80000, 0, '{\"FR\":\"Amende de quatre-vingt mille francs burundais\",\"ENG\":\"Fine of eighty thousand Burundian francs\",\"KIR\":\"Ihadabu ry\'amafaranga ibihumbi mirongo umunani\",\"KISW\":\"Faini ya faranga 80,000 za Burundi\"}'),
(20, 25, 'Amende de cent mille francs burundais', 100000, 0, '{\"FR\":\"Amende de cent mille francs burundais\",\"ENG\":\"Fine of one hundred thousand Burundian francs\",\"KIR\":\"Ihadabu ry\'amafaranga ibihumbi ijana\",\"KISW\":\"Faini ya faranga 100,000 za Burundi\"}');

-- --------------------------------------------------------

--
-- Structure de la table `notifications`
--

DROP TABLE IF EXISTS `notifications`;
CREATE TABLE IF NOT EXISTS `notifications` (
  `ID_NOTIFICATION` int(10) NOT NULL,
  `USER_ID` int(11) DEFAULT NULL,
  `MESSAGE` text,
  `TELEPHONE` varchar(20) DEFAULT NULL,
  `DATE_INSERTION` datetime NOT NULL DEFAULT CURRENT_TIMESTAMP,
  `NUMERO_PLAQUE` varchar(250) DEFAULT NULL,
  `STATUT` int(1) DEFAULT '0',
  `IS_AGENT_PSR` int(2) NOT NULL DEFAULT '0',
  `ID_PSR_ELEMENT` int(11) DEFAULT NULL,
  PRIMARY KEY (`ID_NOTIFICATION`)
) ENGINE=InnoDB DEFAULT CHARSET=utf8mb4;

--
-- Déchargement des données de la table `notifications`
--

INSERT INTO `notifications` (`ID_NOTIFICATION`, `USER_ID`, `MESSAGE`, `TELEPHONE`, `DATE_INSERTION`, `NUMERO_PLAQUE`, `STATUT`, `IS_AGENT_PSR`, `ID_PSR_ELEMENT`) VALUES
(1, 2, 'test message', '79403227', '2022-07-08 09:31:36', 'PSR', 0, 27, NULL),
(2, 2, 'pour koi tu n pas actif', '71227171', '2022-07-08 09:37:27', 'PSR', 0, 1, 21),
(3, 2, 'biejdui  tu fous koi bandit', '71227171', '2022-07-08 09:40:07', 'PSR', 1, 1, 21),
(4, 2, 'hjdccndcinihdhdiijsiiucucc', '12345678', '2022-07-08 09:48:23', 'PSR', 1, 1, 14),
(5, 2, 'bien merci bro', '12345678', '2022-07-08 09:48:53', 'PSR', 1, 1, 14),
(6, 2, 'bien nous sommes dans notre vie', '79403227', '2022-07-08 11:16:19', 'PSR', 1, 1, 27),
(7, 2, 'bien ', '79588624', '2022-07-08 11:17:27', 'PSR', 1, 1, 19),
(8, 2, 'bien', '12345678', '2022-07-08 12:15:44', 'PSR', 1, 1, 14),
(9, 2, 'salut monchr', '71500003', '2022-07-08 12:44:59', 'PSR', 1, 1, 16),
(10, 2, 'test notification psr', '71500003', '2022-07-08 12:49:31', 'PSR', 1, 1, 16),
(11, 2, 'Ndayishimiye Donatien PNB52999,\nmessage test \n\n', '71500003', '2022-07-08 12:57:13', 'PSR', 1, 1, 16),
(12, 2, 'Ndayishimiye Donatien (PNB52999),\nBon apres midi \nVu le nombre de personnes qui réclament, \nVu le nombre d\'amis et nous appellent de l\'extérieur, \nje conclus que ce sont souvent des burundais naturalisés ailleurs et qui utilisent des passports etrangers pour voyager. Ce sont de grands économistes qui veulent à tout prix eviter de payer $100 pour le test Covid19. \nComme ils le font sciemment sans ignorer que \" nul ne peut invoquer sa propre tulpitude\", ils devraient être patients en demandant le remboursement', '71500003', '2022-07-08 12:59:11', 'PSR', 1, 1, 16),
(13, 2, 'Ndayishimiye Donatien (PNB52999),\nBon apres midi Vu le nombre de personnes qui réclament, Vu lenombre d\'amis et nous appellent de l\'extérieur, je conclus que ce sont souvent des burundais naturalisés ailleurs et qui utilisent ', '71500003', '2022-07-08 13:00:51', 'PSR', 1, 1, 16),
(14, 2, 'Ndayishimiye Donatien (PNB52999),\nHier j suis rentré tard et on était sur autre chose', '79839653', '2022-07-08 13:21:50', 'PSR', 1, 1, 16),
(15, 2, 'Ndayishimiye Donatien (PNB52999),\nJe te dis de le plannifier aujourd\'hui', '79839653', '2022-07-08 13:22:38', 'PSR', 1, 1, 16),
(16, 2, 'Ndayishimiye Donatien (PNB52999),\nHi, in the technical meeting we had with @Michael  we understood that Brisk will not be able to give us the two API that we are asking now. I don\'t know if it is a technical problem or a time problem.', '79839653', '2022-07-08 13:25:22', 'PSR', 1, 1, 16),
(17, 2, 'Ndayishimiye Donatien (PNB52999),\nmessageAgent', '79839653', '2022-07-08 13:27:14', 'PSR', 1, 1, 16),
(18, 2, 'Ndayishimiye Donatien (PNB52999),messageAgentmessageAgentmessageAgent', '79839653', '2022-07-08 13:28:24', 'PSR', 1, 1, 16),
(19, 2, 'Ndayishimiye Donatien (PNB52999),7918830679188306 salut 0 ç', '79188306', '2022-07-08 13:30:31', 'PSR', 1, 1, 16),
(20, 2, 'Ndayishimiye Donatien (PNB52999),7918830679188306 salut 0 ç', '79188306', '2022-07-08 13:30:32', 'PSR', 1, 1, 16),
(21, 2, 'Ndayishimiye Donatien (PNB52999),sqlu ,utq,,', '79188306', '2022-07-08 13:31:30', 'PSR', 1, 1, 16),
(22, 2, 'Ndayishimiye Donatien (PNB52999),tu veux koi bqndit', '79839653', '2022-07-08 13:32:56', 'PSR', 1, 1, 16),
(23, 2, 'Ndayishimiye Donatien (PNB52999),\nmessageAgent messageAgent Hier j suis rentré tard et on était sur autre chose', '79839653', '2022-07-08 13:37:08', 'PSR', 1, 1, 16),
(24, 2, 'Ndayishimiye Donatien (PNB52999),\nReka gucanganya! Erega @Corrine Mbx hariho ibimw\'echappa iyo atabikurikiranye hafi! Ikibazo ni kimwe, kubera iki irya livraison utayitanguriye kuri café gourmand ??? \nC\'est aussi simple que ça', '79839653', '2022-07-08 16:46:47', 'PSR', 1, 1, 16),
(25, 2, 'Ndayishimiye Donatien (PNB52999),\nReka gucanganya! Erega @Corrine Mbx hariho ibimw\'echappa iyo atabikurikiranye hafi! Ikibazo ni kimwe, kubera iki irya livraison utayitanguriye kuri café gourmand ??? \nC\'est aussi simple que ça', '79839653', '2022-07-08 16:48:21', 'PSR', 1, 1, 16),
(26, 2, 'Ndayishimiye Donatien (PNB52999),\nSome quick example text to build on the card title and make up the bulk of the card\'s content.', '79839653', '2022-07-08 16:54:09', 'PSR', 1, 1, 16),
(27, 2, 'Ndayishimiye Donatien (PNB52999),\nsalut bbb', '79839653', '2022-07-08 17:33:03', 'PSR', 1, 1, 16);

-- --------------------------------------------------------

--
-- Structure de la table `notifications_receive`
--

DROP TABLE IF EXISTS `notifications_receive`;
CREATE TABLE IF NOT EXISTS `notifications_receive` (
  `ID_NOTIFICATIONS_RECEIVE` int(11) NOT NULL,
  `TITRE` varchar(250) NOT NULL,
  `CONTENU` varchar(250) NOT NULL,
  `TOKEN` varchar(250) NOT NULL,
  `IS_READ` tinyint(1) NOT NULL DEFAULT '0',
  `DATE_INSERT` datetime NOT NULL DEFAULT CURRENT_TIMESTAMP
) ENGINE=InnoDB DEFAULT CHARSET=latin1;

--
-- Déchargement des données de la table `notifications_receive`
--

INSERT INTO `notifications_receive` (`ID_NOTIFICATIONS_RECEIVE`, `TITRE`, `CONTENU`, `TOKEN`, `IS_READ`, `DATE_INSERT`) VALUES
(1, 'BPS ET PMS et psr', 'Point dans 10 min pas le chef', 'ExponentPushToken[0lOPNhDmhdKGIlpQhNxruH]', 1, '2022-07-08 11:14:07'),
(2, 'BPS ET PMS et psr', 'Point dans 10 min pas le chef', 'ExponentPushToken[5pghF_HFswEKb3aUxMLPHd]', 1, '2022-07-08 11:15:16'),
(3, 'BPS ET PMS et psr', 'Point dans 10 min pas le chef', 'ExponentPushToken[0lOPNhDmhdKGIlpQhNxruH]', 1, '2022-07-08 11:17:27'),
(4, 'BPS ET PMS et psr', 'Point dans 10 min pas le chef', 'ExponentPushToken[0lOPNhDmhdKGIlpQhNxruH]', 1, '2022-07-08 11:20:10'),
(5, 'BPS ET PMS et psr', 'Point dans 10 min pas le chef', 'ExponentPushToken[0lOPNhDmhdKGIlpQhNxruH]', 1, '2022-07-08 12:02:09'),
(6, 'BPS ET PMS et psr', 'Point dans 10 min pas le chef', 'ExponentPushToken[0lOPNhDmhdKGIlpQhNxruH]', 1, '2022-07-08 12:02:09'),
(7, 'BPS ET PMS et psr', 'Point dans 10 min pas le chef', 'ExponentPushToken[0lOPNhDmhdKGIlpQhNxruH]', 1, '2022-07-08 12:02:10'),
(8, 'PSR Control, pour Agent Ndayishimiye Donatien PNB52999', 'salut monchr', 'ExponentPushToken[0lOPNhDmhdKGIlpQhNxruH]', 1, '2022-07-08 12:44:29'),
(9, 'PSR Control, pour Agent Ndayishimiye Donatien PNB52999', 'salut monchr', 'ExponentPushToken[0lOPNhDmhdKGIlpQhNxruH]', 1, '2022-07-08 12:44:29'),
(10, 'PSR Control, pour Agent Ndayishimiye Donatien PNB52999', 'salut monchr', 'ExponentPushToken[0lOPNhDmhdKGIlpQhNxruH]', 1, '2022-07-08 12:44:29'),
(11, 'Agent Ndayishimiye Donatien PNB52999', 'test notification psr\n (PSR centre de Control)', 'ExponentPushToken[0lOPNhDmhdKGIlpQhNxruH]', 1, '2022-07-08 12:49:01'),
(12, 'Agent Ndayishimiye Donatien PNB52999', 'test notification psr\n (PSR centre de Control)', 'ExponentPushToken[0lOPNhDmhdKGIlpQhNxruH]', 1, '2022-07-08 12:49:01'),
(13, 'Agent Ndayishimiye Donatien PNB52999', 'test notification psr\n (PSR centre de Control)', 'ExponentPushToken[0lOPNhDmhdKGIlpQhNxruH]', 1, '2022-07-08 12:49:01'),
(14, 'PSR centre de Control', 'Ndayishimiye Donatien PNB52999,\nmessage test \n\n', 'ExponentPushToken[0lOPNhDmhdKGIlpQhNxruH]', 1, '2022-07-08 12:57:13'),
(15, 'PSR centre de Control', 'Ndayishimiye Donatien PNB52999,\nmessage test \n\n', 'ExponentPushToken[0lOPNhDmhdKGIlpQhNxruH]', 1, '2022-07-08 12:57:13'),
(16, 'PSR centre de Control', 'Ndayishimiye Donatien PNB52999,\nmessage test \n\n', 'ExponentPushToken[0lOPNhDmhdKGIlpQhNxruH]', 1, '2022-07-08 12:57:13'),
(17, 'PSR centre de Control', 'Ndayishimiye Donatien (PNB52999),\nBon apres midi Vu le nombre de personnes qui réclament, Vu lenombre d\'amis et nous appellent de l\'extérieur, je conclus que ce sont souvent des burundais naturalisés ailleurs et qui utilisent ', 'ExponentPushToken[0lOPNhDmhdKGIlpQhNxruH]', 1, '2022-07-08 13:00:20'),
(18, 'PSR centre de Control', 'Ndayishimiye Donatien (PNB52999),\nBon apres midi Vu le nombre de personnes qui réclament, Vu lenombre d\'amis et nous appellent de l\'extérieur, je conclus que ce sont souvent des burundais naturalisés ailleurs et qui utilisent ', 'ExponentPushToken[0lOPNhDmhdKGIlpQhNxruH]', 1, '2022-07-08 13:00:20'),
(19, 'PSR centre de Control', 'Ndayishimiye Donatien (PNB52999),\nBon apres midi Vu le nombre de personnes qui réclament, Vu lenombre d\'amis et nous appellent de l\'extérieur, je conclus que ce sont souvent des burundais naturalisés ailleurs et qui utilisent ', 'ExponentPushToken[0lOPNhDmhdKGIlpQhNxruH]', 1, '2022-07-08 13:00:20'),
(20, 'PSR centre de Control', 'Ndayishimiye Donatien (PNB52999),\nHier j suis rentré tard et on était sur autre chose', 'ExponentPushToken[0lOPNhDmhdKGIlpQhNxruH]', 1, '2022-07-08 13:21:49'),
(21, 'PSR centre de Control', 'Ndayishimiye Donatien (PNB52999),\nHier j suis rentré tard et on était sur autre chose', 'ExponentPushToken[0lOPNhDmhdKGIlpQhNxruH]', 1, '2022-07-08 13:21:49'),
(22, 'PSR centre de Control', 'Ndayishimiye Donatien (PNB52999),\nHier j suis rentré tard et on était sur autre chose', 'ExponentPushToken[0lOPNhDmhdKGIlpQhNxruH]', 1, '2022-07-08 13:21:49'),
(23, 'PSR centre de Control', 'Ndayishimiye Donatien (PNB52999),\nJe te dis de le plannifier aujourd\'hui', 'ExponentPushToken[0lOPNhDmhdKGIlpQhNxruH]', 1, '2022-07-08 13:22:36'),
(24, 'PSR centre de Control', 'Ndayishimiye Donatien (PNB52999),\nJe te dis de le plannifier aujourd\'hui', 'ExponentPushToken[0lOPNhDmhdKGIlpQhNxruH]', 1, '2022-07-08 13:22:36'),
(25, 'PSR centre de Control', 'Ndayishimiye Donatien (PNB52999),\nJe te dis de le plannifier aujourd\'hui', 'ExponentPushToken[0lOPNhDmhdKGIlpQhNxruH]', 1, '2022-07-08 13:22:36'),
(26, 'PSR centre de Control', 'Ndayishimiye Donatien (PNB52999),\nHi, in the technical meeting we had with @Michael  we understood that Brisk will not be able to give us the two API that we are asking now. I don\'t know if it is a technical problem or a time problem.', 'ExponentPushToken[0lOPNhDmhdKGIlpQhNxruH]', 1, '2022-07-08 13:25:18'),
(27, 'PSR centre de Control', 'Ndayishimiye Donatien (PNB52999),\nHi, in the technical meeting we had with @Michael  we understood that Brisk will not be able to give us the two API that we are asking now. I don\'t know if it is a technical problem or a time problem.', 'ExponentPushToken[0lOPNhDmhdKGIlpQhNxruH]', 1, '2022-07-08 13:25:18'),
(28, 'PSR centre de Control', 'Ndayishimiye Donatien (PNB52999),\nHi, in the technical meeting we had with @Michael  we understood that Brisk will not be able to give us the two API that we are asking now. I don\'t know if it is a technical problem or a time problem.', 'ExponentPushToken[0lOPNhDmhdKGIlpQhNxruH]', 1, '2022-07-08 13:25:18'),
(29, 'PSR centre de Control', 'Ndayishimiye Donatien (PNB52999),\nmessageAgent', 'ExponentPushToken[0lOPNhDmhdKGIlpQhNxruH]', 1, '2022-07-08 13:27:13'),
(30, 'PSR centre de Control', 'Ndayishimiye Donatien (PNB52999),\nmessageAgent', 'ExponentPushToken[0lOPNhDmhdKGIlpQhNxruH]', 1, '2022-07-08 13:27:13'),
(31, 'PSR centre de Control', 'Ndayishimiye Donatien (PNB52999),\nmessageAgent', 'ExponentPushToken[0lOPNhDmhdKGIlpQhNxruH]', 1, '2022-07-08 13:27:13'),
(32, 'PSR centre de Control', 'Ndayishimiye Donatien (PNB52999),messageAgentmessageAgentmessageAgent', 'ExponentPushToken[0lOPNhDmhdKGIlpQhNxruH]', 1, '2022-07-08 13:27:53'),
(33, 'PSR centre de Control', 'Ndayishimiye Donatien (PNB52999),messageAgentmessageAgentmessageAgent', 'ExponentPushToken[0lOPNhDmhdKGIlpQhNxruH]', 1, '2022-07-08 13:27:53'),
(34, 'PSR centre de Control', 'Ndayishimiye Donatien (PNB52999),messageAgentmessageAgentmessageAgent', 'ExponentPushToken[0lOPNhDmhdKGIlpQhNxruH]', 1, '2022-07-08 13:27:53'),
(35, 'PSR centre de Control', 'Ndayishimiye Donatien (PNB52999),7918830679188306 salut 0 ç', 'ExponentPushToken[0lOPNhDmhdKGIlpQhNxruH]', 1, '2022-07-08 13:30:00'),
(36, 'PSR centre de Control', 'Ndayishimiye Donatien (PNB52999),7918830679188306 salut 0 ç', 'ExponentPushToken[0lOPNhDmhdKGIlpQhNxruH]', 1, '2022-07-08 13:30:00'),
(37, 'PSR centre de Control', 'Ndayishimiye Donatien (PNB52999),7918830679188306 salut 0 ç', 'ExponentPushToken[0lOPNhDmhdKGIlpQhNxruH]', 1, '2022-07-08 13:30:01'),
(38, 'PSR centre de Control', 'Ndayishimiye Donatien (PNB52999),7918830679188306 salut 0 ç', 'ExponentPushToken[0lOPNhDmhdKGIlpQhNxruH]', 1, '2022-07-08 13:30:31'),
(39, 'PSR centre de Control', 'Ndayishimiye Donatien (PNB52999),7918830679188306 salut 0 ç', 'ExponentPushToken[0lOPNhDmhdKGIlpQhNxruH]', 1, '2022-07-08 13:30:31'),
(40, 'PSR centre de Control', 'Ndayishimiye Donatien (PNB52999),7918830679188306 salut 0 ç', 'ExponentPushToken[0lOPNhDmhdKGIlpQhNxruH]', 1, '2022-07-08 13:30:31'),
(41, 'PSR centre de Control', 'Ndayishimiye Donatien (PNB52999),sqlu ,utq,,', 'ExponentPushToken[0lOPNhDmhdKGIlpQhNxruH]', 1, '2022-07-08 13:31:28'),
(42, 'PSR centre de Control', 'Ndayishimiye Donatien (PNB52999),sqlu ,utq,,', 'ExponentPushToken[0lOPNhDmhdKGIlpQhNxruH]', 1, '2022-07-08 13:31:28'),
(43, 'PSR centre de Control', 'Ndayishimiye Donatien (PNB52999),sqlu ,utq,,', 'ExponentPushToken[0lOPNhDmhdKGIlpQhNxruH]', 1, '2022-07-08 13:31:28'),
(44, 'PSR centre de Control', 'Ndayishimiye Donatien (PNB52999),tu veux koi bqndit', 'ExponentPushToken[0lOPNhDmhdKGIlpQhNxruH]', 1, '2022-07-08 13:32:55'),
(45, 'PSR centre de Control', 'Ndayishimiye Donatien (PNB52999),tu veux koi bqndit', 'ExponentPushToken[0lOPNhDmhdKGIlpQhNxruH]', 1, '2022-07-08 13:32:55'),
(46, 'PSR centre de Control', 'Ndayishimiye Donatien (PNB52999),tu veux koi bqndit', 'ExponentPushToken[0lOPNhDmhdKGIlpQhNxruH]', 1, '2022-07-08 13:32:55'),
(47, 'PSR centre de Control', 'Ndayishimiye Donatien (PNB52999),\nmessageAgent messageAgent Hier j suis rentré tard et on était sur autre chose', 'ExponentPushToken[0lOPNhDmhdKGIlpQhNxruH]', 1, '2022-07-08 13:36:47'),
(48, 'PSR centre de Control', 'Ndayishimiye Donatien (PNB52999),\nmessageAgent messageAgent Hier j suis rentré tard et on était sur autre chose', 'ExponentPushToken[0lOPNhDmhdKGIlpQhNxruH]', 1, '2022-07-08 13:36:47'),
(49, 'PSR centre de Control', 'Ndayishimiye Donatien (PNB52999),\nmessageAgent messageAgent Hier j suis rentré tard et on était sur autre chose', 'ExponentPushToken[0lOPNhDmhdKGIlpQhNxruH]', 1, '2022-07-08 13:36:47'),
(50, 'BPS ET PMS et psr', 'Point dans 10 min pas le chef', 'ExponentPushToken[0lOPNhDmhdKGIlpQhNxruH]', 1, '2022-07-08 15:03:08'),
(51, 'BPS ET PMS et psr', 'Point dans 10 min pas le chef', 'ExponentPushToken[0lOPNhDmhdKGIlpQhNxruH]', 1, '2022-07-08 15:03:08'),
(52, 'BPS ET PMS et psr', 'Point dans 10 min pas le chef', 'ExponentPushToken[0lOPNhDmhdKGIlpQhNxruH]', 1, '2022-07-08 15:03:08'),
(53, 'BPS ET PMS et psr', 'Point dans 10 min pas le chef', 'ExponentPushToken[0lOPNhDmhdKGIlpQhNxruH]', 0, '2022-07-08 15:45:51'),
(54, 'BPS ET PMS et psr', 'Point dans 10 min pas le chef', 'ExponentPushToken[0lOPNhDmhdKGIlpQhNxruH]', 0, '2022-07-08 15:45:52'),
(55, 'BPS ET PMS et psr', 'Point dans 10 min pas le chef', 'ExponentPushToken[0lOPNhDmhdKGIlpQhNxruH]', 0, '2022-07-08 15:45:53'),
(56, 'BPS ET PMS et psr', 'Point dans 10 min pas le chef', 'ExponentPushToken[4Ey-HBAAPtIIhZRUpfCXPA]', 1, '2022-07-08 15:52:24'),
(57, 'PSR centre de Control', 'Ndayishimiye Donatien (PNB52999),\nReka gucanganya! Erega @Corrine Mbx hariho ibimw\'echappa iyo atabikurikiranye hafi! Ikibazo ni kimwe, kubera iki irya livraison utayitanguriye kuri café gourmand ??? \nC\'est aussi simple que ça', 'ExponentPushToken[rHYnfzGg7QFhqqS-58u6bM]', 1, '2022-07-08 16:46:17'),
(58, 'PSR centre de Control', 'Ndayishimiye Donatien (PNB52999),\nReka gucanganya! Erega @Corrine Mbx hariho ibimw\'echappa iyo atabikurikiranye hafi! Ikibazo ni kimwe, kubera iki irya livraison utayitanguriye kuri café gourmand ??? \nC\'est aussi simple que ça', 'ExponentPushToken[4Ey-HBAAPtIIhZRUpfCXPA]', 1, '2022-07-08 16:46:17'),
(59, 'PSR centre de Control', 'Ndayishimiye Donatien (PNB52999),\nReka gucanganya! Erega @Corrine Mbx hariho ibimw\'echappa iyo atabikurikiranye hafi! Ikibazo ni kimwe, kubera iki irya livraison utayitanguriye kuri café gourmand ??? \nC\'est aussi simple que ça', 'ExponentPushToken[rHYnfzGg7QFhqqS-58u6bM]', 1, '2022-07-08 16:47:51'),
(60, 'PSR centre de Control', 'Ndayishimiye Donatien (PNB52999),\nReka gucanganya! Erega @Corrine Mbx hariho ibimw\'echappa iyo atabikurikiranye hafi! Ikibazo ni kimwe, kubera iki irya livraison utayitanguriye kuri café gourmand ??? \nC\'est aussi simple que ça', 'ExponentPushToken[4Ey-HBAAPtIIhZRUpfCXPA]', 1, '2022-07-08 16:47:51'),
(61, 'PSR centre de Control', 'Ndayishimiye Donatien (PNB52999),\nSome quick example text to build on the card title and make up the bulk of the card\'s content.', 'ExponentPushToken[rHYnfzGg7QFhqqS-58u6bM]', 1, '2022-07-08 16:53:39'),
(62, 'PSR centre de Control', 'Ndayishimiye Donatien (PNB52999),\nSome quick example text to build on the card title and make up the bulk of the card\'s content.', 'ExponentPushToken[4Ey-HBAAPtIIhZRUpfCXPA]', 1, '2022-07-08 16:53:39'),
(63, 'PSR centre de Control', 'Ndayishimiye Donatien (PNB52999),\nsalut bbb', 'ExponentPushToken[rHYnfzGg7QFhqqS-58u6bM]', 1, '2022-07-08 17:32:33'),
(64, 'PSR centre de Control', 'Ndayishimiye Donatien (PNB52999),\nsalut bbb', 'ExponentPushToken[4Ey-HBAAPtIIhZRUpfCXPA]', 1, '2022-07-08 17:32:33'),
(0, 'BPS ET PMS et psr', 'Point dans 10 min pas le chef', 'ExponentPushToken[kcb3D0BRjQTfPF59S6EaHo]', 0, '2022-07-11 11:37:03'),
(0, 'BPS ET PMS et psr', 'Point dans 10 min pas le chef', 'ExponentPushToken[rHYnfzGg7QFhqqS-58u6bM]', 0, '2022-07-11 11:37:04'),
(0, 'BPS ET PMS et psr', 'Point dans 10 min pas le chef', 'ExponentPushToken[kcb3D0BRjQTfPF59S6EaHo]', 0, '2022-07-11 11:37:54'),
(0, 'BPS ET PMS et psr', 'Point dans 10 min pas le chef', 'ExponentPushToken[rHYnfzGg7QFhqqS-58u6bM]', 0, '2022-07-11 11:37:54'),
(0, 'psr', 'Point dans 10 min pas le chef', 'ExponentPushToken[kcb3D0BRjQTfPF59S6EaHo]', 0, '2022-07-12 09:26:21'),
(0, 'psr', 'Point dans 10 min pas le chef', 'ExponentPushToken[rHYnfzGg7QFhqqS-58u6bM]', 0, '2022-07-12 09:26:21'),
(0, 'psr', 'Point dans 10 min pas le chef', 'ExponentPushToken[5pghF_HFswEKb3aUxMLPHd]', 1, '2022-07-12 09:26:21'),
(0, 'psr abana beranda babaho', 'Point dans 10 min pas le chef', 'ExponentPushToken[kcb3D0BRjQTfPF59S6EaHo]', 0, '2022-07-12 09:27:44'),
(0, 'psr abana beranda babaho', 'Point dans 10 min pas le chef', 'ExponentPushToken[rHYnfzGg7QFhqqS-58u6bM]', 0, '2022-07-12 09:27:45'),
(0, 'psr abana beranda babaho', 'Point dans 10 min pas le chef', 'ExponentPushToken[5pghF_HFswEKb3aUxMLPHd]', 1, '2022-07-12 09:27:45'),
(0, 'psr abana beranda babaho mutama reka ubugayidi', 'Point dans 10 min pas le chef', 'ExponentPushToken[kcb3D0BRjQTfPF59S6EaHo]', 0, '2022-07-12 09:28:10'),
(0, 'psr abana beranda babaho mutama reka ubugayidi', 'Point dans 10 min pas le chef', 'ExponentPushToken[rHYnfzGg7QFhqqS-58u6bM]', 0, '2022-07-12 09:28:10'),
(0, 'psr abana beranda babaho mutama reka ubugayidi', 'Point dans 10 min pas le chef', 'ExponentPushToken[5pghF_HFswEKb3aUxMLPHd]', 1, '2022-07-12 09:28:10'),
(0, 'psr abana beranda babaho mutama reka ubugayidi', 'Point dans 10 min pas le chef', 'ExponentPushToken[kcb3D0BRjQTfPF59S6EaHo]', 0, '2022-07-12 09:31:08'),
(0, 'psr abana beranda babaho mutama reka ubugayidi', 'Point dans 10 min pas le chef', 'ExponentPushToken[rHYnfzGg7QFhqqS-58u6bM]', 0, '2022-07-12 09:31:08'),
(0, 'psr abana beranda babaho mutama reka ubugayidi', 'Point dans 10 min pas le chef', 'ExponentPushToken[5pghF_HFswEKb3aUxMLPHd]', 1, '2022-07-12 09:31:09'),
(0, 'psr', 'Point dans 10 min pas le chef', 'ExponentPushToken[kcb3D0BRjQTfPF59S6EaHo]', 0, '2022-07-12 11:03:30'),
(0, 'psr', 'Point dans 10 min pas le chef', 'ExponentPushToken[rHYnfzGg7QFhqqS-58u6bM]', 0, '2022-07-12 11:03:30'),
(0, 'psr', 'Point dans 10 min pas le chef', 'ExponentPushToken[5pghF_HFswEKb3aUxMLPHd]', 1, '2022-07-12 11:03:31'),
(0, 'psr', 'Point dans 10 min pas le chef', 'ExponentPushToken[kcb3D0BRjQTfPF59S6EaHo]', 0, '2022-07-12 11:03:41'),
(0, 'psr', 'Point dans 10 min pas le chef', 'ExponentPushToken[rHYnfzGg7QFhqqS-58u6bM]', 0, '2022-07-12 11:03:41'),
(0, 'psr', 'Point dans 10 min pas le chef', 'ExponentPushToken[5pghF_HFswEKb3aUxMLPHd]', 1, '2022-07-12 11:03:41'),
(0, 'psr', 'Point dans 10 min pas le chef', 'ExponentPushToken[kcb3D0BRjQTfPF59S6EaHo]', 0, '2022-07-12 11:03:43'),
(0, 'psr', 'Point dans 10 min pas le chef', 'ExponentPushToken[rHYnfzGg7QFhqqS-58u6bM]', 0, '2022-07-12 11:03:43'),
(0, 'psr', 'Point dans 10 min pas le chef', 'ExponentPushToken[5pghF_HFswEKb3aUxMLPHd]', 1, '2022-07-12 11:03:43');

-- --------------------------------------------------------

--
-- Structure de la table `notification_tokens`
--

DROP TABLE IF EXISTS `notification_tokens`;
CREATE TABLE IF NOT EXISTS `notification_tokens` (
  `ID_NOTIFICATION_TOKEN` int(11) NOT NULL,
  `ID_UTILISATEUR` int(11) NOT NULL,
  `DEVICE` int(11) NOT NULL COMMENT '0 pour android et 1 pour IOS',
  `TOKEN` varchar(255) DEFAULT NULL,
  `IS_CITOYEN` tinyint(1) NOT NULL DEFAULT '1',
  `DATE_INSERTION` datetime DEFAULT CURRENT_TIMESTAMP,
  PRIMARY KEY (`ID_NOTIFICATION_TOKEN`)
) ENGINE=MyISAM DEFAULT CHARSET=latin1;

--
-- Déchargement des données de la table `notification_tokens`
--

INSERT INTO `notification_tokens` (`ID_NOTIFICATION_TOKEN`, `ID_UTILISATEUR`, `DEVICE`, `TOKEN`, `IS_CITOYEN`, `DATE_INSERTION`) VALUES
(27, 80, 0, 'ExponentPushToken[kcb3D0BRjQTfPF59S6EaHo]', 0, '2022-07-11 07:13:07'),
(26, 80, 0, 'ExponentPushToken[rHYnfzGg7QFhqqS-58u6bM]', 0, '2022-07-08 16:44:29'),
(29, 57, 0, 'ExponentPushToken[4Ey-HBAAPtIIhZRUpfCXPA]', 1, '2022-07-11 07:44:10'),
(0, 80, 0, 'ExponentPushToken[5pghF_HFswEKb3aUxMLPHd]', 0, '2022-07-11 16:26:32');

-- --------------------------------------------------------

--
-- Structure de la table `obr_immatriculations_voitures`
--

DROP TABLE IF EXISTS `obr_immatriculations_voitures`;
CREATE TABLE IF NOT EXISTS `obr_immatriculations_voitures` (
  `ID_IMMATRICULATION` int(11) NOT NULL,
  `NUMERO_CARTE_ROSE` varchar(255) DEFAULT NULL,
  `NUMERO_PLAQUE` varchar(255) DEFAULT NULL,
  `CATEGORIE_PLAQUE` varchar(255) DEFAULT NULL,
  `MARQUE_VOITURE` varchar(255) DEFAULT NULL,
  `NUMERO_CHASSIS` varchar(255) DEFAULT NULL,
  `NOMBRE_PLACE` varchar(255) DEFAULT NULL,
  `NOM_PROPRIETAIRE` varchar(255) DEFAULT NULL,
  `PRENOM_PROPRIETAIRE` varchar(255) DEFAULT NULL,
  `NUMERO_IDENTITE` varchar(255) DEFAULT NULL,
  `TELEPHONE` varchar(200) DEFAULT NULL,
  `PROVINCE` varchar(255) DEFAULT NULL,
  `CATEGORIE_PROPRIETAIRE` varchar(255) DEFAULT NULL,
  `CATEGORIE_USAGE` varchar(255) DEFAULT NULL,
  `PUISSANCE` varchar(255) DEFAULT NULL,
  `COULEUR` varchar(255) DEFAULT NULL,
  `ANNEE_FABRICATION` varchar(255) DEFAULT NULL,
  `DATE_INSERTION` datetime NOT NULL DEFAULT CURRENT_TIMESTAMP,
  `MODELE_VOITURE` varchar(255) DEFAULT NULL,
  `POIDS` varchar(255) DEFAULT NULL,
  `TYPE_CARBURANT` varchar(255) DEFAULT NULL,
  `TAXE_DMC` varchar(255) DEFAULT NULL,
  `NIF` varchar(255) DEFAULT NULL,
  `DATE_DELIVRANCE` varchar(255) DEFAULT NULL,
  `EMAIL` varchar(250) DEFAULT NULL
) ENGINE=InnoDB DEFAULT CHARSET=utf8mb4;

--
-- Déchargement des données de la table `obr_immatriculations_voitures`
--

INSERT INTO `obr_immatriculations_voitures` (`ID_IMMATRICULATION`, `NUMERO_CARTE_ROSE`, `NUMERO_PLAQUE`, `CATEGORIE_PLAQUE`, `MARQUE_VOITURE`, `NUMERO_CHASSIS`, `NOMBRE_PLACE`, `NOM_PROPRIETAIRE`, `PRENOM_PROPRIETAIRE`, `NUMERO_IDENTITE`, `TELEPHONE`, `PROVINCE`, `CATEGORIE_PROPRIETAIRE`, `CATEGORIE_USAGE`, `PUISSANCE`, `COULEUR`, `ANNEE_FABRICATION`, `DATE_INSERTION`, `MODELE_VOITURE`, `POIDS`, `TYPE_CARBURANT`, `TAXE_DMC`, `NIF`, `DATE_DELIVRANCE`, `EMAIL`) VALUES
(1, 'opggg', 'IT4668H', 'temporaire', 'TOYOTA', 'HVV5577FDFHDF6FDNFD', '4', 'Bucumi', 'jean', '1605/553.555/2008', '71500003', 'GITEGA', 'ETUDIANT', 'TRANSPORT', '5555', 'BLANC', '2010', '2022-06-27 18:40:57', 'TOYOTA', '500', 'ESSENCE', '555FDF5DF5', 'DFD5F5DF65FD5FD', '12/6/2016', 'wabengaalphonse@gmail.com'),
(2, 'HDHD', 'ABC4668', 'provisoire', 'ISUZU', 'GSDGSDG', '6', 'KABURA', 'MARIE JEANNE', '353/553.555/2008', '71500003', 'MUYINGA', 'AVOCATE', 'TRANSPORT', '5555', 'ROUGE', '2010', '2022-06-27 18:40:57', 'TOYOTA', '500', 'ESSENCE', '555FDF5DF5', 'DFD5F5DF65FD5FD', '12/6/2016', 'wabengaalphonse@gmail.com'),
(3, '11520', 'IT5959', 'Categorie', 'RAV4', '1245785236', '5', 'Ndikumana', 'Charles', '4452KK', '71500003', '', 'ONG', 'Transport', '12V', 'Bleu', '2017', '2022-06-27 18:40:57', 'Model', '4T', 'Essence', '45', '445552', '2022-04-20', 'wabengaalphonse@gmail.com'),
(4, '123456', 'C2934A', 'RAV4', 'JEEP', '5', '5', 'NTAHIMPERA', 'MARTIN LUTHER KING', '12339985', '71500003', '', 'INFORMATICIEN', 'BUSINESS', '4 V', 'blanc', '2019', '2022-06-27 18:40:58', 'Bus', '10', 'gasoil', '555', '788895521', '2022-8-3', 'wabengaalphonse@gmail.com'),
(5, '20256', 'CD25689', 'RAV4', 'JEEP', '5', '5', 'wabenga', 'Alphonse', '12339985', '71500003', '', 'INFORMATICIEN', 'BUSINESS', '4 V', 'blanc', '2019', '2022-06-27 18:40:58', 'Bus', '10', 'gasoil', '555', '788895521', '2022-8-3', 'wabengaalphonse@gmail.com'),
(6, '23585', 'K2566A', 'RAV4', 'JEEP', '5', '5', 'jean', 'Alexis', '12339985', '71500003', '', 'INFORMATICIEN', 'BUSINESS', '4 V', 'blanc', '2019', '2022-06-27 18:40:58', 'Bus', '10', 'gasoil', '555', '788895521', '2022-8-3', 'wabengaalphonse@gmail.com'),
(7, '235856', 'H4833A', 'RAV4', 'JEEP', '5', '5', 'jean', 'Alexis', '12339985', '71500003', '', 'INFORMATICIEN', 'BUSINESS', '4 V', 'blanc', '2019', '2022-06-27 18:40:58', 'Bus', '10', 'gasoil', '555', '788895521', '2022-8-3', 'wabengaalphonse@gmail.com'),
(8, 'CR001', 'A3436A', '111', 'LAND CRUISER', '12633333', '5', 'Ndayishimiye', 'Donatien', '45556666', '71500003', '', 'DG', 'ABC', '50kva', 'rouge', '2020', '2022-06-27 18:40:58', 'V8', '2000', 'gosol', '252', '25ohdgd', '2025-02-20', 'tetooo@tropasol.com'),
(9, '12345678', 'AB668', 'Privée', 'Toyoyta', 'hhhhh', '4', 'Bucumi', 'Jean marie', '1243555hdhd.dhd:d', '62123456', 'Gitega', 'Chauffeur', 'Affaire promenade', '7', 'Noir', '2012', '2022-07-04 14:49:27', 'RAV4', '1000', '123456', NULL, '456789', '12/45/2000', NULL),
(10, '889', 'abc123', '123e', 'TOYOTA', 'ABC19234', '4', 'BUCUMI', 'CLAUDE', '531', '1', 'GITEGA', 'commerce', 'transport', '123', 'rouge', '2012', '2022-07-05 09:47:57', 'BENZ', '1000', 'essance', NULL, '70000', '2013-12-10', 'azosengaevanny@gmail.com'),
(11, '229', 'it1233', '123e', 'TOYOTA', 'cd534', '4', 'BUCUMI', 'CLAUDE', '531', '1', 'GITEGA', 'commerce', 'transport', '123', 'rouge', '2010', '2022-07-05 09:53:22', 'BENZ', '2000', 'essance', NULL, '70000', '2012-12-10', 'azosengaevanny@gmail.com'),
(12, '119', 'ab123d', '123e', 'TOYOTA', 'pg537', '4', 'BUCUMI', 'CLAUDE', '531', '1', 'GITEGA', 'commerce', 'transport', '123', 'rouge', '2000', '2022-07-05 09:54:03', 'BENZ', '2000', 'essance', NULL, '70000', '2009-12-10', 'azosengaevanny@gmail.com');

-- --------------------------------------------------------

--
-- Structure de la table `otraco_controles`
--

DROP TABLE IF EXISTS `otraco_controles`;
CREATE TABLE IF NOT EXISTS `otraco_controles` (
  `ID_CONTROLE` int(11) NOT NULL,
  `NUMERO_CONTROLE` varchar(255) NOT NULL,
  `NUMERO_PLAQUE` varchar(255) NOT NULL,
  `NUMERO_CHASSIS` varchar(255) NOT NULL,
  `PROPRIETAIRE` varchar(255) NOT NULL,
  `DATE_DEBUT` varchar(255) NOT NULL,
  `DATE_VALIDITE` varchar(255) NOT NULL,
  `TYPE_VEHICULE` varchar(255) NOT NULL,
  `ADRESSE_IP` varchar(250) DEFAULT NULL
) ENGINE=InnoDB DEFAULT CHARSET=utf8mb4;

--
-- Déchargement des données de la table `otraco_controles`
--

INSERT INTO `otraco_controles` (`ID_CONTROLE`, `NUMERO_CONTROLE`, `NUMERO_PLAQUE`, `NUMERO_CHASSIS`, `PROPRIETAIRE`, `DATE_DEBUT`, `DATE_VALIDITE`, `TYPE_VEHICULE`, `ADRESSE_IP`) VALUES
(2, 'KKKKLOI', 'A1125A', 'KKLOLKOO', 'TEST TEST', '2022-04-19', '2022-05-29', 'Vehi', NULL),
(5, '45879', 'IT5959', 'HVV557', 'Dukizwe Darcie', '2021-12-09', '2023-02-09', 'JEEP', NULL),
(6, '25000', 'CD25689', 'SH457', 'WABENGA', '2022-06-01', '2022-08-26', 'Bus', NULL),
(7, '25001', 'K2566A', 'HGHG2465', 'Alexis', '2022-06-01', '2022-07-25', 'Bus', NULL),
(8, '5869', 'IT4668H', 'l7589', 'bucumi', '2022-06-07', '2022-08-17', 'bus', NULL),
(9, 'ab123d', '119', 'pg537', '123e', '2011-12-13', '2014-11-23', '4', NULL),
(0, 'ab23d', '119', 'pg537', '123e', '2011-12-13', '2014-11-23', '4', '127.0.0.1');

-- --------------------------------------------------------

--
-- Structure de la table `pj_declarations`
--

DROP TABLE IF EXISTS `pj_declarations`;
CREATE TABLE IF NOT EXISTS `pj_declarations` (
  `ID_DECLARATION` int(11) NOT NULL,
  `NUMERO_PLAQUE` varchar(255) NOT NULL,
  `NOM_DECLARANT` varchar(255) NOT NULL,
  `PRENOM_DECLARANT` varchar(255) NOT NULL,
  `COULEUR_VOITURE` varchar(255) DEFAULT NULL,
  `MARQUE_VOITURE` varchar(255) NOT NULL,
  `DATE_VOLER` varchar(255) NOT NULL,
  `STATUT` tinyint(1) NOT NULL DEFAULT '0',
  `ADRESSE_IP` varchar(250) DEFAULT NULL
) ENGINE=InnoDB DEFAULT CHARSET=utf8mb4;

--
-- Déchargement des données de la table `pj_declarations`
--

INSERT INTO `pj_declarations` (`ID_DECLARATION`, `NUMERO_PLAQUE`, `NOM_DECLARANT`, `PRENOM_DECLARANT`, `COULEUR_VOITURE`, `MARQUE_VOITURE`, `DATE_VOLER`, `STATUT`, `ADRESSE_IP`) VALUES
(10, 'IT5959', 'BERAMIHETO Martial', '.', 'Bleu', 'Fff', '2022-04-15', 0, NULL),
(16, 'AE2525G', 'ndayiragije', 'eddy', 'noir', 'ti', '2020-09-12', 0, NULL),
(0, 'ab123d', '119', 'pg537', '2014-11-23', '2011-12-13', '2014-11-23', 0, '127.0.0.1');

-- --------------------------------------------------------

--
-- Structure de la table `poste`
--

DROP TABLE IF EXISTS `poste`;
CREATE TABLE IF NOT EXISTS `poste` (
  `ID_POSTE` int(10) NOT NULL,
  `PROVINCE_ID` int(10) NOT NULL,
  `COMMUNE_ID` int(10) NOT NULL,
  `ZONE_ID` int(11) NOT NULL,
  `COLLINE_ID` int(12) NOT NULL,
  `DESCRIPTION` varchar(255) NOT NULL,
  `DISTANCE` varchar(255) NOT NULL
) ENGINE=InnoDB DEFAULT CHARSET=latin1;

-- --------------------------------------------------------

--
-- Structure de la table `profil`
--

DROP TABLE IF EXISTS `profil`;
CREATE TABLE IF NOT EXISTS `profil` (
  `PROFIL_ID` int(11) NOT NULL,
  `STATUT` varchar(250) NOT NULL
) ENGINE=InnoDB DEFAULT CHARSET=utf8mb4;

--
-- Déchargement des données de la table `profil`
--

INSERT INTO `profil` (`PROFIL_ID`, `STATUT`) VALUES
(1, 'Administrateur'),
(2, 'Agent d\'assurance'),
(3, 'Agent Obr'),
(4, 'Agent du PJ'),
(5, 'Agent de Otraco'),
(6, 'Agent de la PSR'),
(7, 'Citoyen'),
(10, 'PSR signalement'),
(11, 'PSR validateur'),
(12, 'Agent de parking');

-- --------------------------------------------------------

--
-- Structure de la table `profils`
--

DROP TABLE IF EXISTS `profils`;
CREATE TABLE IF NOT EXISTS `profils` (
  `ID_PROFIL` int(11) NOT NULL,
  `DESCRIPTION` varchar(255) NOT NULL
) ENGINE=InnoDB DEFAULT CHARSET=utf8mb4;

--
-- Déchargement des données de la table `profils`
--

INSERT INTO `profils` (`ID_PROFIL`, `DESCRIPTION`) VALUES
(1, 'super admin'),
(2, 'admin'),
(3, 'vérificateur');

-- --------------------------------------------------------

--
-- Structure de la table `psr_affectatations`
--

DROP TABLE IF EXISTS `psr_affectatations`;
CREATE TABLE IF NOT EXISTS `psr_affectatations` (
  `PSR_AFFECTATION_ID` int(11) NOT NULL,
  `PROVINCE_ID` int(11) DEFAULT NULL,
  `COMMUNE_ID` int(11) DEFAULT NULL,
  `ZONE_ID` int(11) DEFAULT NULL,
  `COLLINE_ID` int(11) DEFAULT NULL,
  `LIEU_EXACTE` varchar(255) DEFAULT NULL,
  `LATITUDE` varchar(255) DEFAULT '0',
  `LONGITUDE` varchar(255) DEFAULT '0',
  `IS_AUTRE` tinyint(1) NOT NULL DEFAULT '0'
) ENGINE=InnoDB DEFAULT CHARSET=utf8mb4;

--
-- Déchargement des données de la table `psr_affectatations`
--

INSERT INTO `psr_affectatations` (`PSR_AFFECTATION_ID`, `PROVINCE_ID`, `COMMUNE_ID`, `ZONE_ID`, `COLLINE_ID`, `LIEU_EXACTE`, `LATITUDE`, `LONGITUDE`, `IS_AUTRE`) VALUES
(2, 3, 131, 105, 2471, 'Pont ntahangwa nord', '-3.3728595', '29.392408', 0),
(3, 3, 131, 143, 2483, 'Iwabo n\'abantu', '-3.3381508', '29.406023', 0),
(4, 3, 131, 143, 2490, 'Marche Kinama', '-3.3219133', '29.3718624', 0),
(6, 3, 132, 169, 2894, 'Pont muha Zeimet', '-3.362892', '29.3535161', 0),
(7, 3, 132, 148, 1174, 'Kanyosha', '-3.428373', '29.3561554', 0),
(10, 3, 133, 59, 2493, 'Pont ntahangwa sud', '-3.3663048', '29.3733322', 0),
(12, 3, 131, 105, 2469, 'Boulevard du 28  novembre', '-3.36706', '29.38767', 0),
(13, 3, 131, 143, 2474, 'Gard du nord', '-3.35426', '29.38333', 0),
(14, 3, 131, 297, 2504, 'Boulevard mwambutsa', '-3.35862', '29.37428', 0),
(15, 3, 133, 59, 2496, 'Chaussee du peuple murundi', '-3.366417', '29.36636', 0),
(16, 3, 133, 338, 701, 'Chaussee du peuple murundi', '-3.37746', '29.36315', 0),
(17, 3, 133, 59, 2493, 'Boulevard du 1er novembre', '-3.37900', '29.35429', 0),
(18, 3, 133, 59, 2493, 'Avenue de la Tanzanie', '-3.37602', '29.35691', 0),
(19, 3, 133, 59, 2493, 'Boulevard du 1er Novembre', '-3.37257', '29.34976', 0),
(20, 3, 133, 59, 2496, 'Boulevard du 1er Novembre', '-3.37093', '29.34958', 0),
(21, 3, 133, 59, 2499, 'Chaussee d\'uvira', '-3.36103', '29.34511', 0),
(22, 3, 131, 297, 2505, 'Chausse de l\'agriculture', '-3.36601', '29.35920', 0),
(23, 3, 131, 297, 2504, 'Avenue de l\'OUA', '-3.36241', '29.36363', 0),
(24, 3, 131, 297, 2505, 'Boulevard Mwambutsa', '-3.35857', '29.36754', 0),
(25, 18, 105, 317, 1512, 'Kwiraro', '-3.3845065', '29.3837953', 0),
(26, 12, 118, 367, 165, 'Test lieu', '-3.3845657', '29.3838526', 0),
(27, 3, 131, 168, 1188, 'Mediabox', '-3.3905671', '29.379563', 0),
(28, 11, 60, 234, 1553, 'Mutimbuzi', '-3.3905749', '29.3795806', 0),
(29, 3, 133, 64, 664, 'Pont nyakabiga', '-3.3905919', '29.3795487', 0),
(30, 3, 133, 322, 2307, 'Test mediabox ', '-3.3846381', '29.3838637', 0);

-- --------------------------------------------------------

--
-- Structure de la table `psr_elements`
--

DROP TABLE IF EXISTS `psr_elements`;
CREATE TABLE IF NOT EXISTS `psr_elements` (
  `ID_PSR_ELEMENT` int(11) NOT NULL,
  `NOM` varchar(255) NOT NULL,
  `PRENOM` varchar(255) NOT NULL,
  `NUMERO_MATRICULE` varchar(255) NOT NULL,
  `DATE_NAISSANCE` varchar(255) DEFAULT NULL,
  `PROVINCE_ID` int(11) DEFAULT NULL,
  `COMMUNE_ID` int(11) DEFAULT NULL,
  `ZONE_ID` int(11) DEFAULT NULL,
  `COLLINE_ID` int(11) DEFAULT NULL,
  `TELEPHONE` varchar(255) NOT NULL,
  `EMAIL` varchar(255) NOT NULL,
  `PHOTO` varchar(255) DEFAULT NULL,
  `LATITUDE` varchar(255) DEFAULT NULL,
  `LONGITUDE` varchar(255) DEFAULT NULL,
  `IS_ACTIF` tinyint(1) NOT NULL DEFAULT '1',
  `ID_GRADE` int(11) NOT NULL,
  `DATE_INSERT` datetime NOT NULL DEFAULT CURRENT_TIMESTAMP,
  `SEXE` varchar(5) DEFAULT 'H' COMMENT 'H/F'
) ENGINE=InnoDB DEFAULT CHARSET=utf8mb4;

--
-- Déchargement des données de la table `psr_elements`
--

INSERT INTO `psr_elements` (`ID_PSR_ELEMENT`, `NOM`, `PRENOM`, `NUMERO_MATRICULE`, `DATE_NAISSANCE`, `PROVINCE_ID`, `COMMUNE_ID`, `ZONE_ID`, `COLLINE_ID`, `TELEPHONE`, `EMAIL`, `PHOTO`, `LATITUDE`, `LONGITUDE`, `IS_ACTIF`, `ID_GRADE`, `DATE_INSERT`, `SEXE`) VALUES
(10, 'NTUNGANE', 'Alain Fleury', '15/42043', '2004-06-07', 4, 16, 41, 700, '71028884', 'alainfleuryn@gmail.com', 'https://app.mediabox.bi/psr//uploads/Gestion_Publication_Menu/220607110946am.jpg', NULL, NULL, 1, 5, '2022-06-07 11:09:46', 'H'),
(13, 'Medissa', 'ingabire', 'PNB8364678', '2003-10-10', 3, 131, 143, 2478, '61933944', 'medissa@mediabox.bi', 'https://app.mediabox.bi/psr/upload/profil2.jpg', NULL, NULL, 1, 0, '2022-06-09 06:58:10', NULL),
(14, 'Alphonse', 'kaze', '123', '2004-06-08', 2, 58, 282, 1265, '12345678', 'police@psr.bi', 'https://app.mediabox.bi/psr/uploads/sevtb.png', NULL, NULL, 1, 0, '2022-06-09 07:30:59', NULL),
(16, 'Ndayishimiye', 'Donatien', 'PNB52999', '2004-06-10', 3, 133, 322, 2306, '79839653', 'donatien@mediabox.bi', 'https://app.mediabox.bi/psr/upload/profil1.jpg', NULL, NULL, 1, 0, '2022-06-16 18:12:48', NULL),
(19, 'FAVINA', 'ghislain', '12345', '2004-06-23', 7, 49, 124, 2529, '79588624', 'ghislain@mediabox.bi', 'https://app.mediabox.bi/psr//uploads/Gestion_Publication_Menu/220623100254am.jpg', NULL, NULL, 1, 2, '2022-06-23 10:02:54', 'H'),
(21, 'nduwayezu', 'eduard', '45/35336', '2003-08-06', 4, 74, 88, 1013, '71227171', 'fleury@mediabox.bi', 'https://app.mediabox.bi/psr//uploads/Gestion_Publication_Menu/220623134710pm.png', NULL, NULL, 1, 2, '2022-06-23 13:47:10', 'H'),
(22, 'nganji', 'andre', '4555', '2004-06-09', 2, 52, 326, 2318, '71227171', 'nandre@psr.bi', 'https://app.mediabox.bi/psr//uploads/Gestion_Publication_Menu/220623155239pm.png', NULL, NULL, 1, 4, '2022-06-23 15:52:39', 'H'),
(23, 'king', 'Ntahimpera', 'AHSHSHS', '1990-01-01', 3, 131, 143, 2488, '71123456', 'kingstone@mediabox.bi', 'https://app.mediabox.bi/psr//uploads/Gestion_Publication_Menu/220627055737am.jpg', NULL, NULL, 1, 2, '2022-06-27 05:57:37', 'H'),
(24, 'Kabura', 'Jean claude', 'ABC123', '2004-06-27', 17, 92, 272, 66, '71123456', 'parking@psr.bi', 'https://app.mediabox.bi/psr//uploads/Gestion_Publication_Menu/220627081120am.jpeg', NULL, NULL, 1, 2, '2022-06-27 08:11:20', 'H'),
(25, 'Kaburungu', 'Romeo', 'PNB4558666', '2004-03-02', 5, 63, 161, 2691, '71582925', 'lusambyaalphonse@gmail.com', 'https://app.mediabox.bi/psr//uploads/Gestion_Publication_Menu/220628070527am.jpeg', NULL, NULL, 1, 2, '2022-06-28 07:05:27', 'H'),
(27, 'Kamwenubusa', 'richard', 'OPN0884', '2003-04-16', 3, 133, 322, 2307, '79403227', 'martin@mediabox.bi', 'https://app.mediabox.bi/psr//uploads/Gestion_Publication_Menu/220628083047am.png', NULL, NULL, 1, 2, '2022-06-28 08:30:47', 'H');

-- --------------------------------------------------------

--
-- Structure de la table `psr_elements_parking`
--

DROP TABLE IF EXISTS `psr_elements_parking`;
CREATE TABLE IF NOT EXISTS `psr_elements_parking` (
  `ID_PSR_ELEMENT_PARKING` int(11) NOT NULL,
  `NOM` varchar(255) NOT NULL,
  `PRENOM` varchar(255) NOT NULL,
  `NUMERO_MATRICULE` varchar(255) DEFAULT NULL,
  `DATE_NAISSANCE` varchar(255) DEFAULT NULL,
  `PROVINCE_ID` int(11) DEFAULT NULL,
  `COMMUNE_ID` int(11) DEFAULT NULL,
  `ZONE_ID` int(11) DEFAULT NULL,
  `COLLINE_ID` int(11) DEFAULT NULL,
  `TELEPHONE` varchar(255) NOT NULL,
  `EMAIL` varchar(255) NOT NULL,
  `PHOTO` varchar(255) DEFAULT NULL,
  `LATITUDE` varchar(255) DEFAULT NULL,
  `LONGITUDE` varchar(255) DEFAULT NULL,
  `IS_ACTIF` tinyint(1) NOT NULL DEFAULT '1',
  `ID_GRADE` int(11) NOT NULL,
  `DATE_INSERT` datetime NOT NULL DEFAULT CURRENT_TIMESTAMP,
  `SEXE` varchar(5) DEFAULT 'H' COMMENT 'H/F'
) ENGINE=InnoDB DEFAULT CHARSET=utf8mb4;

--
-- Déchargement des données de la table `psr_elements_parking`
--

INSERT INTO `psr_elements_parking` (`ID_PSR_ELEMENT_PARKING`, `NOM`, `PRENOM`, `NUMERO_MATRICULE`, `DATE_NAISSANCE`, `PROVINCE_ID`, `COMMUNE_ID`, `ZONE_ID`, `COLLINE_ID`, `TELEPHONE`, `EMAIL`, `PHOTO`, `LATITUDE`, `LONGITUDE`, `IS_ACTIF`, `ID_GRADE`, `DATE_INSERT`, `SEXE`) VALUES
(1, 'Kaze', 'Alphonse', 'PNCS69889', '2007-04-10', 3, 133, 64, 664, '61395170', 'wabengaalphonse@gmail.com', 'https://app.mediabox.bi/psr//uploads/Gestion_Publication_Menu/220430125202pm.jpg', NULL, NULL, 1, 2, '2022-04-30 12:52:02', 'H'),
(2, 'Mwaka', 'jules', 'PNSRPOIS985', '1996-04-30', 3, 133, 64, 664, '6258978', 'lusambyaalphonse@gmail.com', 'https://app.mediabox.bi/psr//uploads/Gestion_Publication_Menu/220430135302pm.jpeg', NULL, NULL, 1, 2, '2022-04-30 13:53:02', 'F'),
(3, 'Melissa', 'janne', '45588666', '2002-05-08', 3, 133, 338, 2542, '61933944', 'medissaingabire@gmail.com', 'https://app.mediabox.bi/psr//uploads/Gestion_Publication_Menu/220502134106pm.jpg', NULL, NULL, 1, 2, '2022-05-02 13:41:06', 'F'),
(4, 'Favina', 'ghislain', '456666', '1997-05-14', 2, 55, 411, 5038, '79588624', 'gigigen03@gmail.com', 'https://app.mediabox.bi/psr//uploads/Gestion_Publication_Menu/220506152915pm.jpeg', NULL, NULL, 1, 5, '2022-05-06 15:29:15', 'H'),
(5, 'Alexis', 'Kazoza', 'PNB258555', '1994-05-12', 3, 133, 322, 2307, '62588996', 'mbagapro@gmail.com', 'https://app.mediabox.bi/psr//uploads/Gestion_Publication_Menu/220509143237pm.jpeg', NULL, NULL, 1, 3, '2022-05-09 14:32:37', 'H');

-- --------------------------------------------------------

--
-- Structure de la table `psr_element_affectation`
--

DROP TABLE IF EXISTS `psr_element_affectation`;
CREATE TABLE IF NOT EXISTS `psr_element_affectation` (
  `ELEMENT_AFFECT_ID` int(11) NOT NULL,
  `ID_PSR_ELEMENT` int(11) NOT NULL,
  `PSR_AFFECTATION_ID` int(11) NOT NULL,
  `DATE_DEBUT` date DEFAULT NULL,
  `DATE_FIN` date DEFAULT NULL,
  `IS_ACTIVE` int(1) NOT NULL DEFAULT '0',
  `DATE_INSERT` datetime NOT NULL DEFAULT CURRENT_TIMESTAMP,
  `UTILISATEUR_ID` int(11) DEFAULT NULL
) ENGINE=InnoDB DEFAULT CHARSET=latin1;

--
-- Déchargement des données de la table `psr_element_affectation`
--

INSERT INTO `psr_element_affectation` (`ELEMENT_AFFECT_ID`, `ID_PSR_ELEMENT`, `PSR_AFFECTATION_ID`, `DATE_DEBUT`, `DATE_FIN`, `IS_ACTIVE`, `DATE_INSERT`, `UTILISATEUR_ID`) VALUES
(1, 19, 2, '2022-06-27', '2022-06-29', 1, '2022-06-27 19:13:59', NULL),
(2, 24, 3, '2022-06-18', '2022-07-10', 1, '2022-06-27 19:14:15', NULL),
(3, 23, 2, '2022-06-29', '2022-06-30', 1, '2022-06-27 19:14:32', NULL),
(4, 13, 6, '2022-06-30', '2022-07-10', 1, '2022-06-27 19:14:53', NULL),
(5, 16, 6, '2022-06-27', '2022-07-07', 1, '2022-06-27 19:15:13', NULL),
(6, 21, 6, '2022-06-27', '2022-07-10', 1, '2022-06-27 19:15:31', NULL),
(7, 22, 14, '2022-06-28', '2022-07-10', 1, '2022-06-27 19:15:56', NULL),
(8, 10, 14, '2022-06-28', '2022-07-10', 0, '2022-06-27 19:16:15', NULL),
(9, 10, 19, '2022-07-10', '2022-07-07', 1, '2022-06-27 19:16:35', NULL),
(10, 14, 17, '2022-06-27', '2022-07-10', 1, '2022-06-27 19:16:56', NULL),
(11, 25, 6, '2022-06-29', '2022-06-30', 1, '2022-06-28 07:06:51', NULL),
(12, 26, 24, '2022-06-28', '2022-06-26', 1, '2022-06-28 08:18:48', NULL),
(13, 27, 10, '2022-06-28', '2022-06-28', 1, '2022-06-28 08:43:54', NULL);

-- --------------------------------------------------------

--
-- Structure de la table `psr_grade`
--

DROP TABLE IF EXISTS `psr_grade`;
CREATE TABLE IF NOT EXISTS `psr_grade` (
  `ID_GRADE` int(11) NOT NULL,
  `GRADE` varchar(250) DEFAULT NULL
) ENGINE=InnoDB DEFAULT CHARSET=latin1;

--
-- Déchargement des données de la table `psr_grade`
--

INSERT INTO `psr_grade` (`ID_GRADE`, `GRADE`) VALUES
(2, 'OPJ'),
(3, 'Major '),
(4, 'General ');

-- --------------------------------------------------------

--
-- Structure de la table `quetionnaire_categories`
--

DROP TABLE IF EXISTS `quetionnaire_categories`;
CREATE TABLE IF NOT EXISTS `quetionnaire_categories` (
  `ID_QUESTIONNAIRE_CATEGORIES` int(11) NOT NULL,
  `CATEGORIES` varchar(255) NOT NULL,
  `QUESTIONNAIRE_TRADUCTION` text
) ENGINE=InnoDB DEFAULT CHARSET=utf8mb4;

--
-- Déchargement des données de la table `quetionnaire_categories`
--

INSERT INTO `quetionnaire_categories` (`ID_QUESTIONNAIRE_CATEGORIES`, `CATEGORIES`, `QUESTIONNAIRE_TRADUCTION`) VALUES
(1, 'Comportement chauffeur', '{\"FR\":\"comportement chauffeur\",\"ENG\":\"driver behavior\",\"KIR\":\"inyifato y\'umushoferi\",\"KISW\":\"tabia ya dereva\"}'),
(2, 'Contrôle physique', ''),
(3, 'Signalement Citoyen véhicule', ''),
(4, 'Signalement Citoyen police', ''),
(5, 'Contrôle équipement', ''),
(6, 'Signalement', ''),
(7, 'Signalement incident naturel', ''),
(8, 'Contrôle Marchandise', ''),
(9, 'Contrôle Parking', '');

-- --------------------------------------------------------

--
-- Structure de la table `sign_accident`
--

DROP TABLE IF EXISTS `sign_accident`;
CREATE TABLE IF NOT EXISTS `sign_accident` (
  `ID_SIGN_ACCIDENT` int(10) NOT NULL,
  `PLAQUE` varchar(250) NOT NULL,
  `ID_GRAVITE` int(10) NOT NULL,
  `USER_ID` int(10) NOT NULL,
  `IMAGE_1` varchar(255) DEFAULT NULL,
  `IMAGE_2` varchar(255) DEFAULT NULL,
  `IMAGE_3` varchar(255) DEFAULT NULL,
  `VALIDATION` int(10) NOT NULL,
  `DESCRIPTION` text NOT NULL,
  `ID_CHAUSSEE` int(10) DEFAULT NULL,
  `LONGITUDE` varchar(255) NOT NULL,
  `LATITUDE` varchar(255) NOT NULL,
  `DATE_INSERTION` datetime NOT NULL DEFAULT CURRENT_TIMESTAMP,
  `STATUT_TRAITEMENT` int(10) DEFAULT '3'
) ENGINE=InnoDB DEFAULT CHARSET=latin1;

--
-- Déchargement des données de la table `sign_accident`
--

INSERT INTO `sign_accident` (`ID_SIGN_ACCIDENT`, `PLAQUE`, `ID_GRAVITE`, `USER_ID`, `IMAGE_1`, `IMAGE_2`, `IMAGE_3`, `VALIDATION`, `DESCRIPTION`, `ID_CHAUSSEE`, `LONGITUDE`, `LATITUDE`, `DATE_INSERTION`, `STATUT_TRAITEMENT`) VALUES
(2, 'jdfjf', 4, 2, 'http://localhost/Psr_App//uploads/sign_accident/220501123331pm.png', '', '', 1, 'uuur', 1, '', '', '2022-05-01 12:33:31', 3),
(3, 'IT4668H', 2, 2, 'http://localhost/Psr_App//uploads/sign_accident/220502125315pm.jpg', '', '', 1, 'petite collision', 2, '', '', '2022-05-02 12:53:15', 4),
(4, 'IT5959', 2, 52, NULL, NULL, NULL, 0, 'Ggghh', 2, '29.3802637', '-3.3858521', '2022-04-13 00:00:00', 3),
(5, 'IT5959', 3, 58, NULL, NULL, NULL, 0, 'Hjj', 2, '29.3803812', '-3.3858211', '2022-04-13 00:00:00', 3),
(6, 'IT5959', 3, 58, NULL, NULL, NULL, 0, 'Ggh', 1, '29.3916337', '-3.3532522', '2022-04-15 00:00:00', 3),
(7, 'IT5959', 2, 58, NULL, NULL, NULL, 0, 'Bonjour', 2, '29.3825583', '-3.3843607', '2022-04-17 00:00:00', 3),
(8, 'IT5959', 3, 59, NULL, NULL, NULL, 0, 'Toyi', 1, '29.3825583', '-3.3843607', '2022-04-17 00:00:00', 3),
(9, 'IT5959', 3, 52, 'http://app.mediabox.bi:2522/images/signalements/accidents/1652882773621.jpg', NULL, NULL, 0, 'Bro vip', 2, '29.3837975', '-3.3847579', '2022-04-18 00:00:00', 3),
(10, 'IT5959', 3, 52, 'http://app.mediabox.bi:2522/images/signalements/accidents/1654594495842.jpg', NULL, NULL, 0, 'Vhjj', 2, '29.3795931', '-3.3905686', '2022-06-07 09:34:55', 3);

-- --------------------------------------------------------

--
-- Structure de la table `sign_ambouteillage`
--

DROP TABLE IF EXISTS `sign_ambouteillage`;
CREATE TABLE IF NOT EXISTS `sign_ambouteillage` (
  `ID_AMBOUTEILLAGE` int(10) NOT NULL,
  `ID_CHAUSSEE` text NOT NULL,
  `CAUSE` text NOT NULL,
  `IMAGE_1` varchar(255) DEFAULT NULL,
  `IMAGE_2` varchar(255) DEFAULT NULL,
  `IMAGE_3` varchar(250) DEFAULT NULL,
  `VALIDATION` int(10) DEFAULT '0',
  `LONGITUDE` varchar(250) DEFAULT NULL,
  `LATITUDE` varchar(250) DEFAULT NULL,
  `USER_ID` int(10) DEFAULT NULL,
  `DATE_INSERTION` datetime NOT NULL DEFAULT CURRENT_TIMESTAMP,
  `STATUT_TRAITEMENT` int(10) DEFAULT '3'
) ENGINE=InnoDB DEFAULT CHARSET=latin1;

--
-- Déchargement des données de la table `sign_ambouteillage`
--

INSERT INTO `sign_ambouteillage` (`ID_AMBOUTEILLAGE`, `ID_CHAUSSEE`, `CAUSE`, `IMAGE_1`, `IMAGE_2`, `IMAGE_3`, `VALIDATION`, `LONGITUDE`, `LATITUDE`, `USER_ID`, `DATE_INSERTION`, `STATUT_TRAITEMENT`) VALUES
(3, '3', 'connerie', 'https://app.mediabox.bi/psr//uploads/Gestion_Publication_Menu/220504132252pm.jpg', NULL, NULL, 1, NULL, NULL, 2, '2022-05-04 13:22:52', 4),
(4, '2', 'Fffg', NULL, NULL, NULL, 1, '29.3803812', '-3.3858211', 52, '2022-05-13 15:14:17', 4),
(5, '2', 'Hhhj', NULL, NULL, NULL, 1, '29.3803812', '-3.3858211', 58, '2022-05-13 15:52:01', 4),
(6, '2', 'Hhj', NULL, NULL, NULL, 0, '29.3916294', '-3.3504839', 58, '2022-05-15 09:20:11', 2),
(7, '2', 'Bonjour', NULL, NULL, NULL, 0, '29.3825583', '-3.3843607', 58, '2022-05-17 13:48:11', 3),
(8, '2', 'Titi', NULL, NULL, NULL, 0, '29.3825583', '-3.3843607', 59, '2022-05-17 14:56:01', 3),
(9, '2', 'Beaucoup de voiture', 'http://app.mediabox.bi:2522/images/signalements/embouteillages/1652882805183.jpg', NULL, NULL, 0, '29.3837981', '-3.3847576', 52, '2022-05-18 14:06:45', 3),
(10, '2', 'Accident ', 'http://app.mediabox.bi:2522/images/signalements/embouteillages/1655967985454.jpg', NULL, NULL, 0, '29.3838016', '-3.3845077', 81, '2022-06-23 07:06:25', 3),
(11, '1', 'Test', 'http://app.mediabox.bi:2522/images/signalements/embouteillages/1655968061577.jpg', NULL, NULL, 0, '29.3838015', '-3.3845075', 81, '2022-06-23 07:07:41', 3),
(12, '6', 'Réunion ', 'http://app.mediabox.bi:2522/images/signalements/embouteillages/1656415099756.jpg', NULL, NULL, 0, '29.3838645', '-3.3846389', 89, '2022-06-28 11:18:19', 3),
(13, '6', 'Réunion ', NULL, NULL, NULL, 0, '29.3838645', '-3.3846389', 89, '2022-06-28 11:19:51', 3);

-- --------------------------------------------------------

--
-- Structure de la table `sign_autres_signalement`
--

DROP TABLE IF EXISTS `sign_autres_signalement`;
CREATE TABLE IF NOT EXISTS `sign_autres_signalement` (
  `ID_AUTRES_SIGNALEMENT` int(11) NOT NULL,
  `DESCRIPTION` varchar(255) NOT NULL,
  `OBJET` varchar(250) DEFAULT NULL,
  `IMAGE_1` varchar(255) DEFAULT NULL,
  `IMAGE_2` varchar(250) DEFAULT NULL,
  `IMAGE_3` varchar(255) DEFAULT NULL,
  `VALIDATION` int(10) DEFAULT '0',
  `LONGITUDE` varchar(255) NOT NULL,
  `LATITUDE` varchar(255) NOT NULL,
  `DATE_INSERTION` datetime NOT NULL DEFAULT CURRENT_TIMESTAMP,
  `USER_ID` varchar(10) DEFAULT NULL,
  `STATUT_TRAITEMENT` int(10) DEFAULT '3'
) ENGINE=InnoDB DEFAULT CHARSET=utf8mb4;

--
-- Déchargement des données de la table `sign_autres_signalement`
--

INSERT INTO `sign_autres_signalement` (`ID_AUTRES_SIGNALEMENT`, `DESCRIPTION`, `OBJET`, `IMAGE_1`, `IMAGE_2`, `IMAGE_3`, `VALIDATION`, `LONGITUDE`, `LATITUDE`, `DATE_INSERTION`, `USER_ID`, `STATUT_TRAITEMENT`) VALUES
(1, 'Vyahaye', 'Bro', NULL, NULL, NULL, 1, '29.3814697', '-3.3855073', '2022-05-18 14:07:29', '52', 4);

-- --------------------------------------------------------

--
-- Structure de la table `sign_incident_naturel`
--

DROP TABLE IF EXISTS `sign_incident_naturel`;
CREATE TABLE IF NOT EXISTS `sign_incident_naturel` (
  `ID_SIGN_INCIDENT` int(11) NOT NULL,
  `DESCRIPTION` text NOT NULL,
  `IMAGE_1` varchar(255) DEFAULT NULL,
  `IMAGE_2` varchar(255) DEFAULT NULL,
  `IMAGE_3` varchar(255) DEFAULT NULL,
  `VALIDATION` int(10) NOT NULL DEFAULT '0',
  `LONGITUDE` varchar(255) NOT NULL,
  `LATITUDE` varchar(255) NOT NULL,
  `DATE_INSERTION` datetime NOT NULL DEFAULT CURRENT_TIMESTAMP,
  `USER_ID` int(10) NOT NULL,
  `STATUT_TRAITEMENT` int(10) DEFAULT '3'
) ENGINE=InnoDB DEFAULT CHARSET=utf8mb4;

--
-- Déchargement des données de la table `sign_incident_naturel`
--

INSERT INTO `sign_incident_naturel` (`ID_SIGN_INCIDENT`, `DESCRIPTION`, `IMAGE_1`, `IMAGE_2`, `IMAGE_3`, `VALIDATION`, `LONGITUDE`, `LATITUDE`, `DATE_INSERTION`, `USER_ID`, `STATUT_TRAITEMENT`) VALUES
(4, 'Fhhj', NULL, NULL, NULL, 0, '29.3803812', '-3.3858211', '2022-05-13 16:12:58', 58, 3),
(5, 'Hhj', NULL, NULL, NULL, 0, '29.3916294', '-3.3504839', '2022-05-15 09:20:29', 58, 3),
(6, 'Un arbres sur la route', NULL, NULL, NULL, 0, '29.3825583', '-3.3843607', '2022-05-17 13:48:34', 58, 3),
(7, 'Arbres', NULL, NULL, NULL, 0, '29.3825583', '-3.3843607', '2022-05-17 14:56:21', 59, 3),
(8, 'Arbres tombe', 'http://app.mediabox.bi:2522/images/signalements/embouteillages/1652882461319.jpg', NULL, NULL, 1, '29.3795633', '-3.3905599', '2022-05-18 14:01:01', 52, 4),
(9, 'Arbre mutma', 'http://app.mediabox.bi:2522/images/signalements/embouteillages/1652882831571.jpg', NULL, NULL, 0, '29.37956', '-3.3905583', '2022-05-18 14:07:11', 52, 3),
(10, 'King', 'http://app.mediabox.bi:2522/images/signalements/embouteillages/1655454539900.jpg', NULL, NULL, 0, '29.3800183', '-3.3858331', '2022-06-17 08:28:59', 75, 3);

-- --------------------------------------------------------

--
-- Structure de la table `sign_tampo`
--

DROP TABLE IF EXISTS `sign_tampo`;
CREATE TABLE IF NOT EXISTS `sign_tampo` (
  `ID_TAMPO_PJ` int(10) NOT NULL,
  `ID_OBR` int(10) NOT NULL,
  `NUMERO_SERIE` varchar(255) NOT NULL,
  `IMAGE_1` varchar(255) DEFAULT NULL,
  `IMAGE_2` varchar(255) DEFAULT NULL,
  `ID_COULEUR` int(10) NOT NULL,
  `MARQUE_VOITURE` varchar(255) NOT NULL,
  `DATE_VOLER` date NOT NULL,
  `VALIDATION` int(11) NOT NULL DEFAULT '0',
  `STATUT` tinyint(1) NOT NULL DEFAULT '0',
  `LONGITUDE` varchar(255) NOT NULL DEFAULT '1',
  `LATITUDE` varchar(250) NOT NULL DEFAULT '1',
  `DATE_INSERTION` datetime NOT NULL DEFAULT CURRENT_TIMESTAMP,
  `USER_ID` int(11) NOT NULL,
  `NUMERO_PERMIS` varchar(50) NOT NULL,
  `DESCRIPTION` text
) ENGINE=InnoDB DEFAULT CHARSET=latin1;

--
-- Déchargement des données de la table `sign_tampo`
--

INSERT INTO `sign_tampo` (`ID_TAMPO_PJ`, `ID_OBR`, `NUMERO_SERIE`, `IMAGE_1`, `IMAGE_2`, `ID_COULEUR`, `MARQUE_VOITURE`, `DATE_VOLER`, `VALIDATION`, `STATUT`, `LONGITUDE`, `LATITUDE`, `DATE_INSERTION`, `USER_ID`, `NUMERO_PERMIS`, `DESCRIPTION`) VALUES
(1, 2, '22848885', 'https://app.mediabox.bi/psr//uploads/pjVoles/220501143718pm.jpeg', '', 3, 'PRADO', '2022-05-26', 1, 1, '1', '1', '2022-05-01 14:37:18', 2, '748757', NULL),
(8, 1, '57994', 'http://app.mediabox.bi:2522/images/signalements/vols/1652107171266.jpg', NULL, 5, 'Toyota', '2022-04-09', 1, 0, '29.3835746', '-3.3846947', '2022-05-09 14:39:31', 1, 'PNC0145523', NULL),
(9, 4, '674938', 'http://app.mediabox.bi:2522/images/signalements/vols/1652281989619.jpg', NULL, 5, 'Toyota', '2022-04-27', 1, 0, '29.3835739', '-3.3846957', '2022-05-11 15:13:09', 51, 'PNC0066893', NULL),
(10, 4, 'Aaee', NULL, NULL, 3, 'Efrt', '2022-04-13', 0, 0, '29.3802637', '-3.3858521', '2022-05-13 14:59:52', 52, 'PNC0066893', NULL),
(11, 4, 'Ghj', NULL, NULL, 4, 'Hhjj', '2022-04-13', 1, 0, '29.3803812', '-3.3858211', '2022-05-13 15:53:34', 58, 'PNC0066893', NULL),
(12, 5, '204it9t0', 'http://app.mediabox.bi:2522/images/signalements/vols/1652460310822.jpg', 'http://app.mediabox.bi:2522/images/signalements/vols/1652460310822.jpg', 5, 'Mercedess', '2022-04-12', 1, 0, '29.3837732', '-3.3847618', '2022-05-13 16:45:10', 1, 'PNC0145523', NULL),
(13, 4, '34', NULL, NULL, 4, 'Fff', '2022-04-15', 0, 0, '29.4016095', '-3.3430134', '2022-05-15 09:18:36', 58, 'PNC0066893', NULL),
(14, 4, '123', NULL, NULL, 3, 'Toyota', '2022-04-17', 0, 0, '29.3825583', '-3.3843607', '2022-05-17 13:46:32', 58, 'PNC0066893', NULL),
(15, 4, '1234', NULL, NULL, 4, 'Viti', '2022-04-17', 0, 0, '29.3825583', '-3.3843607', '2022-05-17 13:54:46', 58, 'PNC0066893', NULL),
(16, 4, '1234', NULL, NULL, 4, 'Toyota', '2022-04-17', 0, 0, '29.3825583', '-3.3843607', '2022-05-17 14:54:19', 59, 'PNC0066893', NULL);

-- --------------------------------------------------------

--
-- Structure de la table `sign_tampo_pj`
--

DROP TABLE IF EXISTS `sign_tampo_pj`;
CREATE TABLE IF NOT EXISTS `sign_tampo_pj` (
  `ID_TAMPO_PJ` int(10) NOT NULL,
  `ID_OBR` int(10) NOT NULL,
  `NUMERO_SERIE` varchar(255) NOT NULL,
  `IMAGE_1` varchar(255) DEFAULT NULL,
  `IMAGE_2` varchar(255) DEFAULT NULL,
  `ID_COULEUR` int(10) NOT NULL,
  `MARQUE_VOITURE` varchar(255) NOT NULL,
  `DATE_VOLER` date NOT NULL,
  `VALIDATION` int(11) NOT NULL DEFAULT '0',
  `STATUT` tinyint(1) NOT NULL DEFAULT '0',
  `LONGITUDE` varchar(255) NOT NULL DEFAULT '1',
  `LATITUDE` varchar(250) NOT NULL DEFAULT '1',
  `DATE_INSERTION` datetime NOT NULL DEFAULT CURRENT_TIMESTAMP,
  `USER_ID` int(11) NOT NULL,
  `NUMERO_PERMIS` varchar(50) NOT NULL,
  `DESCRIPTION` text,
  `STATUT_TRAITEMENT` int(10) DEFAULT '3'
) ENGINE=InnoDB DEFAULT CHARSET=latin1;

--
-- Déchargement des données de la table `sign_tampo_pj`
--

INSERT INTO `sign_tampo_pj` (`ID_TAMPO_PJ`, `ID_OBR`, `NUMERO_SERIE`, `IMAGE_1`, `IMAGE_2`, `ID_COULEUR`, `MARQUE_VOITURE`, `DATE_VOLER`, `VALIDATION`, `STATUT`, `LONGITUDE`, `LATITUDE`, `DATE_INSERTION`, `USER_ID`, `NUMERO_PERMIS`, `DESCRIPTION`, `STATUT_TRAITEMENT`) VALUES
(1, 5, '123456', 'https://app.mediabox.bi/psr//uploads/pjVoles/220520061627am.jpg', NULL, 6, 'toyota', '2022-05-06', 1, 0, '1', '1', '2022-05-20 06:16:27', 0, 'PNC0145523', NULL, 4);

-- --------------------------------------------------------

--
-- Structure de la table `statut_validation`
--

DROP TABLE IF EXISTS `statut_validation`;
CREATE TABLE IF NOT EXISTS `statut_validation` (
  `ID_STATUT` int(10) NOT NULL,
  `DESCRIPTION` varchar(250) NOT NULL
) ENGINE=InnoDB DEFAULT CHARSET=latin1;

--
-- Déchargement des données de la table `statut_validation`
--

INSERT INTO `statut_validation` (`ID_STATUT`, `DESCRIPTION`) VALUES
(1, 'Superviseur\r\n'),
(2, 'OPJ'),
(3, 'En attente'),
(4, 'Commissaire');

-- --------------------------------------------------------

--
-- Structure de la table `syst_collines`
--

DROP TABLE IF EXISTS `syst_collines`;
CREATE TABLE IF NOT EXISTS `syst_collines` (
  `COLLINE_ID` int(11) NOT NULL,
  `COLLINE_NAME` varchar(100) NOT NULL,
  `ZONE_ID` int(11) DEFAULT NULL,
  `LATITUDE` float NOT NULL DEFAULT '-1',
  `LONGITUDE` float NOT NULL DEFAULT '-1'
) ENGINE=InnoDB DEFAULT CHARSET=latin1;

--
-- Déchargement des données de la table `syst_collines`
--

INSERT INTO `syst_collines` (`COLLINE_ID`, `COLLINE_NAME`, `ZONE_ID`, `LATITUDE`, `LONGITUDE`) VALUES
(1, ' Kagoti', 73, -1, -1),
(2, ' Kavumu', 50, -1, -1),
(3, ' Rwamfu', 142, -1, -1),
(4, 'Kidobori', 103, -1, -1),
(5, 'Maruri', 50, -1, -1),
(6, 'Nyamurenge', 103, -1, -1),
(7, 'Banda', 221, -1, -1),
(8, 'Bucamihigo', 353, -1, -1),
(9, 'Buganuka', 221, -1, -1),
(10, 'Bugorora', 291, -1, -1),
(11, 'Buhanda', 96, -1, -1),
(12, 'Buhigiranka', 8, -1, -1),
(13, 'Buhinga', 272, -1, -1),
(14, 'Buniha', 353, -1, -1),
(15, 'Burenge', 201, -1, -1),
(16, 'Burenza', 58, -1, -1),
(17, 'Burenza', 328, -1, -1),
(18, 'Busoro', 302, -1, -1),
(19, 'Butaganda', 58, -1, -1),
(20, 'Buye', 58, -1, -1),
(21, 'Buziragahama', 96, -1, -1),
(22, 'Bwiza-Bweranka', 228, -1, -1),
(23, 'Cagura', 353, -1, -1),
(24, 'Cahi', 58, -1, -1),
(25, 'Cero', 300, -1, -1),
(26, 'Cigumije', 217, -1, -1),
(27, 'Gabiro', 69, -1, -1),
(28, 'Gahengeri', 228, -1, -1),
(29, 'Gahwazi', 302, -1, -1),
(30, 'Gakenke', 291, -1, -1),
(31, 'Gasebeyi', 217, -1, -1),
(32, 'Gasegerwa', 329, -1, -1),
(33, 'Gatakazi', 272, -1, -1),
(34, 'Gatsinda', 96, -1, -1),
(35, 'Gatwe', 8, -1, -1),
(36, 'Gicu', 329, -1, -1),
(37, 'Gihama', 291, -1, -1),
(38, 'Giheta', 272, -1, -1),
(39, 'Gihoma', 193, -1, -1),
(40, 'Gikingo', 329, -1, -1),
(41, 'Gikomero', 328, -1, -1),
(42, 'Gisagara', 302, -1, -1),
(43, 'Gisasa', 381, -1, -1),
(44, 'Gisekuro', 201, -1, -1),
(45, 'Gitamo', 353, -1, -1),
(46, 'Gitanga', 353, -1, -1),
(47, 'Gitaramuka', 353, -1, -1),
(48, 'Gitare', 329, -1, -1),
(49, 'Gitasi', 291, -1, -1),
(50, 'Giturwe', 221, -1, -1),
(51, 'Gitwa', 96, -1, -1),
(52, 'Gitwenzi', 217, -1, -1),
(53, 'Gitwenzi', 221, -1, -1),
(54, 'Hayiro', 58, -1, -1),
(55, 'Higiro', 328, -1, -1),
(56, 'Hina', 217, -1, -1),
(57, 'Kabasazi', 291, -1, -1),
(58, 'Kabataha', 96, -1, -1),
(59, 'Kabazana', 96, -1, -1),
(60, 'Kabuye', 353, -1, -1),
(61, 'Kaganda', 329, -1, -1),
(62, 'Kagina', 201, -1, -1),
(63, 'Kagoma', 329, -1, -1),
(64, 'Kagoma', 353, -1, -1),
(65, 'Kagozi', 291, -1, -1),
(66, 'Kagunga', 272, -1, -1),
(67, 'Kajaga', 329, -1, -1),
(68, 'Kamaramagambo', 272, -1, -1),
(69, 'Kambati', 217, -1, -1),
(70, 'Kanyami', 69, -1, -1),
(71, 'Karera', 381, -1, -1),
(72, 'Karungura', 291, -1, -1),
(73, 'Kavumu', 228, -1, -1),
(74, 'Kayanza', 96, -1, -1),
(75, 'Kayogoro', 228, -1, -1),
(76, 'Kibindi', 96, -1, -1),
(77, 'Kigina', 8, -1, -1),
(78, 'Kigoma', 201, -1, -1),
(79, 'Kigufi', 201, -1, -1),
(80, 'Kimenyi', 237, -1, -1),
(81, 'Kimerejana', 221, -1, -1),
(82, 'Kinyami', 69, -1, -1),
(83, 'Kinyami', 353, -1, -1),
(84, 'Kinyana', 302, -1, -1),
(85, 'Kinyovu', 8, -1, -1),
(86, 'Kiruri', 217, -1, -1),
(87, 'Kivuzo', 193, -1, -1),
(88, 'Kizenga', 201, -1, -1),
(89, 'Kobero', 221, -1, -1),
(90, 'Mabawe', 381, -1, -1),
(91, 'Maganahe', 272, -1, -1),
(92, 'Makaba', 193, -1, -1),
(93, 'Makaba', 201, -1, -1),
(94, 'Makakwe', 300, -1, -1),
(95, 'Makombe', 302, -1, -1),
(96, 'Martyazo', 8, -1, -1),
(97, 'Masama', 8, -1, -1),
(98, 'Masama-Burima', 237, -1, -1),
(99, 'Mbaba', 193, -1, -1),
(100, 'Mbuza', 381, -1, -1),
(101, 'Mihigo', 221, -1, -1),
(102, 'Mirango', 217, -1, -1),
(103, 'Mivo', 217, -1, -1),
(104, 'Mubanga', 221, -1, -1),
(105, 'Mubuga', 228, -1, -1),
(106, 'Mugende', 329, -1, -1),
(107, 'Mugomera', 237, -1, -1),
(108, 'Muhama', 221, -1, -1),
(109, 'Mungwa', 300, -1, -1),
(110, 'Munywero', 300, -1, -1),
(111, 'Murama', 96, -1, -1),
(112, 'Muremera', 69, -1, -1),
(113, 'Musagara', 300, -1, -1),
(114, 'Mushitsi', 58, -1, -1),
(115, 'Mushonge', 8, -1, -1),
(116, 'Mutara', 328, -1, -1),
(117, 'Mwungere', 217, -1, -1),
(118, 'Ndihwe', 201, -1, -1),
(119, 'Ngoma', 300, -1, -1),
(120, 'Nkero', 193, -1, -1),
(121, 'Ntaho', 237, -1, -1),
(122, 'Ntembe', 291, -1, -1),
(123, 'Nyabibuye', 300, -1, -1),
(124, 'Nyabigozi', 272, -1, -1),
(125, 'Nyabihanga', 237, -1, -1),
(126, 'Nyabikenke', 329, -1, -1),
(127, 'Nyakibari', 201, -1, -1),
(128, 'Nyangazi', 381, -1, -1),
(129, 'Nyanza', 237, -1, -1),
(130, 'Nyanza', 381, -1, -1),
(131, 'Nyaruntana', 228, -1, -1),
(132, 'Nyunzwe', 328, -1, -1),
(133, 'Nzove', 58, -1, -1),
(134, 'Rugomba', 328, -1, -1),
(135, 'Rugunga', 381, -1, -1),
(136, 'Ruhongore', 237, -1, -1),
(137, 'Runda', 328, -1, -1),
(138, 'Rurama', 8, -1, -1),
(139, 'Rusuguti', 69, -1, -1),
(140, 'Rwahirwa', 193, -1, -1),
(141, 'Saramasaka', 291, -1, -1),
(142, 'Sare', 228, -1, -1),
(143, 'Shanga', 381, -1, -1),
(144, 'Shango', 228, -1, -1),
(145, 'Shinge', 8, -1, -1),
(146, 'Gacekeri', 302, -1, -1),
(147, ' Bitambwe', 103, -1, -1),
(148, ' Congori', 103, -1, -1),
(149, ' Gicumbi', 103, -1, -1),
(150, ' Kinyuku', 50, -1, -1),
(151, ' Masama', 103, -1, -1),
(152, ' Muhuzo', 103, -1, -1),
(153, ' Rabiro', 50, -1, -1),
(154, ' Rubaya', 73, -1, -1),
(155, 'Bihangare', 103, -1, -1),
(156, 'Kidasha', 73, -1, -1),
(157, 'Kinonora', 142, -1, -1),
(158, 'Kirungu', 73, -1, -1),
(159, 'Kobero', 50, -1, -1),
(160, 'Mugongo', 142, -1, -1),
(161, 'Murehe', 142, -1, -1),
(162, 'Ntaruka', 142, -1, -1),
(163, 'Ntobwe', 83, -1, -1),
(164, ' Biganda', 259, -1, -1),
(165, ' Bubanda', 367, -1, -1),
(166, ' Buhinyuza', 26, -1, -1),
(167, ' Buhorana', 50, -1, -1),
(168, ' Bupfunda', 270, -1, -1),
(169, ' Burambana', 259, -1, -1),
(170, ' Busiga', 73, -1, -1),
(171, ' Busimba', 15, -1, -1),
(172, ' Butihinda', 55, -1, -1),
(173, ' Butihinda', 83, -1, -1),
(174, ' Buvumbi', 56, -1, -1),
(175, ' Cagizo', 142, -1, -1),
(176, ' Camumandu', 367, -1, -1),
(177, ' Gahahe', 56, -1, -1),
(178, ' Gakenke', 380, -1, -1),
(179, ' Gatebe', 15, -1, -1),
(180, ' Gatwenzi', 142, -1, -1),
(181, ' Gihogo', 130, -1, -1),
(182, ' Gitaramuka', 83, -1, -1),
(183, ' Kamaramagambo', 142, -1, -1),
(184, ' Kara', 130, -1, -1),
(185, ' Karehe', 26, -1, -1),
(186, ' Karongwe', 83, -1, -1),
(187, ' Kibogoye', 15, -1, -1),
(188, ' Kirama', 15, -1, -1),
(189, ' Kiyange', 83, -1, -1),
(190, ' Kiziba', 211, -1, -1),
(191, ' Mabago', 26, -1, -1),
(192, ' Maramvya', 55, -1, -1),
(193, ' Masaka', 56, -1, -1),
(194, ' Mbuye', 211, -1, -1),
(195, ' Mirinzi', 382, -1, -1),
(196, ' Mpehe', 15, -1, -1),
(197, ' Mubira', 382, -1, -1),
(198, ' Mugerera', 211, -1, -1),
(199, ' Mugomere', 380, -1, -1),
(200, ' Munyinya', 55, -1, -1),
(201, ' Munyinya', 270, -1, -1),
(202, ' Murambi', 259, -1, -1),
(203, ' Murinzi', 270, -1, -1),
(204, ' Musagara', 259, -1, -1),
(205, ' Musave', 270, -1, -1),
(206, ' Mushikamo', 270, -1, -1),
(207, ' Mwegera', 211, -1, -1),
(208, ' Ngara', 55, -1, -1),
(209, ' Nkonyovu', 270, -1, -1),
(210, ' Nyabucugu', 26, -1, -1),
(211, ' Nyagishiru', 130, -1, -1),
(212, ' Nyankurazo', 130, -1, -1),
(213, ' Nyaruhengeri', 26, -1, -1),
(214, ' Nyarunazi', 26, -1, -1),
(215, ' Rugazi', 26, -1, -1),
(216, ' Rugongo', 130, -1, -1),
(217, ' Rukira', 55, -1, -1),
(218, ' Rushombo', 55, -1, -1),
(219, ' Shombo', 382, -1, -1),
(220, ' Wingoma', 50, -1, -1),
(221, ' Zaga', 56, -1, -1),
(222, 'Bigoma', 282, -1, -1),
(223, ' Yove', 272, -1, -1),
(224, 'Kayove', 366, -1, -1),
(225, 'Kibinzi', 366, -1, -1),
(226, 'Matutu', 118, -1, -1),
(227, 'Mika', 118, -1, -1),
(228, 'Monge', 306, -1, -1),
(229, 'Mugendo', 233, -1, -1),
(230, 'Muhingamo', 108, -1, -1),
(231, 'Mukoni', 353, -1, -1),
(232, 'Mungwa', 118, -1, -1),
(233, 'Munyange', 218, -1, -1),
(234, 'Munyinya', 116, -1, -1),
(235, 'Murago', 108, -1, -1),
(236, 'Mureba', 359, -1, -1),
(237, 'Murehe', 116, -1, -1),
(238, 'Murungurira', 412, -1, -1),
(239, 'Musenga', 183, -1, -1),
(240, 'Musenyi', 118, -1, -1),
(241, 'Mutara', 200, -1, -1),
(242, 'Mutobo', 353, -1, -1),
(243, 'Mutoyi', 34, -1, -1),
(244, 'Mutsinda', 218, -1, -1),
(245, 'Muyange', 133, -1, -1),
(246, 'Muyebe', 34, -1, -1),
(247, 'Muyinga(Centre-Urbain)', 281, -1, -1),
(248, 'Mwayi', 366, -1, -1),
(249, 'Namande', 359, -1, -1),
(250, 'Ngozi', 168, -1, -1),
(251, 'Nkoyoyo', 281, -1, -1),
(252, 'Nkurubuye', 116, -1, -1),
(253, 'Ntago', 233, -1, -1),
(254, 'Ntende', 116, -1, -1),
(255, 'Ntuku', 366, -1, -1),
(256, 'Nyabigabiro', 116, -1, -1),
(257, 'Nyabihanga', 34, -1, -1),
(258, 'Nyabihanga', 150, -1, -1),
(259, 'Nyagashanga', 359, -1, -1),
(260, 'Nyagatovu', 34, -1, -1),
(261, 'Nyakibanda', 34, -1, -1),
(262, 'Nyakibingo', 221, -1, -1),
(263, 'Nyamarumba', 249, -1, -1),
(264, 'Nyamirembe', 34, -1, -1),
(265, 'Nyamisebo', 218, -1, -1),
(266, 'Nyamivuma', 34, -1, -1),
(267, 'Nyamugari', 25, -1, -1),
(268, 'Nyamugari', 133, -1, -1),
(269, 'Nyamugari', 315, -1, -1),
(270, 'Nyamugari', 353, -1, -1),
(271, 'Nyamugari', 359, -1, -1),
(272, 'Nyamure', 118, -1, -1),
(273, 'Nyamurenge', 195, -1, -1),
(274, 'Nyamusenga', 66, -1, -1),
(275, 'Nyamyumba', 34, -1, -1),
(276, 'Nyantakara', 5, -1, -1),
(277, 'Nyanza', 201, -1, -1),
(278, 'Nyanza-Tubiri', 218, -1, -1),
(279, 'Nyanzuki', 118, -1, -1),
(280, 'Nyarubere', 366, -1, -1),
(281, 'Nyarubimba', 118, -1, -1),
(282, 'Nyarumanga', 116, -1, -1),
(283, 'Nyarunazi', 133, -1, -1),
(284, 'Nyarurambi', 262, -1, -1),
(285, 'Nyinya', 221, -1, -1),
(286, 'Nyuro', 108, -1, -1),
(287, 'Ramba', 108, -1, -1),
(288, 'Ramvya', 118, -1, -1),
(289, 'Remera', 315, -1, -1),
(290, 'Renga', 201, -1, -1),
(291, 'Rimiro', 353, -1, -1),
(292, 'Rongero', 366, -1, -1),
(293, 'Rorero', 132, -1, -1),
(294, 'Rubabara', 108, -1, -1),
(295, 'Rubambagire', 232, -1, -1),
(296, 'Rubanga', 316, -1, -1),
(297, 'Rucunda', 359, -1, -1),
(298, 'Rugeri', 34, -1, -1),
(299, 'RugeroI', 178, -1, -1),
(300, 'RugeroII', 178, -1, -1),
(301, 'Rugori', 213, -1, -1),
(302, 'Ruhama', 175, -1, -1),
(303, 'Ruhata', 267, -1, -1),
(304, 'Ruhuni', 316, -1, -1),
(305, 'Rukago', 79, -1, -1),
(306, 'Rukamba', 25, -1, -1),
(307, 'Rukobe', 116, -1, -1),
(308, 'Rukore', 306, -1, -1),
(309, 'Rukurazo', 96, -1, -1),
(310, 'Runyankezi', 306, -1, -1),
(311, 'Ruramba', 201, -1, -1),
(312, 'Ruregeya', 118, -1, -1),
(313, 'Rurimbi', 315, -1, -1),
(314, 'Rurtyazo', 183, -1, -1),
(315, 'Rusaka', 359, -1, -1),
(316, 'Rusange', 116, -1, -1),
(317, 'Rusengo', 281, -1, -1),
(318, 'Rushemeza', 366, -1, -1),
(319, 'Rushungura', 366, -1, -1),
(320, 'Rusumo', 346, -1, -1),
(321, 'Rusunu', 366, -1, -1),
(322, 'Rutagara', 233, -1, -1),
(323, 'Rutegama', 367, -1, -1),
(324, 'Rutobo', 267, -1, -1),
(325, 'Rutoke', 346, -1, -1),
(326, 'Rutonde', 116, -1, -1),
(327, 'Ruyaga', 295, -1, -1),
(328, 'Ruyaga', 353, -1, -1),
(329, 'Ruyigi', 168, -1, -1),
(330, 'Ruyivyi', 346, -1, -1),
(331, 'Ruyumpu', 175, -1, -1),
(332, 'Ruzingati', 79, -1, -1),
(333, 'Rwabiriro', 96, -1, -1),
(334, 'Rwamiko', 353, -1, -1),
(335, 'Rwanyege', 213, -1, -1),
(336, 'Rwarangabo', 96, -1, -1),
(337, 'Rweru', 133, -1, -1),
(338, 'Rwimbogo', 175, -1, -1),
(339, 'Rwimbogo', 249, -1, -1),
(340, 'Rwintare', 195, -1, -1),
(341, 'Rwizingwe', 86, -1, -1),
(342, 'Ryabihira', 346, -1, -1),
(343, 'Ryarunyinya', 221, -1, -1),
(344, 'Sabunda', 86, -1, -1),
(345, 'Sampeke', 5, -1, -1),
(346, 'Samwe', 350, -1, -1),
(347, 'Sanzu', 373, -1, -1),
(348, 'Sanzwe', 249, -1, -1),
(349, 'Sasa', 233, -1, -1),
(350, 'Shana', 359, -1, -1),
(351, 'Shaya', 32, -1, -1),
(352, 'Shikankoni', 137, -1, -1),
(353, 'Socarti', 168, -1, -1),
(354, 'Songa', 125, -1, -1),
(355, 'Susa', 412, -1, -1),
(356, 'TabaI', 221, -1, -1),
(357, 'TabaII', 221, -1, -1),
(358, 'Tambi-Kibande', 347, -1, -1),
(359, 'Teka', 211, -1, -1),
(360, 'Tema', 32, -1, -1),
(361, 'Teme', 347, -1, -1),
(362, 'Titi', 232, -1, -1),
(364, 'Vumwe', 170, -1, -1),
(365, 'Yanza', 313, -1, -1),
(366, 'Yaranda', 178, -1, -1),
(367, 'Mukike', 180, -1, -1),
(368, 'Coga', 282, -1, -1),
(369, 'Kiganda', 82, -1, -1),
(370, 'RutanaUrbain', 366, -1, -1),
(371, 'Rwerambere', 116, -1, -1),
(372, 'Rwisuri', 34, -1, -1),
(373, 'Shoti', 366, -1, -1),
(374, 'Bambo', 368, -1, -1),
(375, 'Banda', 284, -1, -1),
(376, 'Bandaga', 345, -1, -1),
(377, 'Banga', 2, -1, -1),
(378, 'Bartye', 262, -1, -1),
(379, 'Bayaga', 101, -1, -1),
(380, 'Bayumbu', 238, -1, -1),
(381, 'Baziro', 3, -1, -1),
(382, 'Benga', 4, -1, -1),
(383, 'Benga', 137, -1, -1),
(384, 'Benja', 154, -1, -1),
(385, 'Bibare', 363, -1, -1),
(386, 'Bibate', 191, -1, -1),
(387, 'Bigera', 218, -1, -1),
(388, 'Bigera', 232, -1, -1),
(389, 'Bigera', 379, -1, -1),
(390, 'Bigina', 5, -1, -1),
(391, 'Bigina', 119, -1, -1),
(392, 'Bigombo', 172, -1, -1),
(393, 'Bigombo', 383, -1, -1),
(394, 'Bigugo', 336, -1, -1),
(395, 'Bigwa', 372, -1, -1),
(396, 'Bigwana', 20, -1, -1),
(397, 'Bihanga', 207, -1, -1),
(398, 'Bihanga', 252, -1, -1),
(399, 'Bihembe', 296, -1, -1),
(400, 'Bihembe', 360, -1, -1),
(401, 'Bihembe', 317, -1, -1),
(402, 'Bihogo', 89, -1, -1),
(403, 'Bihomvora', 33, -1, -1),
(404, 'Bihororo', 102, -1, -1),
(405, 'Bihunge', 2, -1, -1),
(406, 'Bikanka', 6, -1, -1),
(407, 'Bikinga', 307, -1, -1),
(408, 'Bikinga', 360, -1, -1),
(409, 'Bikingi', 33, -1, -1),
(410, 'Bikobe', 121, -1, -1),
(411, 'Biniganyi', 156, -1, -1),
(412, 'Birimba', 357, -1, -1),
(413, 'Birohe', 125, -1, -1),
(415, 'Bisaka', 255, -1, -1),
(416, 'Bisha', 140, -1, -1),
(417, 'Bisha', 195, -1, -1),
(418, 'Bishuri', 140, -1, -1),
(419, 'Bisiga', 126, -1, -1),
(420, 'Bisinde', 9, -1, -1),
(421, 'Bisoro', 279, -1, -1),
(422, 'Bitagazwa', 18, -1, -1),
(423, 'Bitambwe', 213, -1, -1),
(424, 'Bitare', 11, -1, -1),
(425, 'Bitare', 296, -1, -1),
(426, 'Bitezi', 88, -1, -1),
(427, 'Bitwe', 242, -1, -1),
(428, 'Biyorwa', 12, -1, -1),
(429, 'Biziya', 335, -1, -1),
(430, 'Bomba', 269, -1, -1),
(431, 'Bonero', 109, -1, -1),
(432, 'Bonero', 183, -1, -1),
(433, 'Bonero', 347, -1, -1),
(434, 'Borera', 152, -1, -1),
(435, 'Bubaji', 38, -1, -1),
(436, 'Bubaji', 183, -1, -1),
(437, 'Bubaji', 314, -1, -1),
(438, 'Bubanga', 151, -1, -1),
(439, 'Bubanza', 168, -1, -1),
(440, 'Rukingiro', 274, -1, -1),
(441, 'Bubenga', 280, -1, -1),
(442, 'Bubezi', 150, -1, -1),
(443, 'Bubogora', 92, -1, -1),
(444, 'Bubogora', 265, -1, -1),
(445, 'Buburu', 10, -1, -1),
(446, 'Buburu', 114, -1, -1),
(447, 'Bucamihigo', 55, -1, -1),
(448, 'Bucana', 3, -1, -1),
(449, 'Bucana', 231, -1, -1),
(450, 'Budahirwa', 200, -1, -1),
(451, 'Budahunga', 246, -1, -1),
(452, 'Budaketwa', 121, -1, -1),
(453, 'Buga', 91, -1, -1),
(454, 'Buga', 198, -1, -1),
(455, 'Bugama', 295, -1, -1),
(456, 'Bugarama', 9, -1, -1),
(457, 'Bugarama', 14, -1, -1),
(458, 'Bugega', 191, -1, -1),
(459, 'Bugeni', 7, -1, -1),
(460, 'Bugenyuzi', 17, -1, -1),
(461, 'Bugera', 60, -1, -1),
(462, 'Bugera', 107, -1, -1),
(463, 'Bugiga', 49, -1, -1),
(464, 'Bugoma', 375, -1, -1),
(465, 'Bugomora', 281, -1, -1),
(466, 'Bugongo', 170, -1, -1),
(467, 'Bugongo', 274, -1, -1),
(468, 'Bugonza', 288, -1, -1),
(469, 'Bugorora', 19, -1, -1),
(470, 'Bugorora', 306, -1, -1),
(471, 'Bugorora', 359, -1, -1),
(472, 'Bugumbasha', 196, -1, -1),
(473, 'Bugume', 349, -1, -1),
(474, 'Bugunga', 118, -1, -1),
(475, 'Bugungu', 83, -1, -1),
(476, 'Bugwana', 127, -1, -1),
(477, 'Bugwana', 307, -1, -1),
(478, 'Buhabwa', 146, -1, -1),
(479, 'Buhama', 267, -1, -1),
(480, 'Buhanda', 32, -1, -1),
(481, 'Buhanda', 190, -1, -1),
(482, 'Buhanda', 274, -1, -1),
(483, 'Buhanga', 129, -1, -1),
(484, 'Buhangara', 386, -1, -1),
(485, 'Buhangura', 20, -1, -1),
(486, 'Buhayira', 21, -1, -1),
(487, 'Buheka', 156, -1, -1),
(488, 'Buhema', 234, -1, -1),
(489, 'Buhevyi', 19, -1, -1),
(490, 'BuhigaCentreUrbain', 23, -1, -1),
(491, 'Buhimba', 263, -1, -1),
(492, 'Buhina', 184, -1, -1),
(493, 'Buhinda', 99, -1, -1),
(494, 'Buhindo', 24, -1, -1),
(495, 'Buhindye', 347, -1, -1),
(496, 'Buhinga', 253, -1, -1),
(497, 'Buhinyuza', 25, -1, -1),
(499, 'Buhinyuza', 168, -1, -1),
(500, 'Buhinyuza', 202, -1, -1),
(501, 'Buhogo', 54, -1, -1),
(502, 'Buhogo', 159, -1, -1),
(503, 'Buhonga', 372, -1, -1),
(504, 'Buhororo I', 13, -1, -1),
(505, 'Buhororo II', 13, -1, -1),
(506, 'Buhoro', 27, -1, -1),
(507, 'Buhoro', 28, -1, -1),
(508, 'Buhoro', 95, -1, -1),
(509, 'Buhoro', 131, -1, -1),
(510, 'Buhorwa', 332, -1, -1),
(511, 'Buhurana', 249, -1, -1),
(512, 'Buhurika', 271, -1, -1),
(513, 'Bujondi', 234, -1, -1),
(515, 'Bukemba', 29, -1, -1),
(516, 'Bukeno', 101, -1, -1),
(517, 'Bukeye', 31, -1, -1),
(518, 'Bukeye', 331, -1, -1),
(519, 'Bukinga', 133, -1, -1),
(520, 'Bukinga', 271, -1, -1),
(521, 'BukirasaziI', 168, -1, -1),
(522, 'BukirasaziII', 168, -1, -1),
(523, 'Bukirasazi', 32, -1, -1),
(524, 'Bukirasazi', 310, -1, -1),
(525, 'Bukoro', 33, -1, -1),
(526, 'Bukunda', 153, -1, -1),
(527, 'Bukwanzi', 343, -1, -1),
(528, 'Bukwavu', 315, -1, -1),
(529, 'Bukwazo', 227, -1, -1),
(530, 'Bumba', 35, -1, -1),
(531, 'Bumba', 65, -1, -1),
(532, 'Bumba', 303, -1, -1),
(533, 'Bunogera', 18, -1, -1),
(534, 'Bunogera', 362, -1, -1),
(535, 'Bunyambo', 116, -1, -1),
(536, 'Bunyange', 359, -1, -1),
(537, 'Bunyarukiga', 319, -1, -1),
(538, 'Bunyerere', 108, -1, -1),
(539, 'Bunyuka', 145, -1, -1),
(540, 'Bunywana', 18, -1, -1),
(541, 'Bunywana', 83, -1, -1),
(542, 'Bunywana', 346, -1, -1),
(543, 'Bunywera', 27, -1, -1),
(544, 'Buramata=V1', 100, -1, -1),
(545, 'Burambira', 36, -1, -1),
(546, 'Buranga', 165, -1, -1),
(547, 'Burangwa', 189, -1, -1),
(548, 'Burara', 93, -1, -1),
(549, 'Burarana', 34, -1, -1),
(550, 'Burarana', 37, -1, -1),
(551, 'Burarana', 42, -1, -1),
(552, 'Burarana', 283, -1, -1),
(553, 'Burasira', 130, -1, -1),
(554, 'Burazi', 43, -1, -1),
(555, 'Burengo', 345, -1, -1),
(556, 'Burenza', 12, -1, -1),
(557, 'Burenza', 36, -1, -1),
(558, 'Burenza', 75, -1, -1),
(559, 'Burenza', 203, -1, -1),
(560, 'Burenza', 253, -1, -1),
(561, 'Burenza', 369, -1, -1),
(562, 'Burenza-Kibande', 347, -1, -1),
(563, 'Nyarwedeka', 274, -1, -1),
(564, 'Masenga', 274, -1, -1),
(565, 'Burima', 153, -1, -1),
(566, 'Burima', 281, -1, -1),
(567, 'BurimbiI', 296, -1, -1),
(568, 'BurimbiII', 206, -1, -1),
(569, 'Buringa', 39, -1, -1),
(570, 'Buringa', 89, -1, -1),
(571, 'Buringa', 242, -1, -1),
(572, 'Buringa', 263, -1, -1),
(573, 'Buringanire', 233, -1, -1),
(574, 'Buriza', 38, -1, -1),
(575, 'Buruhukiro', 362, -1, -1),
(576, 'Burunga', 82, -1, -1),
(577, 'Bururi', 168, -1, -1),
(578, 'Busambo', 264, -1, -1),
(579, 'Busangana', 42, -1, -1),
(580, 'Busasa', 109, -1, -1),
(581, 'Busebwa', 94, -1, -1),
(582, 'Busekera', 30, -1, -1),
(583, 'Busenge', 43, -1, -1),
(584, 'Busenyi', 107, -1, -1),
(585, 'Busesa', 28, -1, -1),
(586, 'Bushirambeho', 25, -1, -1),
(587, 'Bushoka', 225, -1, -1),
(588, 'Busiga', 181, -1, -1),
(589, 'Busokoza', 46, -1, -1),
(590, 'Busoro', 45, -1, -1),
(591, 'Busuma', 155, -1, -1),
(592, 'Busumanyi', 236, -1, -1),
(593, 'Busura', 197, -1, -1),
(594, 'Busyana', 327, -1, -1),
(595, 'Buta', 118, -1, -1),
(596, 'Butaganda', 95, -1, -1),
(597, 'Butagazwa', 239, -1, -1),
(598, 'Butaha', 280, -1, -1),
(599, 'Butaha', 298, -1, -1),
(600, 'Butahana', 127, -1, -1),
(601, 'Butambara', 219, -1, -1),
(602, 'Butambara', 366, -1, -1),
(603, 'Butamuheba', 252, -1, -1),
(604, 'Butamya', 219, -1, -1),
(605, 'Butanuka', 48, -1, -1),
(606, 'Butanyerera', 78, -1, -1),
(607, 'Butara', 35, -1, -1),
(608, 'Butaramuka', 44, -1, -1),
(609, 'Butarangira', 295, -1, -1),
(610, 'Butare', 49, -1, -1),
(611, 'Butare', 129, -1, -1),
(612, 'Butare', 152, -1, -1),
(613, 'Butare', 267, -1, -1),
(614, 'Butavuka', 286, -1, -1),
(615, 'Butazi', 294, -1, -1),
(616, 'Butega', 24, -1, -1),
(617, 'Butega', 203, -1, -1),
(618, 'Butegana', 246, -1, -1),
(619, 'Butegana', 323, -1, -1),
(620, 'Butegeye', 277, -1, -1),
(621, 'Butemba', 52, -1, -1),
(622, 'Butembe', 48, -1, -1),
(623, 'Butezi', 52, -1, -1),
(624, 'Butezi', 54, -1, -1),
(625, 'Butezi', 79, -1, -1),
(626, 'Butezi', 320, -1, -1),
(627, 'Butihinda', 75, -1, -1),
(628, 'Butihinda', 127, -1, -1),
(629, 'Butirabura', 63, -1, -1),
(630, 'Butobwe', 260, -1, -1),
(631, 'Butobwe', 288, -1, -1),
(632, 'Butovyi', 366, -1, -1),
(633, 'Butsimba', 389, -1, -1),
(634, 'Butuhurana', 37, -1, -1),
(635, 'Butwe', 110, -1, -1),
(636, 'Butwe', 334, -1, -1),
(637, 'Butwe', 336, -1, -1),
(638, 'Buvumbi', 319, -1, -1),
(639, 'Buvumo', 348, -1, -1),
(640, 'Buyaga', 20, -1, -1),
(641, 'Buyaga', 287, -1, -1),
(642, 'Buyenzi', 202, -1, -1),
(643, 'Buyenzi', 242, -1, -1),
(644, 'Buyimba', 160, -1, -1),
(645, 'BuyongweII', 120, -1, -1),
(646, 'Buyongwe', 254, -1, -1),
(647, 'Buyumpu', 348, -1, -1),
(648, 'Buzige', 372, -1, -1),
(649, 'Buziraguhindwa', 264, -1, -1),
(650, 'Bwagiriza', 62, -1, -1),
(651, 'Bwakira', 98, -1, -1),
(652, 'Bwasare', 63, -1, -1),
(653, 'Bwatemba', 7, -1, -1),
(654, 'Bwayi', 44, -1, -1),
(655, 'Bwayi', 345, -1, -1),
(656, 'Bweru', 222, -1, -1),
(657, 'Bwica', 75, -1, -1),
(658, 'Bwinyana', 34, -1, -1),
(659, 'Bwisange', 37, -1, -1),
(660, 'Bwisha', 87, -1, -1),
(661, 'Bwitoyi', 385, -1, -1),
(662, 'BwizabwaNinga', 39, -1, -1),
(663, 'BwizaQ.I', 64, -1, -1),
(664, 'BwizaQ.II', 64, -1, -1),
(665, 'BwizaQ.III', 64, -1, -1),
(666, 'BwizaQ.IV', 64, -1, -1),
(667, 'Bwoga', 125, -1, -1),
(668, 'Bwome', 243, -1, -1),
(669, 'Cabara', 166, -1, -1),
(670, 'Caga', 155, -1, -1),
(671, 'Caga', 213, -1, -1),
(672, 'Caga', 316, -1, -1),
(673, 'Cagakori', 205, -1, -1),
(674, 'Caguka', 135, -1, -1),
(675, 'Camakombe', 374, -1, -1),
(676, 'Camazi', 65, -1, -1),
(677, 'Camizi', 139, -1, -1),
(678, 'Campazi', 264, -1, -1),
(679, 'Camugani', 302, -1, -1),
(680, 'Canamo', 267, -1, -1),
(681, 'Canda', 43, -1, -1),
(682, 'Canda', 330, -1, -1),
(683, 'Canika', 68, -1, -1),
(684, 'Cankuzo', 66, -1, -1),
(685, 'Canzara', 261, -1, -1),
(686, 'Canzikiro', 204, -1, -1),
(687, 'Caragata', 232, -1, -1),
(688, 'Carama', 168, -1, -1),
(689, 'Caranka', 363, -1, -1),
(690, 'Caratsi', 132, -1, -1),
(691, 'Carire', 11, -1, -1),
(692, 'Carubambo', 233, -1, -1),
(693, 'Carwa', 175, -1, -1),
(694, 'Cashi', 189, -1, -1),
(695, 'Cayi', 80, -1, -1),
(696, 'Cendajuru', 67, -1, -1),
(697, 'Cendajuru', 68, -1, -1),
(698, 'Cendajuru', 218, -1, -1),
(699, 'Centre-urbain', 13, -1, -1),
(700, 'CentreUrbain', 41, -1, -1),
(701, 'Centreville', 338, -1, -1),
(702, 'Jenda-Urbain', 131, -1, -1),
(703, 'Ceru', 70, -1, -1),
(704, 'Cewe', 70, -1, -1),
(705, 'Ceyerezi', 199, -1, -1),
(706, 'Cibari', 249, -1, -1),
(707, 'Cibitoke', 72, -1, -1),
(708, 'Cigati', 369, -1, -1),
(709, 'Cihonda', 86, -1, -1),
(710, 'Cihonda', 87, -1, -1),
(711, 'Cikinga', 119, -1, -1),
(712, 'Cimba', 313, -1, -1),
(713, 'Cimbizi', 57, -1, -1),
(714, 'Cirambo', 333, -1, -1),
(715, 'Ciri', 175, -1, -1),
(716, 'Cirisha', 363, -1, -1),
(717, 'Cishwa', 16, -1, -1),
(718, 'Ciya', 256, -1, -1),
(719, 'Ciyando', 183, -1, -1),
(720, 'Coma', 257, -1, -1),
(721, 'Cuba', 17, -1, -1),
(722, 'Cukiro', 150, -1, -1),
(723, 'Cumba', 75, -1, -1),
(724, 'Cumba', 85, -1, -1),
(725, 'Cumba', 127, -1, -1),
(726, 'Cumba', 367, -1, -1),
(727, 'Cumva', 107, -1, -1),
(728, 'Cunamwe', 117, -1, -1),
(729, 'Cunda', 171, -1, -1),
(730, 'Cunyu', 84, -1, -1),
(732, 'Dondi', 271, -1, -1),
(733, 'Donge–Burasira', 257, -1, -1),
(734, 'Donge-Ruzi', 158, -1, -1),
(735, 'Dusasa', 348, -1, -1),
(736, 'Dutwe', 373, -1, -1),
(737, 'Fota', 60, -1, -1),
(738, 'Gabaniro', 123, -1, -1),
(739, 'Gabiro-Ruvyagira', 350, -1, -1),
(740, 'Gacokeve', 78, -1, -1),
(741, 'Gacokwe', 295, -1, -1),
(742, 'Gacu', 261, -1, -1),
(743, 'Gafumbegeti', 47, -1, -1),
(744, 'Gahabura', 77, -1, -1),
(745, 'Gahaga', 30, -1, -1),
(746, 'Gahago', 253, -1, -1),
(747, 'Gahahe', 150, -1, -1),
(748, 'Gahahe', 333, -1, -1),
(749, 'Gahahe', 340, -1, -1),
(750, 'Gahanda', 179, -1, -1),
(751, 'Gahandu', 220, -1, -1),
(752, 'Gaharawe', 97, -1, -1),
(753, 'Gaharo', 240, -1, -1),
(754, 'Gaharo', 332, -1, -1),
(755, 'Gaharo', 365, -1, -1),
(756, 'Gahashi', 333, -1, -1),
(757, 'Gahe', 34, -1, -1),
(758, 'Gahekenya', 183, -1, -1),
(759, 'Gahemba', 343, -1, -1),
(760, 'Gahemba', 373, -1, -1),
(761, 'Gahembe', 258, -1, -1),
(762, 'Gahinda', 255, -1, -1),
(763, 'Gahinga', 116, -1, -1),
(764, 'Gahini', 218, -1, -1),
(765, 'Gahise', 46, -1, -1),
(766, 'Gahoko', 66, -1, -1),
(767, 'Gahoma', 47, -1, -1),
(768, 'Gahombo', 79, -1, -1),
(769, 'Gahondo', 60, -1, -1),
(770, 'Gahongore', 216, -1, -1),
(771, 'Gahororo', 175, -1, -1),
(772, 'Gahororo', 249, -1, -1),
(773, 'Gahosha', 127, -1, -1),
(774, 'Gahwama', 340, -1, -1),
(775, 'GahwaziI', 48, -1, -1),
(776, 'GahwaziII', 48, -1, -1),
(777, 'Gakana', 178, -1, -1),
(778, 'Gakangaga', 295, -1, -1),
(779, 'Nyankere', 274, -1, -1),
(780, 'Gakaranka', 180, -1, -1),
(781, 'Gakenke', 92, -1, -1),
(782, 'Gakere', 80, -1, -1),
(783, 'Gakerekwa', 47, -1, -1),
(784, 'Gakobe', 366, -1, -1),
(785, 'Gakoni', 386, -1, -1),
(786, 'Gakonko', 232, -1, -1),
(787, 'Gakonko', 358, -1, -1),
(788, 'Gakungu', 81, -1, -1),
(790, 'Gakuro', 79, -1, -1),
(791, 'Gakuyo', 242, -1, -1),
(792, 'Gasaba', 136, -1, -1),
(793, 'Gasagara', 260, -1, -1),
(794, 'Gasaka', 112, -1, -1),
(795, 'Gasakuza', 118, -1, -1),
(796, 'Gasanda', 373, -1, -1),
(797, 'Gasange', 123, -1, -1),
(798, 'Gasarara', 308, -1, -1),
(799, 'Gasare', 345, -1, -1),
(800, 'Gasasa', 122, -1, -1),
(801, 'Gasasa', 165, -1, -1),
(802, 'Gasasa', 196, -1, -1),
(803, 'Gasasa', 262, -1, -1),
(804, 'Gasasa', 346, -1, -1),
(805, 'Gasave', 83, -1, -1),
(806, 'Gasave', 167, -1, -1),
(807, 'Gasave', 306, -1, -1),
(808, 'Gasave', 336, -1, -1),
(809, 'Gasebeyi', 43, -1, -1),
(810, 'Gasebeyi', 352, -1, -1),
(811, 'Gasekanya', 307, -1, -1),
(812, 'Gasekanya', 385, -1, -1),
(813, 'Gasekebuye-Gikoto', 266, -1, -1),
(814, 'Gasenga', 5, -1, -1),
(815, 'Gasenga', 238, -1, -1),
(816, 'Gasenyi-Rural', 84, -1, -1),
(817, 'Gasenyi-Centre', 84, -1, -1),
(818, 'Gasenyi', 45, -1, -1),
(820, 'Gasenyi', 90, -1, -1),
(821, 'Gasenyi', 126, -1, -1),
(822, 'Gasenyi', 183, -1, -1),
(823, 'Gasenyi', 195, -1, -1),
(824, 'Gasenyi', 199, -1, -1),
(825, 'Gasenyi', 229, -1, -1),
(826, 'Gasenyi', 253, -1, -1),
(827, 'Gasenyi', 260, -1, -1),
(828, 'Gasenyi', 335, -1, -1),
(829, 'Gasenyi', 340, -1, -1),
(830, 'Gasenyi', 360, -1, -1),
(831, 'Gasenyi', 369, -1, -1),
(832, 'Gaseri', 366, -1, -1),
(833, 'Gashanga', 17, -1, -1),
(834, 'Gashasha', 166, -1, -1),
(835, 'Gashawe', 222, -1, -1),
(836, 'Gasheke', 61, -1, -1),
(837, 'Gashibuka', 240, -1, -1),
(838, 'Gashigwe', 327, -1, -1),
(839, 'Gashikanwa', 86, -1, -1),
(840, 'Gashinge', 181, -1, -1),
(841, 'Gashingwa', 34, -1, -1),
(842, 'Gashingwa', 367, -1, -1),
(843, 'Gashiru', 348, -1, -1),
(844, 'Gashishima', 42, -1, -1),
(845, 'Gashoho', 87, -1, -1),
(846, 'Gashurushuru', 62, -1, -1),
(847, 'Gasivya', 360, -1, -1),
(848, 'Gasongati', 32, -1, -1),
(849, 'Gasozi', 238, -1, -1),
(850, 'Gasuga', 127, -1, -1),
(851, 'Gasunu', 170, -1, -1),
(852, 'Gasunu', 176, -1, -1),
(853, 'Gasura', 389, -1, -1),
(854, 'Gasuru', 174, -1, -1),
(855, 'Gataba', 170, -1, -1),
(856, 'Gatabo', 46, -1, -1),
(857, 'Gatabo', 310, -1, -1),
(858, 'Gatabo-Manyenye', 91, -1, -1),
(859, 'Gatagura', 48, -1, -1),
(860, 'Gataka', 390, -1, -1),
(861, 'Gatanga', 253, -1, -1),
(862, 'Gatanga', 306, -1, -1),
(863, 'Gatare-Canzikiro', 34, -1, -1),
(864, 'Gatare', 86, -1, -1),
(865, 'Gatare', 93, -1, -1),
(866, 'Gatare', 114, -1, -1),
(867, 'Gatare', 140, -1, -1),
(868, 'Gatare', 181, -1, -1),
(869, 'Gatare', 231, -1, -1),
(871, 'Gatare-Gasenyi', 243, -1, -1),
(872, 'Gatemere', 263, -1, -1),
(873, 'Gaterama', 11, -1, -1),
(874, 'Gaterama', 118, -1, -1),
(875, 'Gatete', 93, -1, -1),
(876, 'Gatete', 94, -1, -1),
(877, 'Gatika', 355, -1, -1),
(878, 'Gatobo', 358, -1, -1),
(879, 'Gatonga', 287, -1, -1),
(880, 'GatongatiI', 346, -1, -1),
(881, 'GatongatiII', 346, -1, -1),
(882, 'Gatongati', 118, -1, -1),
(883, 'Gatovu', 249, -1, -1),
(884, 'Gatoza', 231, -1, -1),
(885, 'Gatozo', 199, -1, -1),
(886, 'Gatsinga', 60, -1, -1),
(887, 'Gatukuza', 298, -1, -1),
(888, 'Gatunguru', 340, -1, -1),
(889, 'Gatungurwe', 66, -1, -1),
(890, 'Gatura', 216, -1, -1),
(891, 'Gatura', 225, -1, -1),
(892, 'Gaturanda', 162, -1, -1),
(893, 'Gatwaro', 119, -1, -1),
(894, 'Gatwaro', 172, -1, -1),
(895, 'Gatwaro', 175, -1, -1),
(896, 'Gatwaro', 258, -1, -1),
(897, 'Gatwaro', 382, -1, -1),
(898, 'Gatwe', 186, -1, -1),
(899, 'Gatwe', 311, -1, -1),
(900, 'Gatwe', 364, -1, -1),
(901, 'Gatwenzi', 242, -1, -1),
(902, 'Gerangabo', 379, -1, -1),
(903, 'Gerero', 108, -1, -1),
(905, 'Gicaca', 350, -1, -1),
(906, 'Gicumbi', 38, -1, -1),
(907, 'Karago', 215, -1, -1),
(908, 'Gifugwe', 268, -1, -1),
(909, 'Gifunzo', 341, -1, -1),
(910, 'Gifunzo', 366, -1, -1),
(911, 'Gihamagara', 99, -1, -1),
(912, 'Gihanga', 100, -1, -1),
(913, 'Gihanga', 141, -1, -1),
(914, 'Giharo', 101, -1, -1),
(915, 'Gihehe', 133, -1, -1),
(916, 'Giheru', 138, -1, -1),
(917, 'Gihera', 151, -1, -1),
(918, 'Gihinga', 3, -1, -1),
(919, 'Gihinga', 7, -1, -1),
(920, 'Gihinga', 219, -1, -1),
(921, 'Gihinga', 289, -1, -1),
(922, 'Gihofi', 29, -1, -1),
(923, 'Gihogazi', 104, -1, -1),
(924, 'Gihoma', 277, -1, -1),
(925, 'Gihome', 306, -1, -1),
(926, 'Gihondo', 43, -1, -1),
(927, 'Gihororo', 92, -1, -1),
(928, 'Gihororo', 261, -1, -1),
(929, 'Gihororo', 337, -1, -1),
(930, 'Gihosha', 178, -1, -1),
(931, 'Gihoza', 288, -1, -1),
(932, 'Gihuga', 133, -1, -1),
(933, 'Gihungwe', 100, -1, -1),
(934, 'Gihwanya', 357, -1, -1),
(935, 'Gikebuka', 359, -1, -1),
(936, 'Gikingo', 36, -1, -1),
(937, 'Gikingo', 135, -1, -1),
(938, 'Gikingo', 320, -1, -1),
(939, 'Gikizi', 245, -1, -1),
(940, 'Gikombe', 187, -1, -1),
(941, 'Gikombe', 365, -1, -1),
(942, 'Gikomero', 106, -1, -1),
(943, 'Gikomero', 389, -1, -1),
(944, 'Gikonge', 30, -1, -1),
(945, 'Gikonko', 254, -1, -1),
(946, 'Gikuka', 315, -1, -1),
(947, 'Gikungere', 303, -1, -1),
(948, 'Gikurazo', 187, -1, -1),
(949, 'Gikuyo', 107, -1, -1),
(950, 'Gikuzi', 388, -1, -1),
(951, 'Gikwazo', 74, -1, -1),
(952, 'Gikwiye', 89, -1, -1),
(953, 'Gikwiye', 262, -1, -1),
(954, 'Gipfuvya', 78, -1, -1),
(955, 'Gisabazuba', 36, -1, -1),
(956, 'Gisagara', 108, -1, -1),
(957, 'Gisagara', 223, -1, -1),
(958, 'Gisagara', 348, -1, -1),
(959, 'Gisanze', 41, -1, -1),
(960, 'Gisanze-Muzingi', 109, -1, -1),
(961, 'Gisanze-Rugerero', 109, -1, -1),
(962, 'Gisara', 225, -1, -1),
(963, 'Gisarara', 176, -1, -1),
(964, 'Gisarenda', 110, -1, -1),
(965, 'Gisarwe', 147, -1, -1),
(966, 'Gisebeyi', 109, -1, -1),
(967, 'Gisenga', 136, -1, -1),
(968, 'Gisenyi', 25, -1, -1),
(969, 'Gisenyi', 111, -1, -1),
(970, 'Gisenyi', 112, -1, -1),
(971, 'Gisenyi', 197, -1, -1),
(972, 'Gisenyi', 310, -1, -1),
(973, 'Gisenyi', 324, -1, -1),
(974, 'Giserama', 296, -1, -1),
(975, 'Gishambusha', 87, -1, -1),
(976, 'Gishiha', 197, -1, -1),
(977, 'Gishikanwa', 347, -1, -1),
(978, 'Gishingano', 326, -1, -1),
(979, 'Gishubi', 262, -1, -1),
(980, 'Gishubi', 304, -1, -1),
(981, 'Gishubi', 313, -1, -1),
(982, 'Gishubi', 380, -1, -1),
(983, 'Gishuha', 63, -1, -1),
(984, 'Gishuha', 176, -1, -1),
(985, 'Gishunzi', 79, -1, -1),
(986, 'Gisikara', 129, -1, -1),
(987, 'Gisirtye', 159, -1, -1),
(988, 'Gisisye', 207, -1, -1),
(989, 'Gisitwe', 306, -1, -1),
(990, 'Gisoko', 65, -1, -1),
(991, 'Gisoro', 362, -1, -1),
(992, 'Gisoro', 387, -1, -1),
(993, 'Gisovu', 184, -1, -1),
(994, 'Gisozi', 114, -1, -1),
(995, 'Gisuka', 175, -1, -1),
(996, 'Gisuma', 343, -1, -1),
(997, 'Gisura', 385, -1, -1),
(998, 'Gisuru', 102, -1, -1),
(999, 'Gisuru', 116, -1, -1),
(1000, 'Gisyo', 301, -1, -1),
(1001, 'Gisyo', 148, -1, -1),
(1002, 'Gitaba', 5, -1, -1),
(1003, 'Gitaba', 117, -1, -1),
(1004, 'Gitaba', 118, -1, -1),
(1005, 'Gitaba', 151, -1, -1),
(1006, 'Gitaba', 183, -1, -1),
(1007, 'Gitaba', 220, -1, -1),
(1008, 'Gitaba', 294, -1, -1),
(1009, 'Gitaba', 358, -1, -1),
(1010, 'Gitamo', 225, -1, -1),
(1011, 'Gitandu', 333, -1, -1),
(1012, 'Gitanga', 23, -1, -1),
(1013, 'Gitanga', 88, -1, -1),
(1014, 'Gitanga', 95, -1, -1),
(1015, 'Gitanga', 101, -1, -1),
(1016, 'Gitanga', 108, -1, -1),
(1017, 'Gitanga', 119, -1, -1),
(1018, 'Gitanga', 120, -1, -1),
(1019, 'Gitanga', 256, -1, -1),
(1020, 'Gitara', 290, -1, -1),
(1021, 'Gitaramuka', 10, -1, -1),
(1022, 'Gitaramuka', 85, -1, -1),
(1023, 'Gitaramuka', 118, -1, -1),
(1024, 'Gitaramuka', 122, -1, -1),
(1025, 'Gitaramuka', 250, -1, -1),
(1026, 'Gitaramuka', 255, -1, -1),
(1027, 'Gitaramuka', 258, -1, -1),
(1028, 'Gitaramuka', 266, -1, -1),
(1029, 'Gitaramuka', 290, -1, -1),
(1030, 'Gitaramuka', 327, -1, -1),
(1031, 'Gitaramuka', 365, -1, -1),
(1032, 'Gitaro', 175, -1, -1),
(1033, 'Gitaza', 123, -1, -1),
(1034, 'Gitebe', 344, -1, -1),
(1035, 'Gitega', 56, -1, -1),
(1036, 'Gitega', 168, -1, -1),
(1037, 'Gitemezi', 218, -1, -1),
(1038, 'Gitenga', 226, -1, -1),
(1039, 'Gitera', 61, -1, -1),
(1040, 'Giteranyi', 126, -1, -1),
(1041, 'Gitete', 321, -1, -1),
(1042, 'Gitibu', 337, -1, -1),
(1043, 'Gitobo', 245, -1, -1),
(1044, 'Gitohera', 265, -1, -1),
(1045, 'Gitongo', 11, -1, -1),
(1046, 'Gitongo', 273, -1, -1),
(1047, 'Gitongwe', 249, -1, -1),
(1048, 'Gitongwe', 358, -1, -1),
(1049, 'Gitora', 235, -1, -1),
(1050, 'Gitsinda', 284, -1, -1),
(1051, 'Gitukura', 188, -1, -1),
(1052, 'Gitumba', 325, -1, -1),
(1053, 'Gitunda', 242, -1, -1),
(1054, 'Gitunga', 279, -1, -1),
(1055, 'Gitwa', 87, -1, -1),
(1056, 'Gitwa', 224, -1, -1),
(1057, 'Gitwa', 269, -1, -1),
(1058, 'Gitwa', 312, -1, -1),
(1059, 'Gitwaro', 7, -1, -1),
(1060, 'Gitwaro', 189, -1, -1),
(1061, 'Gitwe', 40, -1, -1),
(1062, 'Gitwe', 139, -1, -1),
(1063, 'Gitwe', 164, -1, -1),
(1064, 'Gitwe', 190, -1, -1),
(1065, 'Gitwenge', 108, -1, -1),
(1066, 'Gitwenge', 301, -1, -1),
(1067, 'Gitwenzi', 412, -1, -1),
(1068, 'Gomvyi', 128, -1, -1),
(1069, 'Gozi', 290, -1, -1),
(1070, 'Higiro', 60, -1, -1),
(1071, 'Higiro', 63, -1, -1),
(1072, 'Higiro', 111, -1, -1),
(1073, 'Higiro', 125, -1, -1),
(1074, 'Higiro', 370, -1, -1),
(1075, 'HumureI', 161, -1, -1),
(1076, 'HumureII', 161, -1, -1),
(1077, 'Itaba', 12, -1, -1),
(1078, 'Itaba', 129, -1, -1),
(1079, 'Itaba', 295, -1, -1),
(1080, 'Itahe', 116, -1, -1),
(1081, 'Iteba', 357, -1, -1),
(1082, 'Iteka', 116, -1, -1),
(1083, 'Iteka', 159, -1, -1),
(1084, 'Iyogero', 116, -1, -1),
(1085, 'JabeQ.I', 64, -1, -1),
(1086, 'JabeQ.II', 64, -1, -1),
(1087, 'JabeQ.III', 64, -1, -1),
(1088, 'Janga', 20, -1, -1),
(1089, 'Jangwe', 113, -1, -1),
(1090, 'Jani', 63, -1, -1),
(1091, 'Janja', 198, -1, -1),
(1092, 'Jarama', 130, -1, -1),
(1093, 'Jenda', 11, -1, -1),
(1094, 'Jenda-Rural', 131, -1, -1),
(1095, 'Jenda', 292, -1, -1),
(1096, 'Jene', 132, -1, -1),
(1097, 'Jerama', 61, -1, -1),
(1098, 'Jimbi', 157, -1, -1),
(1099, 'Jimbi', 199, -1, -1),
(1100, 'Jimbi', 252, -1, -1),
(1101, 'Jomati', 366, -1, -1),
(1102, 'Jungwe', 1, -1, -1),
(1103, 'Juragati', 151, -1, -1),
(1104, 'Jurwe', 33, -1, -1),
(1105, 'Kabageni', 67, -1, -1),
(1106, 'Kabago', 171, -1, -1),
(1107, 'Kabamba', 298, -1, -1),
(1108, 'Kabanga', 29, -1, -1),
(1109, 'Kabanga', 134, -1, -1),
(1110, 'Kabanga', 171, -1, -1),
(1111, 'Kabanga', 182, -1, -1),
(1112, 'Kabanga', 263, -1, -1),
(1113, 'Kabanga', 267, -1, -1),
(1114, 'Kabanga', 342, -1, -1),
(1115, 'Kabari', 267, -1, -1),
(1116, 'Kabere', 188, -1, -1),
(1117, 'Kabeza', 66, -1, -1),
(1118, 'Kabezi', 212, -1, -1),
(1119, 'Kabimba', 335, -1, -1),
(1120, 'Kabingo', 54, -1, -1),
(1121, 'Kabingo', 288, -1, -1),
(1122, 'Kabingo', 295, -1, -1),
(1123, 'Kabira', 375, -1, -1),
(1124, 'Kabirizi', 68, -1, -1),
(1125, 'Kabizi', 152, -1, -1),
(1126, 'Kabo', 278, -1, -1),
(1127, 'Kabogi', 60, -1, -1),
(1128, 'Kabogo', 230, -1, -1),
(1130, 'Kabondo', 331, -1, -1),
(1131, 'Kabondo', 338, -1, -1),
(1132, 'Kabonga', 136, -1, -1),
(1133, 'Kabuga', 66, -1, -1),
(1134, 'Kabumba', 372, -1, -1),
(1135, 'Kabumbe', 38, -1, -1),
(1136, 'Kabungo', 301, -1, -1),
(1137, 'Kaburantwa', 84, -1, -1),
(1138, 'Kabuye', 21, -1, -1),
(1139, 'Kabuye', 90, -1, -1),
(1140, 'Kabuye', 139, -1, -1),
(1141, 'Kabuye', 140, -1, -1),
(1142, 'Kabuye-Gitanga', 389, -1, -1),
(1143, 'Kabuyenge', 295, -1, -1),
(1144, 'Kabuye-Shororo', 389, -1, -1),
(1145, 'Kabwayi', 115, -1, -1),
(1146, 'Kabwira', 204, -1, -1),
(1147, 'Kadende', 343, -1, -1),
(1148, 'Kagarama', 267, -1, -1),
(1149, 'Kagari', 87, -1, -1),
(1150, 'Kagazi', 72, -1, -1),
(1151, 'Kagege', 196, -1, -1),
(1152, 'Kagege', 220, -1, -1),
(1153, 'Kagege', 247, -1, -1),
(1154, 'Kagimbu', 24, -1, -1),
(1155, 'Kagimbu', 74, -1, -1),
(1156, 'Kagona', 14, -1, -1),
(1157, 'Kagoma', 22, -1, -1),
(1158, 'Kagoma', 108, -1, -1),
(1159, 'Kagoma', 378, -1, -1),
(1160, 'Kagombe', 288, -1, -1),
(1161, 'Kagongo', 186, -1, -1),
(1162, 'Kagugo', 375, -1, -1),
(1163, 'Kaguhu', 63, -1, -1),
(1164, 'Kaguhu', 133, -1, -1),
(1166, 'Kagunuzi', 293, -1, -1),
(1167, 'Kaguruka', 106, -1, -1),
(1168, 'Kagurutsi', 341, -1, -1),
(1169, 'Kagurwe', 63, -1, -1),
(1170, 'Kagwema', 100, -1, -1),
(1171, 'Kahirwa', 24, -1, -1),
(1172, 'Kajerama', 24, -1, -1),
(1173, 'Kajeri', 25, -1, -1),
(1174, 'Kajiji', 148, -1, -1),
(1175, 'Kajondi', 141, -1, -1),
(1176, 'Kamenya', 412, -1, -1),
(1177, 'Kamesa', 266, -1, -1),
(1178, 'Kamira', 144, -1, -1),
(1179, 'Kamonyi', 176, -1, -1),
(1180, 'Kampezi', 192, -1, -1),
(1181, 'Kamushiha', 294, -1, -1),
(1182, 'Kanabugiri', 364, -1, -1),
(1183, 'Kananira', 144, -1, -1),
(1184, 'Kanazi', 17, -1, -1),
(1185, 'Kanazi', 271, -1, -1),
(1186, 'Kanenga', 48, -1, -1),
(1187, 'Kanenge', 166, -1, -1),
(1188, 'Kanga', 168, -1, -1),
(1189, 'Kaniha', 236, -1, -1),
(1190, 'Kanisha', 155, -1, -1),
(1191, 'Kanka', 146, -1, -1),
(1192, 'Kansega', 293, -1, -1),
(1193, 'Kanyagu', 412, -1, -1),
(1194, 'Kanyami', 98, -1, -1),
(1195, 'Kanyange', 25, -1, -1),
(1196, 'Kanyankuru', 210, -1, -1),
(1197, 'Kanyenkoko', 357, -1, -1),
(1198, 'Kanyererwe', 101, -1, -1),
(1199, 'Kanyinya', 107, -1, -1),
(1200, 'Kanyinya', 129, -1, -1),
(1201, 'Kanyinya', 133, -1, -1),
(1202, 'Kanyinya', 203, -1, -1),
(1203, 'Kanyinya', 262, -1, -1),
(1204, 'Kanyinya', 276, -1, -1),
(1205, 'Kanyonga', 22, -1, -1),
(1206, 'Kanyundo', 199, -1, -1),
(1207, 'Kanyunya', 356, -1, -1),
(1208, 'Kanzaganya', 370, -1, -1),
(1209, 'Kanzege', 112, -1, -1),
(1211, 'Karagara', 40, -1, -1),
(1212, 'Karama', 63, -1, -1),
(1213, 'Karama', 78, -1, -1),
(1214, 'Karama', 132, -1, -1),
(1215, 'Mukonko', 208, -1, -1),
(1216, 'Karamagi', 107, -1, -1),
(1217, 'Karamba', 369, -1, -1),
(1218, 'Karambi', 9, -1, -1),
(1219, 'Karambi', 92, -1, -1),
(1220, 'Karambi', 284, -1, -1),
(1221, 'Karambira', 349, -1, -1),
(1222, 'Karambo', 27, -1, -1),
(1223, 'Karambo', 89, -1, -1),
(1224, 'Karambo', 263, -1, -1),
(1225, 'Karehe', 140, -1, -1),
(1226, 'Karehe', 288, -1, -1),
(1227, 'Karehe', 378, -1, -1),
(1228, 'Karemba', 129, -1, -1),
(1229, 'Karemera', 249, -1, -1),
(1230, 'Karenda', 227, -1, -1),
(1231, 'Kariba', 146, -1, -1),
(1232, 'Karibu', 366, -1, -1),
(1233, 'Karimbi', 174, -1, -1),
(1234, 'Karindo', 170, -1, -1),
(1235, 'Karindo', 366, -1, -1),
(1236, 'Karinzi', 79, -1, -1),
(1237, 'Karinzi', 150, -1, -1),
(1238, 'Karinzi', 153, -1, -1),
(1239, 'Karinzi', 256, -1, -1),
(1240, 'Karinzi', 366, -1, -1),
(1241, 'Karira', 89, -1, -1),
(1242, 'Karirimvya', 378, -1, -1),
(1243, 'Karoba', 198, -1, -1),
(1244, 'Karonge', 117, -1, -1),
(1245, 'Karonge', 214, -1, -1),
(1246, 'Karonge', 388, -1, -1),
(1247, 'Karugamba', 190, -1, -1),
(1248, 'Karugunda', 126, -1, -1),
(1249, 'Karunga', 4, -1, -1),
(1250, 'Karunyinya', 23, -1, -1),
(1251, 'Karunyinya', 264, -1, -1),
(1252, 'Karuri', 25, -1, -1),
(1253, 'Karurusi', 210, -1, -1),
(1254, 'Karwa', 1, -1, -1),
(1255, 'Karwa', 122, -1, -1),
(1256, 'Kaserege', 376, -1, -1),
(1257, 'Kavoga', 376, -1, -1),
(1258, 'Kavogero', 177, -1, -1),
(1259, 'Kavomo', 178, -1, -1),
(1260, 'Kavugangoma', 343, -1, -1),
(1261, 'Kavumu', 34, -1, -1),
(1262, 'Kavumu', 215, -1, -1),
(1263, 'Kavumu', 261, -1, -1),
(1264, 'Kavumu', 277, -1, -1),
(1265, 'Kavumu', 282, -1, -1),
(1266, 'Kavumu', 346, -1, -1),
(1267, 'Kavumu', 355, -1, -1),
(1268, 'Kavumwe', 295, -1, -1),
(1269, 'Kavuvuma', 336, -1, -1),
(1270, 'Kavya', 15, -1, -1),
(1271, 'Kayange', 271, -1, -1),
(1272, 'Kayange', 286, -1, -1),
(1273, 'Kayenzi', 281, -1, -1),
(1274, 'Kayoba', 194, -1, -1),
(1275, 'Kayogoro', 313, -1, -1),
(1276, 'Kayombe', 14, -1, -1),
(1277, 'Kayove', 151, -1, -1),
(1278, 'kayove', 205, -1, -1),
(1279, 'Kayoyo', 239, -1, -1),
(1280, 'Kazeba', 119, -1, -1),
(1281, 'Kazigo', 189, -1, -1),
(1282, 'Kazimya', 9, -1, -1),
(1283, 'Kazirabageni', 156, -1, -1),
(1284, 'Kejari', 231, -1, -1),
(1285, 'Kibagara', 149, -1, -1),
(1286, 'Kibago', 157, -1, -1),
(1287, 'Kibakwe', 376, -1, -1),
(1288, 'Kibanda', 219, -1, -1),
(1289, 'Kibande', 67, -1, -1),
(1290, 'Kibande', 80, -1, -1),
(1291, 'Kibande', 142, -1, -1),
(1292, 'Kibande', 176, -1, -1),
(1293, 'Kibande', 188, -1, -1),
(1294, 'Kibande', 288, -1, -1),
(1295, 'Kibande', 320, -1, -1),
(1296, 'Kibara', 5, -1, -1),
(1297, 'Kibari', 170, -1, -1),
(1298, 'Kibaribari', 210, -1, -1),
(1299, 'Kibasi', 11, -1, -1),
(1300, 'Kibati', 206, -1, -1),
(1301, 'Kibati', 348, -1, -1),
(1302, 'Kibavu', 345, -1, -1),
(1303, 'KibayaI(Ndora)', 296, -1, -1),
(1304, 'KibayaII', 77, -1, -1),
(1305, 'Kibaya', 149, -1, -1),
(1306, 'Kibayi', 210, -1, -1),
(1307, 'Kibazi', 167, -1, -1),
(1308, 'Kibenga', 122, -1, -1),
(1309, 'Kibenga', 169, -1, -1),
(1310, 'Kibenga', 210, -1, -1),
(1311, 'Kibenga', 286, -1, -1),
(1312, 'Kibenga-Migende', 279, -1, -1),
(1313, 'Kibenga-Murehe', 279, -1, -1),
(1314, 'Kibere', 145, -1, -1),
(1315, 'Kibezi', 80, -1, -1),
(1316, 'Kibezi', 104, -1, -1),
(1317, 'Kibezi', 158, -1, -1),
(1318, 'Kibimba', 26, -1, -1),
(1319, 'Kibimba', 54, -1, -1),
(1320, 'Kibimba', 114, -1, -1),
(1321, 'Kibimba', 133, -1, -1),
(1322, 'Kibimba', 152, -1, -1),
(1323, 'Kibimba', 187, -1, -1),
(1324, 'Kibimba', 236, -1, -1),
(1325, 'Kibimba', 240, -1, -1),
(1326, 'Kibimba', 359, -1, -1),
(1327, 'Kibingo', 123, -1, -1),
(1328, 'Kibingo', 261, -1, -1),
(1329, 'Kibira', 147, -1, -1),
(1330, 'Kibiri', 252, -1, -1),
(1331, 'Kibogoye', 99, -1, -1),
(1332, 'Kibogoye', 102, -1, -1),
(1333, 'Kibogoye', 108, -1, -1),
(1334, 'Kibogoye', 154, -1, -1),
(1335, 'Kibogoye', 250, -1, -1),
(1336, 'Kibogoye', 281, -1, -1),
(1337, 'Kibonde', 111, -1, -1),
(1338, 'Kibongera', 183, -1, -1),
(1339, 'Kibongera', 281, -1, -1),
(1340, 'Kibonobono', 19, -1, -1),
(1341, 'Kibuba', 132, -1, -1),
(1342, 'Kibumbu', 20, -1, -1),
(1343, 'Kibumbwe', 307, -1, -1),
(1344, 'Kibungere', 159, -1, -1),
(1345, 'Kibungo', 16, -1, -1),
(1347, 'Kibungo', 250, -1, -1),
(1348, 'Kibuye', 18, -1, -1),
(1349, 'Kibuye', 32, -1, -1),
(1350, 'Kibuye', 160, -1, -1),
(1351, 'Kibuye', 349, -1, -1),
(1352, 'Kibwirwa', 288, -1, -1),
(1353, 'Kidahwe', 347, -1, -1),
(1354, 'Kidasha', 18, -1, -1),
(1355, 'Kidasha', 375, -1, -1),
(1356, 'Kidasha', 379, -1, -1),
(1357, 'Kiderege', 156, -1, -1),
(1358, 'Kididiri', 213, -1, -1),
(1359, 'Kididiri', 263, -1, -1),
(1360, 'Kidunduri', 135, -1, -1),
(1361, 'Kiga', 195, -1, -1),
(1362, 'Kigabiro', 90, -1, -1),
(1363, 'Kigabiro', 384, -1, -1),
(1364, 'Kigaga', 306, -1, -1),
(1365, 'Kigajo', 183, -1, -1),
(1366, 'Kigamba', 161, -1, -1),
(1367, 'Kigamba', 316, -1, -1),
(1368, 'Kigamba', 373, -1, -1),
(1369, 'Kigamba', 153, -1, -1),
(1370, 'Kiganda', 10, -1, -1),
(1371, 'Kigangabuko', 134, -1, -1),
(1372, 'Kigara', 335, -1, -1),
(1373, 'Kigarama', 60, -1, -1),
(1374, 'Kigarama', 309, -1, -1),
(1375, 'Kigarika', 67, -1, -1),
(1376, 'Kigati', 108, -1, -1),
(1377, 'Kigaza', 76, -1, -1),
(1378, 'Kigereka', 30, -1, -1),
(1380, 'Kigeri', 132, -1, -1),
(1381, 'Kigina–Mugomera', 390, -1, -1),
(1382, 'Kigina', 162, -1, -1),
(1383, 'Kigina', 163, -1, -1),
(1384, 'Kigina', 211, -1, -1),
(1385, 'Kigina', 412, -1, -1),
(1386, 'Kigo', 334, -1, -1),
(1387, 'Kigobe', 68, -1, -1),
(1388, 'Kigoganya', 174, -1, -1),
(1389, 'Kigoma', 25, -1, -1),
(1390, 'Kigoma', 93, -1, -1),
(1391, 'Kigoma', 164, -1, -1),
(1392, 'Kigomagoma', 234, -1, -1),
(1393, 'Kigombe', 388, -1, -1),
(1394, 'Kigomera', 315, -1, -1),
(1395, 'Kigomero', 385, -1, -1),
(1396, 'Kigozi', 6, -1, -1),
(1397, 'Kigozi', 122, -1, -1),
(1398, 'Kigufi', 17, -1, -1),
(1399, 'Kigufi', 213, -1, -1),
(1400, 'Kigufi', 315, -1, -1),
(1401, 'Kiguhu', 165, -1, -1),
(1402, 'Kigume', 301, -1, -1),
(1403, 'Kigunda', 101, -1, -1),
(1404, 'Kigunga', 203, -1, -1),
(1405, 'Kiguruka', 106, -1, -1),
(1406, 'Kigusu', 66, -1, -1),
(1407, 'Kigutu', 115, -1, -1),
(1408, 'Kigwandi', 303, -1, -1),
(1409, 'KigwatiI', 354, -1, -1),
(1410, 'KigwatiII', 354, -1, -1),
(1411, 'Kigwati', 322, -1, -1),
(1412, 'Kijima', 285, -1, -1),
(1413, 'Kijumbura', 205, -1, -1),
(1414, 'Kijuri', 37, -1, -1),
(1415, 'Kimagara', 355, -1, -1),
(1416, 'Kimanama', 227, -1, -1),
(1417, 'Kimanga', 174, -1, -1),
(1418, 'Kimeza', 167, -1, -1),
(1419, 'Kimina', 226, -1, -1),
(1420, 'Kinama', 89, -1, -1),
(1421, 'Kinama', 116, -1, -1),
(1422, 'Kizunga', 208, -1, -1),
(1423, 'Kinama', 229, -1, -1),
(1425, 'KinaniraI', 266, -1, -1),
(1426, 'KinaniraII', 266, -1, -1),
(1427, 'KinaniraIII', 266, -1, -1),
(1428, 'Kinanira', 116, -1, -1),
(1429, 'Kinanira', 386, -1, -1),
(1430, 'Kinazi', 346, -1, -1),
(1431, 'Kinga', 150, -1, -1),
(1432, 'Kinganda', 118, -1, -1),
(1433, 'Kinindo', 169, -1, -1),
(1434, 'Kinoso', 138, -1, -1),
(1435, 'Kinwa', 179, -1, -1),
(1436, 'Kinyami', 87, -1, -1),
(1437, 'Mwumba', 208, -1, -1),
(1438, 'Kinyami', 218, -1, -1),
(1439, 'Kinyami', 386, -1, -1),
(1440, 'Kinyamukizi', 137, -1, -1),
(1441, 'Kinyangurube', 178, -1, -1),
(1442, 'KinyinyaIGatumba', 97, -1, -1),
(1443, 'KinyinyaIRukaramu', 354, -1, -1),
(1444, 'KinyinyaIIGatumba', 97, -1, -1),
(1445, 'KinyinyaIIRukaramu', 354, -1, -1),
(1446, 'KinyinyaIIIRukaramu', 354, -1, -1),
(1447, 'Kinyinya', 88, -1, -1),
(1448, 'Kinyinya', 170, -1, -1),
(1449, 'Kinyinya', 379, -1, -1),
(1450, 'Kinyonga', 79, -1, -1),
(1451, 'Kinyonza', 260, -1, -1),
(1452, 'Kinyonzo', 149, -1, -1),
(1453, 'Kinyonzo', 285, -1, -1),
(1454, 'Kinyota', 281, -1, -1),
(1455, 'Kinyota', 333, -1, -1),
(1456, 'Kinyovu', 139, -1, -1),
(1457, 'Kinyovu', 233, -1, -1),
(1458, 'Kinyovu', 359, -1, -1),
(1459, 'Masara', 370, -1, -1),
(1460, 'Kinzanza', 171, -1, -1),
(1461, 'Kinzobe', 137, -1, -1),
(1462, 'Kirama', 194, -1, -1),
(1463, 'Kirama', 229, -1, -1),
(1464, 'Kiramahira', 106, -1, -1),
(1465, 'Kirambi', 99, -1, -1),
(1466, 'Kirambi', 108, -1, -1),
(1467, 'Kirambi', 159, -1, -1),
(1468, 'Kirambi', 172, -1, -1),
(1469, 'Kirambi', 195, -1, -1),
(1470, 'Kirambi', 262, -1, -1),
(1471, 'Kirambi', 362, -1, -1),
(1473, 'Kiramira', 173, -1, -1),
(1474, 'Kiranda', 17, -1, -1),
(1475, 'Kirangara', 351, -1, -1),
(1476, 'Kirare', 330, -1, -1),
(1477, 'Kiraro', 34, -1, -1),
(1478, 'Kirasira', 53, -1, -1),
(1479, 'Kiravumba', 247, -1, -1),
(1480, 'Kirehe', 135, -1, -1),
(1481, 'Kireka', 116, -1, -1),
(1482, 'KirekuraTR12', 200, -1, -1),
(1483, 'KirekuraTR13', 200, -1, -1),
(1484, 'KirekuraTR14', 200, -1, -1),
(1485, 'KirekuraTR15', 200, -1, -1),
(1486, 'Kirema', 150, -1, -1),
(1487, 'Kiremba-Rural', 283, -1, -1),
(1488, 'Kiremba-Ville', 283, -1, -1),
(1489, 'Kiremba', 119, -1, -1),
(1490, 'Kiremba', 174, -1, -1),
(1491, 'Kiremba', 175, -1, -1),
(1493, 'Kirembera', 211, -1, -1),
(1494, 'Kiremera', 80, -1, -1),
(1495, 'Kiremera', 102, -1, -1),
(1496, 'Kirengane', 286, -1, -1),
(1497, 'Kiri', 185, -1, -1),
(1498, 'Kiriba', 176, -1, -1),
(1499, 'Kirika', 20, -1, -1),
(1500, 'Kirika', 339, -1, -1),
(1501, 'Kirima', 34, -1, -1),
(1502, 'Kirimba', 218, -1, -1),
(1503, 'Kiringanire', 75, -1, -1),
(1504, 'Kirinzi', 344, -1, -1),
(1505, 'Kirinzi', 390, -1, -1),
(1506, 'Kiriri-Vugizo', 338, -1, -1),
(1507, 'Kirombwe', 242, -1, -1),
(1508, 'Kirombwe', 282, -1, -1),
(1509, 'Kiruhura', 67, -1, -1),
(1510, 'Kiruhura', 385, -1, -1),
(1511, 'Kirungu', 115, -1, -1),
(1512, 'Kirungu', 317, -1, -1),
(1513, 'Kiryama', 89, -1, -1),
(1514, 'Kiryama', 179, -1, -1),
(1515, 'Kiryama', 281, -1, -1),
(1516, 'Kiryama', 309, -1, -1),
(1517, 'Kiryama', 310, -1, -1),
(1518, 'Kivo', 93, -1, -1),
(1519, 'Kivoga', 79, -1, -1),
(1520, 'Kivoga', 118, -1, -1),
(1521, 'Kivoga', 249, -1, -1),
(1522, 'Kivoga', 251, -1, -1),
(1523, 'Kivoga', 267, -1, -1),
(1524, 'Kivoga', 339, -1, -1),
(1525, 'Kivoga', 351, -1, -1),
(1526, 'Kivoga', 379, -1, -1),
(1527, 'Kivogero', 30, -1, -1),
(1528, 'Kivoma', 324, -1, -1),
(1529, 'Kivomwa', 277, -1, -1),
(1530, 'Kivubo', 74, -1, -1),
(1531, 'Kivubo', 174, -1, -1),
(1532, 'Kivumu', 3, -1, -1),
(1533, 'Kivumu', 86, -1, -1),
(1534, 'Kivumu', 161, -1, -1),
(1535, 'Kivumu', 180, -1, -1),
(1536, 'Kivumu', 232, -1, -1),
(1537, 'Kivumu', 345, -1, -1),
(1538, 'Kivumvu', 24, -1, -1),
(1539, 'Kivuruga', 92, -1, -1),
(1540, 'Kivuvu', 135, -1, -1),
(1541, 'Kivuvu', 275, -1, -1),
(1542, 'Kivuvuma', 336, -1, -1),
(1544, 'Kivuzo', 225, -1, -1),
(1546, 'Kivuzo', 311, -1, -1),
(1547, 'Kivyiru', 256, -1, -1),
(1548, 'Kiyabu', 262, -1, -1),
(1549, 'Kiyange', 67, -1, -1),
(1550, 'Kiyange', 80, -1, -1),
(1551, 'Kiyange', 182, -1, -1),
(1552, 'Kiyange', 198, -1, -1),
(1553, 'Kiyange', 234, -1, -1),
(1554, 'Kiyange', 323, -1, -1),
(1555, 'Kiyange', 333, -1, -1),
(1556, 'Kiyange', 334, -1, -1),
(1557, 'Kiyanza', 178, -1, -1),
(1558, 'Kiyanza', 183, -1, -1),
(1559, 'Kiyazi', 113, -1, -1),
(1560, 'Kiyege', 359, -1, -1),
(1561, 'Kiyonza', 185, -1, -1),
(1562, 'Kizi', 174, -1, -1),
(1563, 'Kizi', 195, -1, -1),
(1564, 'Kiziba', 68, -1, -1),
(1565, 'Kiziba', 181, -1, -1),
(1566, 'Kiziba', 223, -1, -1),
(1567, 'Kizigama', 351, -1, -1),
(1568, 'Kiziguro', 332, -1, -1),
(1569, 'Kizina', 100, -1, -1),
(1570, 'Kizingoma', 104, -1, -1),
(1571, 'Kizingoma', 138, -1, -1),
(1572, 'Kizingwe-Bihara', 148, -1, -1),
(1573, 'Kizuka', 186, -1, -1),
(1574, 'Karama', 163, -1, -1),
(1575, 'Kizuga', 370, -1, -1),
(1576, 'Kobero', 319, -1, -1),
(1577, 'Korane', 102, -1, -1),
(1578, 'Kugitega', 99, -1, -1),
(1579, 'Kumana', 321, -1, -1),
(1580, 'Kwibuye', 281, -1, -1),
(1581, 'Kwigere', 4, -1, -1),
(1582, 'MabandaRuraletUrbain', 187, -1, -1),
(1583, 'Mabanza', 276, -1, -1),
(1584, 'Mabaya', 10, -1, -1),
(1585, 'Macu', 129, -1, -1),
(1586, 'Mafu', 269, -1, -1),
(1587, 'Mafuro', 86, -1, -1),
(1588, 'Magamba', 23, -1, -1),
(1589, 'Magamba', 250, -1, -1),
(1590, 'Magamba', 261, -1, -1),
(1591, 'Magana', 197, -1, -1),
(1592, 'Magana', 218, -1, -1),
(1593, 'Maganahe', 219, -1, -1),
(1594, 'MagaraI', 189, -1, -1),
(1595, 'MagaraII', 189, -1, -1),
(1596, 'Magarama', 124, -1, -1),
(1597, 'Magarure', 203, -1, -1),
(1598, 'Magembe', 80, -1, -1),
(1599, 'Mageni', 281, -1, -1),
(1600, 'Mageyo', 47, -1, -1),
(1601, 'Mageyo', 190, -1, -1),
(1602, 'Mago', 98, -1, -1),
(1603, 'Mago', 317, -1, -1),
(1604, 'Mahande', 299, -1, -1),
(1605, 'Mahango', 110, -1, -1),
(1606, 'Mahembe', 117, -1, -1),
(1607, 'Mahonda', 41, -1, -1),
(1608, 'Mahonda', 125, -1, -1),
(1609, 'Mahonda', 149, -1, -1),
(1610, 'Mahonda', 191, -1, -1),
(1611, 'Mahonda', 346, -1, -1),
(1612, 'Mahonda', 359, -1, -1),
(1613, 'Mahwa', 192, -1, -1),
(1614, 'MakambaI', 194, -1, -1),
(1615, 'MakambaII', 194, -1, -1),
(1616, 'Makamba', 195, -1, -1),
(1617, 'Makebuko', 196, -1, -1),
(1618, 'Makombe', 218, -1, -1),
(1619, 'Makombe', 233, -1, -1),
(1620, 'Manege', 265, -1, -1),
(1621, 'Manga', 132, -1, -1),
(1622, 'Mangoma', 230, -1, -1),
(1623, 'Manini', 376, -1, -1),
(1624, 'Mara', 187, -1, -1),
(1625, 'MaramvyaI,TR15', 200, -1, -1),
(1626, 'MaramvyaII,TR14', 200, -1, -1),
(1627, 'MaramvyaIII,TR13', 200, -1, -1),
(1628, 'MaramvyaIV,TR12', 200, -1, -1),
(1629, 'Maramvya', 118, -1, -1),
(1630, 'Maramvya', 122, -1, -1),
(1631, 'Maramvya', 171, -1, -1),
(1632, 'Maramvya', 197, -1, -1),
(1633, 'Maramvya', 289, -1, -1),
(1634, 'Maramvya', 351, -1, -1),
(1635, 'Maranga', 61, -1, -1),
(1636, 'Marembo', 3, -1, -1),
(1637, 'Marembo', 111, -1, -1),
(1638, 'Mariza', 233, -1, -1),
(1639, 'Martyazo', 34, -1, -1),
(1640, 'Martyazo', 113, -1, -1),
(1641, 'Martyazo', 159, -1, -1),
(1642, 'Martyazo', 174, -1, -1),
(1643, 'Martyazo', 359, -1, -1),
(1644, 'Marumpu', 44, -1, -1),
(1645, 'Maruri', 86, -1, -1),
(1646, 'Maruri', 137, -1, -1),
(1647, 'Masaka', 205, -1, -1),
(1648, 'MasamaI', 319, -1, -1),
(1649, 'Masama', 20, -1, -1),
(1650, 'Masama', 212, -1, -1),
(1651, 'Masama', 222, -1, -1),
(1652, 'Masama-Buhiga', 302, -1, -1),
(1653, 'Masama-Mubogora', 225, -1, -1),
(1654, 'Masama-Muhanga', 240, -1, -1),
(1655, 'Masango', 146, -1, -1),
(1656, 'Masango', 206, -1, -1),
(1657, 'Masango', 259, -1, -1),
(1658, 'Masango', 273, -1, -1),
(1659, 'Masanze', 199, -1, -1),
(1660, 'Kinyovu', 123, -1, -1),
(1661, 'Masare', 33, -1, -1),
(1662, 'Masare', 280, -1, -1),
(1663, 'Masasu', 89, -1, -1),
(1664, 'Masasu', 175, -1, -1),
(1665, 'Masasu', 176, -1, -1),
(1666, 'Masazi', 12, -1, -1),
(1667, 'Burima I', 128, -1, -1),
(1668, 'Masha', 48, -1, -1),
(1669, 'Masha', 265, -1, -1),
(1670, 'Mashiga', 120, -1, -1),
(1671, 'Mashitsi', 320, -1, -1),
(1672, 'Mashunzi', 339, -1, -1),
(1673, 'Masoro', 267, -1, -1),
(1674, 'Mataka', 107, -1, -1),
(1675, 'Matana', 207, -1, -1),
(1676, 'Matara', 208, -1, -1),
(1677, 'Matongo', 2, -1, -1),
(1678, 'Matongo', 294, -1, -1),
(1679, 'Mayange', 5, -1, -1),
(1680, 'Mayanza', 170, -1, -1),
(1681, 'Mugendo', 163, -1, -1),
(1682, 'Mayengo', 166, -1, -1),
(1684, 'Mayenzi', 369, -1, -1),
(1685, 'Mayuki', 28, -1, -1),
(1686, 'Mayuyu', 209, -1, -1),
(1687, 'Maza', 191, -1, -1),
(1688, 'Mazuru', 220, -1, -1),
(1689, 'Mbare', 308, -1, -1),
(1690, 'Mbasi', 385, -1, -1),
(1691, 'Mbasi', 389, -1, -1),
(1692, 'Mbirizi', 210, -1, -1),
(1693, 'Mbizi', 157, -1, -1),
(1694, 'Mbizi', 388, -1, -1),
(1695, 'Mbogwe', 199, -1, -1),
(1696, 'Mboza', 372, -1, -1),
(1697, 'Mburi', 65, -1, -1),
(1698, 'Mbuye', 165, -1, -1),
(1700, 'Mibanda', 186, -1, -1),
(1701, 'Mibanga', 155, -1, -1),
(1702, 'Mibazi', 199, -1, -1),
(1703, 'Migano', 32, -1, -1),
(1704, 'Migege', 137, -1, -1),
(1705, 'Migege', 362, -1, -1),
(1706, 'Migende', 301, -1, -1),
(1707, 'Migende', 316, -1, -1),
(1708, 'Migera', 212, -1, -1),
(1709, 'Migera', 277, -1, -1),
(1710, 'Migera', 378, -1, -1),
(1711, 'Migezi', 211, -1, -1),
(1712, 'Migongo', 18, -1, -1),
(1713, 'Migongo', 182, -1, -1),
(1714, 'Migunga', 89, -1, -1),
(1715, 'Mihama', 12, -1, -1),
(1717, 'Mihama', 218, -1, -1),
(1718, 'Mihigo', 150, -1, -1),
(1719, 'Mihigo', 213, -1, -1),
(1720, 'Mihigo', 306, -1, -1),
(1721, 'Mihigo', 386, -1, -1),
(1723, 'Mihongo', 330, -1, -1),
(1724, 'Mika', 230, -1, -1),
(1725, 'Mikamba', 37, -1, -1);
INSERT INTO `syst_collines` (`COLLINE_ID`, `COLLINE_NAME`, `ZONE_ID`, `LATITUDE`, `LONGITUDE`) VALUES
(1726, 'Mikoni', 77, -1, -1),
(1727, 'Mikoni', 79, -1, -1),
(1728, 'Mikore', 231, -1, -1),
(1729, 'Mikuba', 304, -1, -1),
(1730, 'Minago', 214, -1, -1),
(1731, 'Minyago', 27, -1, -1),
(1732, 'Mirama', 227, -1, -1),
(1733, 'Mirama', 235, -1, -1),
(1734, 'Mirama', 282, -1, -1),
(1735, 'Mirambagizo', 84, -1, -1),
(1736, 'Mirango', 115, -1, -1),
(1737, 'Mirango', 269, -1, -1),
(1738, 'Mirango', 377, -1, -1),
(1739, 'Mirehe', 219, -1, -1),
(1740, 'Miremera', 352, -1, -1),
(1741, 'Mirombero', 265, -1, -1),
(1742, 'Mirwa', 3, -1, -1),
(1743, 'Mirwa', 36, -1, -1),
(1744, 'Mishiha', 254, -1, -1),
(1745, 'Misugi', 387, -1, -1),
(1746, 'Mitakataka', 216, -1, -1),
(1747, 'Miterama', 311, -1, -1),
(1748, 'Mitimire', 133, -1, -1),
(1749, 'Mivo', 153, -1, -1),
(1750, 'Mizuga', 75, -1, -1),
(1751, 'Mpame', 12, -1, -1),
(1752, 'Mpanda=V5', 39, -1, -1),
(1753, 'Mpanga', 137, -1, -1),
(1754, 'Mpanuka', 294, -1, -1),
(1755, 'MparamboI', 350, -1, -1),
(1756, 'MparamboII', 350, -1, -1),
(1757, 'Mparamirundi', 218, -1, -1),
(1758, 'Mpemba', 2, -1, -1),
(1759, 'Mpfunda', 46, -1, -1),
(1760, 'Mpfunda', 376, -1, -1),
(1761, 'Mpinga', 117, -1, -1),
(1762, 'Mpinga', 219, -1, -1),
(1763, 'Mpingwe', 32, -1, -1),
(1764, 'Mpishi', 271, -1, -1),
(1765, 'Mpondogoto', 355, -1, -1),
(1766, 'Mpota', 158, -1, -1),
(1767, 'Mpumbu', 359, -1, -1),
(1768, 'Mpungwe', 232, -1, -1),
(1769, 'Mubanga', 123, -1, -1),
(1770, 'Mubavu', 222, -1, -1),
(1771, 'Mubaya', 347, -1, -1),
(1772, 'Mubimbi', 223, -1, -1),
(1773, 'Mubira', 224, -1, -1),
(1774, 'Mubira', 318, -1, -1),
(1775, 'Mubira', 353, -1, -1),
(1776, 'Mubondo', 153, -1, -1),
(1777, 'Mubone', 123, -1, -1),
(1778, 'Mubone', 226, -1, -1),
(1779, 'Mubuga', 7, -1, -1),
(1780, 'Mubuga', 20, -1, -1),
(1781, 'Mubuga', 82, -1, -1),
(1782, 'Mubuga', 133, -1, -1),
(1783, 'Mubuga', 227, -1, -1),
(1784, 'Mubuga', 311, -1, -1),
(1785, 'Muciro', 376, -1, -1),
(1786, 'Mudahandwa', 41, -1, -1),
(1787, 'Mudaturwa', 5, -1, -1),
(1788, 'Mudende', 229, -1, -1),
(1789, 'Mudusi', 210, -1, -1),
(1790, 'Mufigi', 267, -1, -1),
(1791, 'Mufumya', 46, -1, -1),
(1792, 'Mugano', 191, -1, -1),
(1793, 'Mugano', 207, -1, -1),
(1794, 'Mugano', 230, -1, -1),
(1795, 'Munago', 250, -1, -1),
(1796, 'Muganza', 108, -1, -1),
(1797, 'Muganza', 219, -1, -1),
(1798, 'Muganza', 345, -1, -1),
(1799, 'Muganza', 376, -1, -1),
(1800, 'Mugara', 94, -1, -1),
(1801, 'Mugaruro', 231, -1, -1),
(1802, 'Mugege', 232, -1, -1),
(1803, 'Mugenda', 66, -1, -1),
(1804, 'Mugende', 307, -1, -1),
(1805, 'Mugendo-Ndengo', 318, -1, -1),
(1806, 'Mugendo', 189, -1, -1),
(1808, 'Mugendo-Ruko', 318, -1, -1),
(1809, 'Mugeni', 234, -1, -1),
(1810, 'Mugera', 135, -1, -1),
(1811, 'Mugera', 236, -1, -1),
(1812, 'Mugerama', 331, -1, -1),
(1813, 'Mugeregere', 5, -1, -1),
(1814, 'Mugerera', 175, -1, -1),
(1815, 'Mugero', 323, -1, -1),
(1816, 'Mugero', 360, -1, -1),
(1817, 'Mugimbu', 256, -1, -1),
(1818, 'Mugimbu', 299, -1, -1),
(1819, 'Mugina', 44, -1, -1),
(1820, 'Mugirampeke', 269, -1, -1),
(1821, 'Mugitega', 16, -1, -1),
(1822, 'Mugobe', 247, -1, -1),
(1823, 'Mugoboka', 204, -1, -1),
(1824, 'Mugoboka', 252, -1, -1),
(1825, 'Mugogo', 104, -1, -1),
(1826, 'Mugogo', 224, -1, -1),
(1827, 'Mugoma', 280, -1, -1),
(1828, 'Mugombarima', 271, -1, -1),
(1829, 'Mugombwa', 81, -1, -1),
(1830, 'Mugomera', 99, -1, -1),
(1831, 'Mugomere', 357, -1, -1),
(1832, 'Mugondo', 238, -1, -1),
(1833, 'Mugongo', 67, -1, -1),
(1834, 'Mugongo', 135, -1, -1),
(1835, 'Mugongo', 167, -1, -1),
(1836, 'Mugongo', 239, -1, -1),
(1837, 'Mugoyi', 131, -1, -1),
(1838, 'Mugoyi', 132, -1, -1),
(1839, 'Mugozi', 41, -1, -1),
(1840, 'Mugozi', 66, -1, -1),
(1841, 'Mugozi', 313, -1, -1),
(1842, 'Mugu', 388, -1, -1),
(1843, 'Mugumure', 278, -1, -1),
(1844, 'Muguruka', 5, -1, -1),
(1845, 'Mugutu', 117, -1, -1),
(1846, 'Mugutu', 125, -1, -1),
(1847, 'Muhaganya', 277, -1, -1),
(1848, 'Muhagaze', 231, -1, -1),
(1849, 'Muhanda', 40, -1, -1),
(1850, 'Muhanga', 240, -1, -1),
(1851, 'Muhanza', 57, -1, -1),
(1852, 'Muheka', 241, -1, -1),
(1853, 'Muhene', 232, -1, -1),
(1854, 'Muhenga', 57, -1, -1),
(1855, 'Muhigo', 310, -1, -1),
(1856, 'Muhindo', 116, -1, -1),
(1857, 'Muhingira', 92, -1, -1),
(1858, 'Muhororo', 33, -1, -1),
(1859, 'Muhororo', 190, -1, -1),
(1860, 'Muhororo', 260, -1, -1),
(1861, 'Muhororo', 334, -1, -1),
(1862, 'Mihororo', 368, -1, -1),
(1863, 'Muhungu', 47, -1, -1),
(1864, 'Muhuta', 242, -1, -1),
(1865, 'Muhuzu', 214, -1, -1),
(1866, 'Muhuzu', 313, -1, -1),
(1867, 'Muhweza', 25, -1, -1),
(1868, 'Muhweza', 66, -1, -1),
(1869, 'Muhweza', 245, -1, -1),
(1870, 'Muhweza', 312, -1, -1),
(1871, 'Muhweza', 380, -1, -1),
(1872, 'Mujejuru', 231, -1, -1),
(1873, 'Mujenjwa', 365, -1, -1),
(1874, 'Mujigo', 276, -1, -1),
(1875, 'Mukaka', 28, -1, -1),
(1876, 'Mukanda', 227, -1, -1),
(1877, 'MukenkeRural', 246, -1, -1),
(1878, 'MukenkeUrbain', 246, -1, -1),
(1879, 'Mukerezi', 136, -1, -1),
(1880, 'Mukerwa', 247, -1, -1),
(1881, 'Mukimba', 248, -1, -1),
(1882, 'Mukingo', 5, -1, -1),
(1883, 'Mukoma', 188, -1, -1),
(1884, 'Mukoni', 230, -1, -1),
(1885, 'Mukoni', 281, -1, -1),
(1886, 'Musenyi', 314, -1, -1),
(1887, 'Mukubano', 278, -1, -1),
(1888, 'Mukungu', 183, -1, -1),
(1889, 'Mukungu', 248, -1, -1),
(1890, 'Mukunguza', 343, -1, -1),
(1891, 'Munagano', 80, -1, -1),
(1892, 'Munagano', 249, -1, -1),
(1893, 'MunaniraI', 367, -1, -1),
(1894, 'MunaniraII', 367, -1, -1),
(1895, 'Munanira', 181, -1, -1),
(1896, 'Munanira', 251, -1, -1),
(1897, 'Munanira', 339, -1, -1),
(1898, 'Munazi', 93, -1, -1),
(1899, 'Munazi', 134, -1, -1),
(1900, 'Munege', 135, -1, -1),
(1901, 'Mungwa', 252, -1, -1),
(1902, 'Munini', 2, -1, -1),
(1903, 'Munini', 180, -1, -1),
(1904, 'Munini', 210, -1, -1),
(1905, 'Munini', 253, -1, -1),
(1906, 'Munonotsi', 112, -1, -1),
(1907, 'MunyikaI', 350, -1, -1),
(1908, 'MunyikaII', 350, -1, -1),
(1909, 'Munyinya', 35, -1, -1),
(1910, 'Munyinya', 62, -1, -1),
(1911, 'Munyinya', 139, -1, -1),
(1912, 'Munyinya', 247, -1, -1),
(1913, 'Munyinya', 285, -1, -1),
(1914, 'Munyinya', 303, -1, -1),
(1915, 'Munyinya', 315, -1, -1),
(1916, 'Munyinya', 347, -1, -1),
(1917, 'Munzenze', 254, -1, -1),
(1918, 'Mura', 101, -1, -1),
(1919, 'Murago', 41, -1, -1),
(1920, 'Murago', 60, -1, -1),
(1921, 'Murago', 92, -1, -1),
(1922, 'Murago', 104, -1, -1),
(1923, 'Murago', 150, -1, -1),
(1924, 'Murago', 198, -1, -1),
(1925, 'Murago', 370, -1, -1),
(1926, 'Murama', 178, -1, -1),
(1928, 'Murama', 149, -1, -1),
(1929, 'Murama', 211, -1, -1),
(1930, 'Murama', 311, -1, -1),
(1931, 'Murama', 319, -1, -1),
(1932, 'Murama', 346, -1, -1),
(1933, 'Murama', 386, -1, -1),
(1934, 'Murama-Rugwe', 29, -1, -1),
(1935, 'Muramba', 17, -1, -1),
(1936, 'Muramba', 34, -1, -1),
(1937, 'Muramba', 83, -1, -1),
(1938, 'Muramba', 144, -1, -1),
(1939, 'Muramba', 178, -1, -1),
(1940, 'Muramba', 256, -1, -1),
(1941, 'Muramba', 317, -1, -1),
(1942, 'Murambi', 2, -1, -1),
(1943, 'Murambi', 31, -1, -1),
(1944, 'Murambi', 40, -1, -1),
(1945, 'Murambi', 84, -1, -1),
(1946, 'Murambi', 111, -1, -1),
(1947, 'Murambi', 117, -1, -1),
(1948, 'Murambi', 128, -1, -1),
(1949, 'Murambi', 258, -1, -1),
(1950, 'Murambi', 355, -1, -1),
(1951, 'Murambi', 359, -1, -1),
(1952, 'Muramvya(C.UrbainetRural)', 259, -1, -1),
(1953, 'Muramvya', 168, -1, -1),
(1954, 'Murangara', 313, -1, -1),
(1955, 'Murango', 117, -1, -1),
(1956, 'Murara', 81, -1, -1),
(1957, 'Murara', 358, -1, -1),
(1958, 'Murarambwe', 364, -1, -1),
(1959, 'Murayi', 133, -1, -1),
(1960, 'Mureba', 317, -1, -1),
(1961, 'Murehe', 90, -1, -1),
(1962, 'Murehe', 215, -1, -1),
(1963, 'Murehe', 287, -1, -1),
(1964, 'Murehe', 313, -1, -1),
(1965, 'Murehe', 317, -1, -1),
(1966, 'Murembera', 81, -1, -1),
(1967, 'Muremera', 46, -1, -1),
(1968, 'Muremera', 96, -1, -1),
(1969, 'Muremera', 102, -1, -1),
(1970, 'Muremera', 213, -1, -1),
(1971, 'Muremera', 293, -1, -1),
(1972, 'Murenda', 260, -1, -1),
(1974, 'Murenge', 358, -1, -1),
(1975, 'Murengera', 77, -1, -1),
(1976, 'Murengeza', 268, -1, -1),
(1977, 'Muresi', 194, -1, -1),
(1978, 'Murima', 261, -1, -1),
(1979, 'Murinda', 220, -1, -1),
(1980, 'Murira=V2', 100, -1, -1),
(1981, 'Muririmbo', 273, -1, -1),
(1982, 'Murirwe', 227, -1, -1),
(1983, 'Muriza', 262, -1, -1),
(1984, 'Murore', 263, -1, -1),
(1985, 'Murunga', 131, -1, -1),
(1986, 'Muruta', 87, -1, -1),
(1987, 'Muruta', 264, -1, -1),
(1988, 'Murwi', 265, -1, -1),
(1989, 'Musagara', 106, -1, -1),
(1990, 'Musakazi', 269, -1, -1),
(1991, 'MusamaII', 319, -1, -1),
(1992, 'Musama', 133, -1, -1),
(1993, 'Musama', 148, -1, -1),
(1994, 'Musama', 154, -1, -1),
(1995, 'Musanga', 112, -1, -1),
(1996, 'Musanga', 175, -1, -1),
(1997, 'Musasa', 5, -1, -1),
(1998, 'Musasa', 267, -1, -1),
(1999, 'Musave', 150, -1, -1),
(2000, 'Musave', 198, -1, -1),
(2001, 'Musebeyi', 38, -1, -1),
(2002, 'Musema', 309, -1, -1),
(2003, 'Musemo', 236, -1, -1),
(2004, 'Musenga', 75, -1, -1),
(2005, 'Musenga', 232, -1, -1),
(2006, 'Musenga', 315, -1, -1),
(2007, 'Museno', 119, -1, -1),
(2008, 'Musenyi', 101, -1, -1),
(2009, 'Musenyi', 121, -1, -1),
(2010, 'Musenyi', 141, -1, -1),
(2011, 'Kinama', 163, -1, -1),
(2012, 'Musenyi', 241, -1, -1),
(2013, 'Musenyi', 66, -1, -1),
(2014, 'Musenyi', 249, -1, -1),
(2015, 'Musenyi', 268, -1, -1),
(2016, 'Musenyi', 269, -1, -1),
(2017, 'Musenyi', 350, -1, -1),
(2018, 'Musha', 295, -1, -1),
(2019, 'Mushanga', 265, -1, -1),
(2020, 'MushashaI', 97, -1, -1),
(2021, 'MushashaII', 97, -1, -1),
(2022, 'Mushasha', 124, -1, -1),
(2023, 'Mushikanwa', 251, -1, -1),
(2024, 'Mushishi', 115, -1, -1),
(2025, 'Musho', 158, -1, -1),
(2026, 'Musigati', 271, -1, -1),
(2027, 'Musimbwe', 323, -1, -1),
(2028, 'Musinzira', 124, -1, -1),
(2029, 'Musivya', 114, -1, -1),
(2031, 'Musongati', 159, -1, -1),
(2032, 'Musongati', 245, -1, -1),
(2033, 'Musongati', 324, -1, -1),
(2034, 'Musonge', 139, -1, -1),
(2035, 'Musotera', 151, -1, -1),
(2036, 'Musugi', 184, -1, -1),
(2037, 'Musumba', 10, -1, -1),
(2038, 'Musumba', 95, -1, -1),
(2039, 'Musumba', 134, -1, -1),
(2040, 'Musumba', 332, -1, -1),
(2041, 'Mutaho', 273, -1, -1),
(2042, 'Mutambara', 94, -1, -1),
(2043, 'Mutana', 132, -1, -1),
(2044, 'Mutana', 304, -1, -1),
(2045, 'MutangaSud-Sororezo-MugobokaI', 338, -1, -1),
(2046, 'Mutanga', 129, -1, -1),
(2047, 'Mutangaro', 285, -1, -1),
(2048, 'Mutara', 178, -1, -1),
(2049, 'Mutarishwa', 19, -1, -1),
(2050, 'Mutarure', 2, -1, -1),
(2051, 'Muterero', 66, -1, -1),
(2052, 'Mutobo', 113, -1, -1),
(2053, 'Mutobo', 158, -1, -1),
(2054, 'Mutobo', 356, -1, -1),
(2055, 'Mutoyi', 275, -1, -1),
(2056, 'Mutsinda', 179, -1, -1),
(2057, 'Mutsindozi', 324, -1, -1),
(2058, 'Mutumba', 213, -1, -1),
(2059, 'Muturirwa', 214, -1, -1),
(2060, 'Mutwana', 54, -1, -1),
(2061, 'Mutwazi', 187, -1, -1),
(2062, 'Muvumo', 117, -1, -1),
(2063, 'Muvumu', 170, -1, -1),
(2064, 'Muvumu', 316, -1, -1),
(2065, 'Muvyuko', 321, -1, -1),
(2066, 'Muyabara', 190, -1, -1),
(2067, 'Muyaga', 66, -1, -1),
(2068, 'Muyaga', 152, -1, -1),
(2069, 'MuyangeIGatumba', 97, -1, -1),
(2070, 'MuyangeIIGatumba', 97, -1, -1),
(2071, 'Muyange-Kavumu', 257, -1, -1),
(2072, 'Muyange', 17, -1, -1),
(2073, 'Muyange', 52, -1, -1),
(2074, 'Muyange', 87, -1, -1),
(2076, 'Muyange', 198, -1, -1),
(2077, 'Muyange', 224, -1, -1),
(2078, 'Muyange', 253, -1, -1),
(2079, 'Muyange', 273, -1, -1),
(2080, 'Muyange', 277, -1, -1),
(2081, 'Muyange', 278, -1, -1),
(2082, 'Muyange', 288, -1, -1),
(2083, 'Muyange', 321, -1, -1),
(2084, 'Muyange', 324, -1, -1),
(2085, 'Muyange', 340, -1, -1),
(2086, 'Muyange', 344, -1, -1),
(2087, 'Muyebe', 159, -1, -1),
(2088, 'Muyebe', 279, -1, -1),
(2089, 'Muyebe', 280, -1, -1),
(2090, 'Muyinga', 168, -1, -1),
(2091, 'Muyinza', 364, -1, -1),
(2092, 'Muyira', 282, -1, -1),
(2093, 'Muyogoro', 213, -1, -1),
(2094, 'Muyogoro', 294, -1, -1),
(2095, 'Muyombwe', 49, -1, -1),
(2096, 'Muzamba', 384, -1, -1),
(2097, 'Muzazi', 223, -1, -1),
(2098, 'Muzenga', 21, -1, -1),
(2099, 'Muzenga', 273, -1, -1),
(2100, 'Muzenga', 285, -1, -1),
(2101, 'Muzenga', 360, -1, -1),
(2102, 'Muzi', 197, -1, -1),
(2103, 'Muzima', 283, -1, -1),
(2104, 'Muzima', 335, -1, -1),
(2105, 'Muzinda', 286, -1, -1),
(2106, 'Muzire', 65, -1, -1),
(2107, 'Muzumure', 78, -1, -1),
(2108, 'Muzye', 287, -1, -1),
(2109, 'Mvugo', 331, -1, -1),
(2110, 'Mvumvu', 345, -1, -1),
(2111, 'Mwakiro', 288, -1, -1),
(2112, 'Mwamba', 256, -1, -1),
(2114, 'Mwange', 186, -1, -1),
(2115, 'Mwanzari', 260, -1, -1),
(2116, 'Mwarangabo', 344, -1, -1),
(2117, 'Mwaro-Mavuvu', 196, -1, -1),
(2118, 'Mwaro-Ngundu', 196, -1, -1),
(2119, 'Mwarusi', 245, -1, -1),
(2120, 'Mwaza', 212, -1, -1),
(2121, 'Mwebeya', 54, -1, -1),
(2122, 'Mwegereza', 316, -1, -1),
(2123, 'Mwendo', 150, -1, -1),
(2124, 'Mwendo', 240, -1, -1),
(2125, 'Mwendo', 306, -1, -1),
(2126, 'Mwenene', 336, -1, -1),
(2127, 'Mwenya', 178, -1, -1),
(2128, 'Mwico', 372, -1, -1),
(2129, 'Mwika', 85, -1, -1),
(2130, 'Mwimbiro', 278, -1, -1),
(2131, 'Mwiruzi', 236, -1, -1),
(2132, 'Mwoya', 23, -1, -1),
(2133, 'Mwumba', 260, -1, -1),
(2134, 'Mwumba', 273, -1, -1),
(2135, 'Mwumba', 290, -1, -1),
(2136, 'Mayemba', 308, -1, -1),
(2137, 'Mwunguzi', 293, -1, -1),
(2138, 'Mwura', 239, -1, -1),
(2139, 'Mwurire', 16, -1, -1),
(2140, 'Mwurire', 346, -1, -1),
(2141, 'Myando', 385, -1, -1),
(2142, 'Myave', 296, -1, -1),
(2143, 'Myugariro', 264, -1, -1),
(2144, 'Ndago', 52, -1, -1),
(2145, 'Ndago', 292, -1, -1),
(2146, 'Ndago', 315, -1, -1),
(2147, 'Ndago', 317, -1, -1),
(2148, 'Ndago', 330, -1, -1),
(2149, 'Ndava', 114, -1, -1),
(2150, 'Ndava', 192, -1, -1),
(2151, 'Ndava', 199, -1, -1),
(2152, 'Ndava', 230, -1, -1),
(2153, 'Ndava', 294, -1, -1),
(2154, 'Ndava-Busongo', 100, -1, -1),
(2155, 'Ndava-village', 293, -1, -1),
(2156, 'Ndayi', 6, -1, -1),
(2157, 'Ndemeka', 295, -1, -1),
(2158, 'Nderema', 35, -1, -1),
(2159, 'Ndoba', 220, -1, -1),
(2160, 'Nemba', 312, -1, -1),
(2161, 'Nete', 90, -1, -1),
(2162, 'Nganji', 362, -1, -1),
(2164, 'Ngara', 238, -1, -1),
(2165, 'Ngara', 256, -1, -1),
(2166, 'Ngara', 289, -1, -1),
(2167, 'Ngarama', 151, -1, -1),
(2168, 'Ngarama', 373, -1, -1),
(2169, 'Ngaruzwa', 377, -1, -1),
(2170, 'Ngayane', 307, -1, -1),
(2171, 'Ngendo', 301, -1, -1),
(2172, 'Ngendo', 385, -1, -1),
(2173, 'Ngeramigongo', 80, -1, -1),
(2174, 'Ngobeke', 227, -1, -1),
(2175, 'Ngogomo', 174, -1, -1),
(2176, 'Ngoma', 3, -1, -1),
(2177, 'Ngoma', 132, -1, -1),
(2178, 'Ngoma', 240, -1, -1),
(2179, 'Ngoma', 298, -1, -1),
(2180, 'Ngoma', 299, -1, -1),
(2181, 'Ngoma', 324, -1, -1),
(2182, 'Ngoma', 341, -1, -1),
(2183, 'Ngoma', 379, -1, -1),
(2184, 'Ngomante', 81, -1, -1),
(2185, 'Ngomo', 205, -1, -1),
(2186, 'Ngoro', 294, -1, -1),
(2187, 'Ngoro', 301, -1, -1),
(2188, 'Ngoro', 345, -1, -1),
(2189, 'Ngorore', 60, -1, -1),
(2190, 'Nimba', 293, -1, -1),
(2191, 'Ninga=V4', 39, -1, -1),
(2192, 'Ninga', 303, -1, -1),
(2193, 'Nini', 86, -1, -1),
(2194, 'Nkanda', 85, -1, -1),
(2195, 'Nkanda', 155, -1, -1),
(2196, 'Nkanda', 275, -1, -1),
(2197, 'Nkango', 46, -1, -1),
(2198, 'Nkanka', 287, -1, -1),
(2199, 'Nkayamba', 357, -1, -1),
(2200, 'Nkenga-Busoro', 148, -1, -1),
(2201, 'Nkima', 129, -1, -1),
(2202, 'Nkizi', 276, -1, -1),
(2203, 'Nkohwa', 87, -1, -1),
(2204, 'Nkomero', 18, -1, -1),
(2205, 'Nkonge', 304, -1, -1),
(2206, 'Nkongwe', 53, -1, -1),
(2207, 'Nkongwe', 273, -1, -1),
(2208, 'Nkoro', 65, -1, -1),
(2209, 'Nkoronko', 25, -1, -1),
(2210, 'Nkorwe', 364, -1, -1),
(2211, 'Nkuba', 261, -1, -1),
(2212, 'Nkuba', 123, -1, -1),
(2214, 'Nkundusi', 195, -1, -1),
(2215, 'Nkurunzi', 195, -1, -1),
(2216, 'Nkurye', 101, -1, -1),
(2217, 'Nombe', 62, -1, -1),
(2218, 'Nonwe', 126, -1, -1),
(2219, 'Ntamba', 249, -1, -1),
(2220, 'Ntamba', 305, -1, -1),
(2221, 'Nkara-Manyenye', 91, -1, -1),
(2222, 'Ntarambo', 137, -1, -1),
(2223, 'Ntega', 88, -1, -1),
(2224, 'Ntega', 306, -1, -1),
(2225, 'Nteko', 301, -1, -1),
(2226, 'Nteko', 345, -1, -1),
(2227, 'Ntiba', 221, -1, -1),
(2228, 'Ntita', 196, -1, -1),
(2229, 'Ntobo', 128, -1, -1),
(2230, 'Ntobwe', 252, -1, -1),
(2231, 'Ntonzi', 238, -1, -1),
(2232, 'Ntuku', 119, -1, -1),
(2233, 'Ntunda', 7, -1, -1),
(2234, 'Ntunda', 222, -1, -1),
(2235, 'Ntunda', 307, -1, -1),
(2236, 'Ntunda', 313, -1, -1),
(2237, 'Ntunda', 377, -1, -1),
(2238, 'Nyabakara', 81, -1, -1),
(2239, 'Nyabangwe', 117, -1, -1),
(2240, 'Nyabibondo', 308, -1, -1),
(2241, 'Nyabibuye', 309, -1, -1),
(2242, 'Nyabibuye', 310, -1, -1),
(2243, 'Nyabibuye', 337, -1, -1),
(2244, 'Nyabigina', 136, -1, -1),
(2245, 'Nyabigina', 138, -1, -1),
(2246, 'Nyabigina', 182, -1, -1),
(2247, 'Nyabigozi', 316, -1, -1),
(2248, 'Nyabigugo', 9, -1, -1),
(2249, 'Nyabiharage', 124, -1, -1),
(2250, 'Nyabihogo', 312, -1, -1),
(2251, 'Nyabikaranka', 137, -1, -1),
(2252, 'Nyabikenke', 18, -1, -1),
(2253, 'Nyabikenke', 119, -1, -1),
(2254, 'Nyabikenke', 162, -1, -1),
(2255, 'Nyabikenke', 192, -1, -1),
(2256, 'Nyabikenke', 389, -1, -1),
(2257, 'Nyakibere', 170, -1, -1),
(2258, 'Nyabiraba', 314, -1, -1),
(2259, 'Nyabisaka', 294, -1, -1),
(2260, 'Nyabisaka', 379, -1, -1),
(2261, 'Nyabisiga', 146, -1, -1),
(2262, 'Nyabisindu', 66, -1, -1),
(2263, 'Nyabisindu', 111, -1, -1),
(2264, 'Nyabisindu', 272, -1, -1),
(2265, 'Nyabitabo', 153, -1, -1),
(2266, 'Nyabitaka', 57, -1, -1),
(2267, 'Nyabitaka', 316, -1, -1),
(2268, 'Nyabitare', 316, -1, -1),
(2269, 'Nyabitsinda', 317, -1, -1),
(2270, 'Nyabitwe', 140, -1, -1),
(2271, 'Nyabiyogi', 78, -1, -1),
(2272, 'Nyabizinu', 355, -1, -1),
(2273, 'Nyabubuye', 299, -1, -1),
(2274, 'Nyabucokwe', 74, -1, -1),
(2275, 'Nyabugeni', 263, -1, -1),
(2276, 'Nyabugete', 148, -1, -1),
(2277, 'Nyabungere', 14, -1, -1),
(2278, 'Nyabungere', 47, -1, -1),
(2279, 'Nyaburondwe', 262, -1, -1),
(2280, 'Nyabutare', 278, -1, -1),
(2281, 'Nyabututsi-Rurale', 252, -1, -1),
(2282, 'Nyabututsi-Urbaine', 124, -1, -1),
(2283, 'Nyabwayi', 123, -1, -1),
(2284, 'Nyacambuko', 284, -1, -1),
(2285, 'Nyagahanda', 317, -1, -1),
(2286, 'Nyagahwabare', 323, -1, -1),
(2287, 'Nyagasaka', 40, -1, -1),
(2288, 'Nyagasebeyi', 269, -1, -1),
(2289, 'Nyagaseke', 188, -1, -1),
(2290, 'Nyagashubi', 351, -1, -1),
(2291, 'Nyagatobo-Businde', 79, -1, -1),
(2292, 'Nyagatobo-Kiyange', 79, -1, -1),
(2293, 'Nyagatovu', 319, -1, -1),
(2294, 'Nyagatovu', 320, -1, -1),
(2295, 'Nyagisambwe', 324, -1, -1),
(2296, 'Nyagisenyi', 275, -1, -1),
(2297, 'Nyagisovu', 387, -1, -1),
(2298, 'Nyagisozi', 321, -1, -1),
(2299, 'Nyagitika', 317, -1, -1),
(2300, 'Nyagitongati', 98, -1, -1),
(2301, 'Nyagoba', 17, -1, -1),
(2302, 'Nyagutoha', 362, -1, -1),
(2303, 'Nyakabanda', 165, -1, -1),
(2304, 'Nyakabanda', 385, -1, -1),
(2305, 'Nyakabenga', 378, -1, -1),
(2306, 'NyakabigaI', 322, -1, -1),
(2307, 'NyakabigaII', 322, -1, -1),
(2308, 'NyakabigaIII', 322, -1, -1),
(2309, 'Nyakabugu', 307, -1, -1),
(2310, 'Nyakanazi', 315, -1, -1),
(2311, 'Nyakarama', 185, -1, -1),
(2312, 'Nyakarambo', 149, -1, -1),
(2313, 'Nyakararo', 270, -1, -1),
(2314, 'Nyakazi', 31, -1, -1),
(2315, 'Nyakazu', 165, -1, -1),
(2316, 'Nyakerera', 215, -1, -1),
(2317, 'Nyakeru', 275, -1, -1),
(2318, 'Nyakibande', 326, -1, -1),
(2319, 'Nyakibari', 279, -1, -1),
(2320, 'Nyakibari', 304, -1, -1),
(2321, 'Nyakibingo', 2, -1, -1),
(2322, 'Nyakibingo', 125, -1, -1),
(2323, 'Nyakibingo', 243, -1, -1),
(2324, 'Nyakibingo', 364, -1, -1),
(2325, 'Nyakigano', 318, -1, -1),
(2326, 'Nyakigina', 315, -1, -1),
(2327, 'Nyakijwira', 211, -1, -1),
(2328, 'Nyakimonyi', 390, -1, -1),
(2329, 'Nyakirunga', 316, -1, -1),
(2330, 'Nyakirwa', 323, -1, -1),
(2331, 'Nyakivumu', 66, -1, -1),
(2332, 'Nyakivumu', 316, -1, -1),
(2333, 'Nyakiyonga', 243, -1, -1),
(2334, 'Nyakizu', 93, -1, -1),
(2335, 'Nyakuguma', 166, -1, -1),
(2336, 'Nyakuguma', 324, -1, -1),
(2337, 'Nyakuguma', 387, -1, -1),
(2338, 'Nyamabega', 25, -1, -1),
(2339, 'Nyamabere', 268, -1, -1),
(2340, 'Nyamaboko', 184, -1, -1),
(2341, 'Nyamabuye', 164, -1, -1),
(2342, 'Nyamabuye', 171, -1, -1),
(2343, 'Nyamagana', 235, -1, -1),
(2344, 'Nyamagandika', 260, -1, -1),
(2345, 'Nyamakarabo', 325, -1, -1),
(2346, 'Nyamarobe', 18, -1, -1),
(2347, 'Nyamasenga', 243, -1, -1),
(2348, 'Nyamateke', 81, -1, -1),
(2349, 'Nyambo', 42, -1, -1),
(2350, 'Nyambo', 73, -1, -1),
(2351, 'Nyambuye', 145, -1, -1),
(2352, 'Nyambuye', 326, -1, -1),
(2353, 'Nyamigina', 134, -1, -1),
(2354, 'Nyamigogo', 195, -1, -1),
(2355, 'Nyamihana', 341, -1, -1),
(2356, 'Nyamihondi', 56, -1, -1),
(2358, 'Nyamirama', 315, -1, -1),
(2359, 'Nyamirambo', 75, -1, -1),
(2360, 'Nyamirinzi', 388, -1, -1),
(2361, 'Nyamisagara', 68, -1, -1),
(2362, 'Nyamisagara', 135, -1, -1),
(2363, 'Nyamisure', 145, -1, -1),
(2364, 'Nyamitanga', 225, -1, -1),
(2365, 'Nyamitanga', 293, -1, -1),
(2366, 'Nyamitore', 250, -1, -1),
(2367, 'Nyamitwenzi', 270, -1, -1),
(2368, 'Nyamiyaga', 1, -1, -1),
(2369, 'Nyamiyaga', 114, -1, -1),
(2370, 'Nyamiyaga', 151, -1, -1),
(2371, 'Nyamiyaga', 195, -1, -1),
(2372, 'Nyamiyaga', 262, -1, -1),
(2373, 'Nyamiyaga', 360, -1, -1),
(2374, 'Nyamiyogoro', 264, -1, -1),
(2375, 'Nyamonde', 140, -1, -1),
(2376, 'Nyampinda', 361, -1, -1),
(2377, 'Nyamugari', 12, -1, -1),
(2378, 'Nyamugari', 98, -1, -1),
(2379, 'Nyamugari', 121, -1, -1),
(2380, 'Nyamugari', 124, -1, -1),
(2381, 'Nyamugari', 147, -1, -1),
(2382, 'Nyamugari', 149, -1, -1),
(2383, 'Nyamugari', 155, -1, -1),
(2384, 'Nyamugari', 201, -1, -1),
(2385, 'Nyamugari', 318, -1, -1),
(2386, 'Nyamugari', 327, -1, -1),
(2387, 'Nyamunazi', 170, -1, -1),
(2388, 'Nyamurenge', 294, -1, -1),
(2389, 'Nyamurunga', 284, -1, -1),
(2390, 'Nyamusasa', 134, -1, -1),
(2391, 'Nyamutobo', 313, -1, -1),
(2392, 'Nyamwera', 199, -1, -1),
(2393, 'Nyamyeha', 296, -1, -1),
(2394, 'Nyange', 213, -1, -1),
(2395, 'Nyange', 351, -1, -1),
(2396, 'Nyange-Bushaza', 177, -1, -1),
(2397, 'Nyangungu', 379, -1, -1),
(2398, 'Nyangurube', 232, -1, -1),
(2399, 'Nyangushwe', 123, -1, -1),
(2400, 'Nyangwe', 137, -1, -1),
(2401, 'Nyangwe', 361, -1, -1),
(2402, 'Nyankara', 330, -1, -1),
(2403, 'Nyankende', 232, -1, -1),
(2404, 'Burima II', 128, -1, -1),
(2405, 'Nyankuba', 223, -1, -1),
(2406, 'Nyankurazo', 85, -1, -1),
(2407, 'Nyarubabi', 12, -1, -1),
(2408, 'Nyarubanga', 31, -1, -1),
(2409, 'Nyarubano', 113, -1, -1),
(2410, 'Nyarubayi', 277, -1, -1),
(2411, 'Nyarubenga', 335, -1, -1),
(2412, 'Nyarubugu', 296, -1, -1),
(2413, 'Nyarucamo', 332, -1, -1),
(2414, 'Nyaruganda', 243, -1, -1),
(2415, 'Nyarugati', 85, -1, -1),
(2416, 'Nyarugera', 253, -1, -1),
(2417, 'Nyarugunda', 298, -1, -1),
(2418, 'Nyaruhinda', 333, -1, -1),
(2419, 'Nyarukere', 160, -1, -1),
(2420, 'Nyarukere', 367, -1, -1),
(2421, 'Nyarumanga', 209, -1, -1),
(2422, 'Nyarumanga', 345, -1, -1),
(2423, 'Nyarumpongo', 363, -1, -1),
(2424, 'Nyarumuri', 243, -1, -1),
(2425, 'Nyarunazi', 172, -1, -1),
(2426, 'Nyarunazi', 367, -1, -1),
(2427, 'Nyarunazi', 373, -1, -1),
(2428, 'Nyarurama', 46, -1, -1),
(2429, 'Nyarurambi', 37, -1, -1),
(2430, 'Nyarurambi', 92, -1, -1),
(2431, 'Nyarurambi', 161, -1, -1),
(2432, 'Nyarurambi', 225, -1, -1),
(2434, 'Nyarurinzi', 21, -1, -1),
(2435, 'Nyarusange', 75, -1, -1),
(2436, 'Nyarusange', 271, -1, -1),
(2437, 'Nyarusange', 329, -1, -1),
(2438, 'Nyarusange', 337, -1, -1),
(2439, 'Nyarusebeyi', 28, -1, -1),
(2440, 'Nyarushanga', 36, -1, -1),
(2441, 'Nyarushanga', 131, -1, -1),
(2442, 'Nyarutiti', 215, -1, -1),
(2443, 'Nyarutovu', 122, -1, -1),
(2444, 'Nyarutuntu', 182, -1, -1),
(2445, 'Nyarwaga', 1, -1, -1),
(2446, 'Bubanza', 128, -1, -1),
(2447, 'Nyarwumba', 206, -1, -1),
(2448, 'Nyatubuye', 257, -1, -1),
(2449, 'Nyavyamo', 283, -1, -1),
(2450, 'Nyembuye', 287, -1, -1),
(2451, 'Nyemera', 306, -1, -1),
(2452, 'Nyempundu', 325, -1, -1),
(2453, 'Nyenkarange', 349, -1, -1),
(2454, 'Nyentambwe', 192, -1, -1),
(2455, 'Nyenzi', 3, -1, -1),
(2456, 'Nyeshanga=V3', 39, -1, -1),
(2457, 'Nyomvyi', 48, -1, -1),
(2458, 'Nyungu', 63, -1, -1),
(2460, 'Nzewe', 336, -1, -1),
(2461, 'Nzibariba', 23, -1, -1),
(2462, 'Nzove', 205, -1, -1),
(2463, 'Nzove', 379, -1, -1),
(2464, 'Nzozi', 222, -1, -1),
(2465, 'Q.Asiatique', 338, -1, -1),
(2466, 'Q.ButerereI', 51, -1, -1),
(2467, 'Q.ButerereIIA', 51, -1, -1),
(2468, 'Q.ButerereIIB', 51, -1, -1),
(2469, 'Q.GihoshaUrbain', 105, -1, -1),
(2470, 'Q.Gikizi', 143, -1, -1),
(2471, 'Q.GikunguI', 105, -1, -1),
(2472, 'Q.GikunguII', 105, -1, -1),
(2473, 'Q.Gikungurural', 105, -1, -1),
(2474, 'Q.Gituro', 143, -1, -1),
(2475, 'Q.Heha', 143, -1, -1),
(2476, 'Q.INSS', 338, -1, -1),
(2477, 'Q.Kabusa', 51, -1, -1),
(2478, 'Q.Kavumu', 143, -1, -1),
(2479, 'Q.KiyangeI', 51, -1, -1),
(2480, 'Q.KiyangeII', 51, -1, -1),
(2481, 'Q.Maramvya', 51, -1, -1),
(2482, 'Q.MirangoI', 143, -1, -1),
(2483, 'Q.MirangoII', 143, -1, -1),
(2484, 'Q.Mubone', 51, -1, -1),
(2485, 'Q.Mugaruro', 51, -1, -1),
(2486, 'Q.Muyaga', 105, -1, -1),
(2487, 'Q.Nyabagere', 105, -1, -1),
(2488, 'Q.Songa', 143, -1, -1),
(2489, 'Q.Taba', 105, -1, -1),
(2490, 'Q.Teza', 143, -1, -1),
(2491, 'Q.Twinyoni', 143, -1, -1),
(2492, 'Q.Winterekwa', 105, -1, -1),
(2493, 'QuartierI', 59, -1, -1),
(2494, 'QuartierI', 71, -1, -1),
(2495, 'QuartierI', 297, -1, -1),
(2496, 'QuartierII', 59, -1, -1),
(2497, 'QuartierII', 71, -1, -1),
(2498, 'QuartierII', 297, -1, -1),
(2499, 'QuartierIII', 59, -1, -1),
(2500, 'QuartierIII', 71, -1, -1),
(2501, 'QuartierIII', 297, -1, -1),
(2502, 'QuartierIV', 59, -1, -1),
(2503, 'QuartierIV', 71, -1, -1),
(2504, 'QuartierIV', 297, -1, -1),
(2505, 'QuartierIX', 297, -1, -1),
(2506, 'QuartierV', 59, -1, -1),
(2507, 'QuartierV', 71, -1, -1),
(2508, 'QuartierV', 297, -1, -1),
(2509, 'QuartierVIMutakura', 71, -1, -1),
(2510, 'QuartierVI', 59, -1, -1),
(2511, 'QuartierVI', 297, -1, -1),
(2512, 'QuartierVIIMutakura', 71, -1, -1),
(2513, 'QuartierVII', 59, -1, -1),
(2514, 'QuartierVII', 297, -1, -1),
(2515, 'Rabiro', 65, -1, -1),
(2516, 'Rabiro', 112, -1, -1),
(2517, 'Rabiro', 388, -1, -1),
(2518, 'Ragabo', 144, -1, -1),
(2519, 'Ragwe', 18, -1, -1),
(2520, 'Rama', 337, -1, -1),
(2521, 'Ramba', 104, -1, -1),
(2523, 'Rambo', 107, -1, -1),
(2524, 'Ramvya', 23, -1, -1),
(2525, 'Randa', 132, -1, -1),
(2526, 'Rangi', 278, -1, -1),
(2527, 'Rangira', 77, -1, -1),
(2528, 'Rango', 60, -1, -1),
(2529, 'Rango', 124, -1, -1),
(2530, 'Rango', 337, -1, -1),
(2531, 'Raro', 314, -1, -1),
(2532, 'Rasa', 238, -1, -1),
(2534, 'Remba', 243, -1, -1),
(2535, 'Remera', 21, -1, -1),
(2536, 'Remera', 86, -1, -1),
(2537, 'Remera', 264, -1, -1),
(2538, 'Remera', 382, -1, -1),
(2539, 'Renga', 247, -1, -1),
(2540, 'Rimbo', 248, -1, -1),
(2541, 'RoheroI-Gatoke', 338, -1, -1),
(2542, 'RoheroII', 338, -1, -1),
(2543, 'Rorero', 151, -1, -1),
(2544, 'Rubagabaga', 210, -1, -1),
(2545, 'Rubamvye', 146, -1, -1),
(2546, 'Rubamvyi', 125, -1, -1),
(2547, 'Rubanda', 128, -1, -1),
(2548, 'Rubanga', 49, -1, -1),
(2549, 'Rubanga', 54, -1, -1),
(2550, 'Rubanga', 225, -1, -1),
(2551, 'Rubaragaza', 62, -1, -1),
(2552, 'Rubarasi', 176, -1, -1),
(2553, 'Rubari', 213, -1, -1),
(2554, 'Rubavu', 45, -1, -1),
(2555, 'Rubenga', 230, -1, -1),
(2556, 'Rubimba', 157, -1, -1),
(2557, 'Rubindi', 248, -1, -1),
(2558, 'Rubira', 268, -1, -1),
(2559, 'Rubirizi', 140, -1, -1),
(2560, 'Rubirizi', 284, -1, -1),
(2561, 'Rubirizi', 340, -1, -1),
(2562, 'Rubirizi', 344, -1, -1),
(2563, 'Rubizi', 282, -1, -1),
(2564, 'Rubona', 341, -1, -1),
(2565, 'Rubuga', 122, -1, -1),
(2566, 'Rubuga', 185, -1, -1),
(2567, 'Rubungu', 106, -1, -1),
(2568, 'Rubura', 43, -1, -1),
(2569, 'Rubuye', 69, -1, -1),
(2570, 'Ruce', 342, -1, -1),
(2571, 'Rudaraza', 369, -1, -1),
(2572, 'Rudehe', 2, -1, -1),
(2573, 'Rugabano', 145, -1, -1),
(2574, 'Rugabano', 343, -1, -1),
(2575, 'Rugajo', 344, -1, -1),
(2576, 'Rugamba', 240, -1, -1),
(2577, 'Ruganira', 251, -1, -1),
(2578, 'Ruganirwa', 75, -1, -1),
(2579, 'Rugano', 21, -1, -1),
(2580, 'Ruganza', 345, -1, -1),
(2581, 'Rugarama', 111, -1, -1),
(2582, 'Rugari', 20, -1, -1),
(2583, 'Rugari', 346, -1, -1),
(2584, 'Rugari-Gitamo', 125, -1, -1),
(2585, 'Rugasa', 164, -1, -1),
(2586, 'Rugata', 12, -1, -1),
(2587, 'Rugazi', 347, -1, -1),
(2588, 'Rugazi', 349, -1, -1),
(2589, 'Gugembe', 226, -1, -1),
(2590, 'Rugendo', 344, -1, -1),
(2591, 'Rugenge', 268, -1, -1),
(2592, 'Rugeregere', 350, -1, -1),
(2593, 'Rugerero', 236, -1, -1),
(2594, 'Rugese', 126, -1, -1),
(2595, 'Rugese', 306, -1, -1),
(2596, 'Rugeyo', 305, -1, -1),
(2597, 'Rugoma', 32, -1, -1),
(2598, 'Rugoma', 303, -1, -1),
(2599, 'Rugongo', 47, -1, -1),
(2600, 'Rugongo', 351, -1, -1),
(2601, 'Rugoti', 53, -1, -1),
(2603, 'Rugunga', 100, -1, -1),
(2604, 'Ruhagarika', 84, -1, -1),
(2605, 'Ruhande', 312, -1, -1),
(2606, 'Ruhande', 313, -1, -1),
(2607, 'Ruhando', 285, -1, -1),
(2608, 'Ruhanza', 99, -1, -1),
(2609, 'Ruhanza', 102, -1, -1),
(2610, 'Ruharo', 204, -1, -1),
(2611, 'Ruharo', 243, -1, -1),
(2612, 'Ruharo', 376, -1, -1),
(2613, 'Ruhata', 122, -1, -1),
(2614, 'Ruheha', 321, -1, -1),
(2615, 'Ruhehe', 162, -1, -1),
(2616, 'Ruhehe', 236, -1, -1),
(2617, 'Ruhembe', 35, -1, -1),
(2618, 'Ruhengeri', 92, -1, -1),
(2619, 'Ruhengeri', 95, -1, -1),
(2620, 'Ruhinda', 32, -1, -1),
(2621, 'Ruhinga', 132, -1, -1),
(2622, 'Ruhinga', 318, -1, -1),
(2623, 'Ruhinga', 337, -1, -1),
(2624, 'Ruhinga', 382, -1, -1),
(2625, 'Ruhongore', 3, -1, -1),
(2626, 'Ruhororo', 132, -1, -1),
(2627, 'Ruhororo', 209, -1, -1),
(2628, 'Ruhororo', 352, -1, -1),
(2629, 'Ruhwago', 373, -1, -1),
(2630, 'Rujungu', 120, -1, -1),
(2632, 'Rukambura', 46, -1, -1),
(2633, 'RukanaI', 350, -1, -1),
(2634, 'RukanaII', 350, -1, -1),
(2635, 'Rukanda', 82, -1, -1),
(2636, 'Rukanu', 336, -1, -1),
(2637, 'Rukanya', 343, -1, -1),
(2638, 'Rukaragata', 373, -1, -1),
(2639, 'Rukere', 132, -1, -1),
(2640, 'Rukere', 257, -1, -1),
(2641, 'Rukiga', 231, -1, -1),
(2642, 'Rukina', 356, -1, -1),
(2644, 'Rukinga', 357, -1, -1),
(2645, 'Gakara', 128, -1, -1),
(2646, 'Rukinzo', 63, -1, -1),
(2647, 'Rukoba', 125, -1, -1),
(2648, 'RukobeI', 22, -1, -1),
(2649, 'RukobeII', 22, -1, -1),
(2650, 'Rukobe', 171, -1, -1),
(2651, 'Rukoki', 145, -1, -1),
(2652, 'Rukoma', 139, -1, -1),
(2653, 'Rukongwa', 320, -1, -1),
(2654, 'Rukoyoyo', 327, -1, -1),
(2655, 'Rukuba', 184, -1, -1),
(2656, 'Rukungere', 126, -1, -1),
(2657, 'Rukusha', 205, -1, -1),
(2658, 'Rukwega', 236, -1, -1),
(2659, 'Rumandari', 126, -1, -1),
(2660, 'Rumbaga', 355, -1, -1),
(2661, 'Centre Urbain', 357, -1, -1),
(2662, 'Rumonyi', 202, -1, -1),
(2663, 'Rumotomoto', 100, -1, -1),
(2664, 'Rumvya', 28, -1, -1),
(2665, 'RunaniraI&II', 177, -1, -1),
(2666, 'RunaniraIII', 177, -1, -1),
(2667, 'Runege', 35, -1, -1),
(2668, 'Rungazi', 127, -1, -1),
(2669, 'Runini', 144, -1, -1),
(2670, 'Runyeri', 11, -1, -1),
(2671, 'Runyinya', 132, -1, -1),
(2672, 'Runyinya', 247, -1, -1),
(2673, 'Runyinya', 276, -1, -1),
(2674, 'Runyoni', 272, -1, -1),
(2675, 'Runyonza', 70, -1, -1),
(2676, 'Rupfunda', 177, -1, -1),
(2677, 'Rurabo', 57, -1, -1),
(2678, 'Ruramba', 65, -1, -1),
(2679, 'Ruramba', 154, -1, -1),
(2680, 'Rurambira', 113, -1, -1),
(2681, 'Rurambira', 209, -1, -1),
(2682, 'Ruranga', 49, -1, -1),
(2683, 'Ruremba', 330, -1, -1),
(2684, 'Rurende', 263, -1, -1),
(2685, 'Rurengera', 379, -1, -1),
(2686, 'Ruringanizo', 141, -1, -1),
(2687, 'Ruringe', 242, -1, -1),
(2688, 'Rurira', 263, -1, -1),
(2689, 'Rurtyazo', 289, -1, -1),
(2690, 'Rusaga', 377, -1, -1),
(2691, 'Rusagara', 161, -1, -1),
(2693, 'Rusagara', 198, -1, -1),
(2694, 'Rusagara', 333, -1, -1),
(2695, 'Rusagara', 344, -1, -1),
(2696, 'Rusama', 371, -1, -1),
(2697, 'Rusamaza', 360, -1, -1),
(2698, 'Rusambi', 132, -1, -1),
(2699, 'Rusara', 27, -1, -1),
(2700, 'Rusasa', 204, -1, -1),
(2701, 'Rusave', 106, -1, -1),
(2702, 'Rusekabuye', 305, -1, -1),
(2703, 'Rusenda', 361, -1, -1),
(2704, 'Rusengo', 86, -1, -1),
(2705, 'Rusengo', 347, -1, -1),
(2706, 'Rusenyi', 375, -1, -1),
(2707, 'Rusha', 42, -1, -1),
(2708, 'Rushanga', 235, -1, -1),
(2709, 'Rushenza', 240, -1, -1),
(2710, 'Rushemeza', 283, -1, -1),
(2711, 'Rusheri', 343, -1, -1),
(2712, 'Rushiha', 188, -1, -1),
(2713, 'Rushiha', 305, -1, -1),
(2714, 'Rushimabarimyi', 374, -1, -1),
(2715, 'Rushoka', 269, -1, -1),
(2716, 'Rushubi', 225, -1, -1),
(2717, 'Rushubi', 363, -1, -1),
(2718, 'Rushubije', 364, -1, -1),
(2719, 'Rusi', 365, -1, -1),
(2720, 'Rusiga', 72, -1, -1),
(2721, 'Rusimbuko', 89, -1, -1),
(2722, 'Rusivya', 154, -1, -1),
(2723, 'Rusororo', 173, -1, -1),
(2724, 'Rusovu', 76, -1, -1),
(2725, 'Rusunu', 272, -1, -1),
(2726, 'Rutabo', 263, -1, -1),
(2727, 'Rutake', 342, -1, -1),
(2728, 'Rutambiro', 147, -1, -1),
(2729, 'Rutambwe', 86, -1, -1),
(2730, 'Rutanga', 298, -1, -1),
(2731, 'Rutanganika', 260, -1, -1),
(2732, 'Rutega', 132, -1, -1),
(2733, 'Rutegama', 62, -1, -1),
(2734, 'Rutegama', 102, -1, -1),
(2735, 'Rutegama', 113, -1, -1),
(2736, 'Rutegama', 125, -1, -1),
(2737, 'Rutegama', 251, -1, -1),
(2738, 'Rutegama', 363, -1, -1),
(2739, 'Ruteme', 368, -1, -1),
(2740, 'Rutenderi', 91, -1, -1),
(2741, 'Rutimbura', 9, -1, -1),
(2742, 'Rutoke', 74, -1, -1),
(2743, 'Rutoke', 215, -1, -1),
(2744, 'Rutoke', 238, -1, -1),
(2745, 'Rutoke', 252, -1, -1),
(2746, 'Rutonganikwa', 9, -1, -1),
(2747, 'Rutonganikwa', 369, -1, -1),
(2748, 'Rutongo', 370, -1, -1),
(2749, 'Rutorero', 47, -1, -1),
(2750, 'Rutovu', 128, -1, -1),
(2751, 'Rutsindu', 254, -1, -1),
(2752, 'Rutumo', 214, -1, -1),
(2753, 'Rutundwe', 179, -1, -1),
(2754, 'Rutunga', 123, -1, -1),
(2755, 'Rutwenzi', 202, -1, -1),
(2756, 'Ruveri', 134, -1, -1),
(2757, 'Ruvomo', 261, -1, -1),
(2758, 'Ruvuga', 121, -1, -1),
(2759, 'Ruvumera', 173, -1, -1),
(2760, 'Ruvumera', 278, -1, -1),
(2761, 'Ruvumu', 1, -1, -1),
(2762, 'Ruvumu', 32, -1, -1),
(2763, 'Ruvumu', 37, -1, -1),
(2764, 'Ruvumu', 80, -1, -1),
(2765, 'Ruvumu', 130, -1, -1),
(2766, 'Ruvumu', 154, -1, -1),
(2767, 'Ruvumu', 184, -1, -1),
(2768, 'Ruvumu', 304, -1, -1),
(2769, 'Ruvyagira', 172, -1, -1),
(2770, 'Ruvyagira', 274, -1, -1),
(2771, 'Ruvyagira', 278, -1, -1),
(2772, 'Ruvyimvya', 280, -1, -1),
(2773, 'Ruyaga', 251, -1, -1),
(2774, 'Ruyaga', 263, -1, -1),
(2775, 'Ruyaga', 269, -1, -1),
(2776, 'Ruyaga', 369, -1, -1),
(2777, 'Ruyaga', 372, -1, -1),
(2778, 'Ruyenzi', 167, -1, -1),
(2779, 'Ruyigi', 373, -1, -1),
(2780, 'Ruyogoro', 144, -1, -1),
(2781, 'Ruyobera', 370, -1, -1),
(2782, 'Ruziba', 48, -1, -1),
(2783, 'Ruziba', 148, -1, -1),
(2784, 'Ruziba', 374, -1, -1),
(2785, 'Ruzibazi', 209, -1, -1),
(2786, 'Ruzira', 110, -1, -1),
(2787, 'Ruzo', 375, -1, -1),
(2788, 'Rwagongwe', 376, -1, -1),
(2790, 'Rwamabuye-Gikana', 245, -1, -1),
(2791, 'Rwamikore', 68, -1, -1),
(2792, 'Rwamvura', 161, -1, -1),
(2794, 'Rwamvurwe', 342, -1, -1),
(2795, 'Rwanda', 196, -1, -1),
(2796, 'Rwandagaro', 347, -1, -1),
(2797, 'Rwaniro', 255, -1, -1),
(2798, 'Rwankangoma', 279, -1, -1),
(2799, 'Rwankuba', 301, -1, -1),
(2800, 'Rwatsinda', 42, -1, -1),
(2801, 'Rwaya', 23, -1, -1),
(2802, 'Rwego', 179, -1, -1),
(2803, 'Rwegura', 376, -1, -1),
(2804, 'Rwesero.', 196, -1, -1),
(2805, 'Rweteto', 30, -1, -1),
(2806, 'Rweza', 114, -1, -1),
(2807, 'Rweza', 191, -1, -1),
(2808, 'Rweza', 252, -1, -1),
(2809, 'Rweza', 378, -1, -1),
(2810, 'Rwezamenyo', 198, -1, -1),
(2811, 'Rwibaga', 131, -1, -1),
(2812, 'Rwibikara', 111, -1, -1),
(2813, 'Rwimanzovu', 389, -1, -1),
(2814, 'Rwimbogo', 204, -1, -1),
(2815, 'Rwimbogo', 364, -1, -1),
(2816, 'Rwingiri', 11, -1, -1),
(2817, 'Rwingiri', 176, -1, -1),
(2818, 'Rwingoma', 23, -1, -1),
(2819, 'Rwintamba', 231, -1, -1),
(2820, 'Rwintare', 261, -1, -1),
(2821, 'Rwinyana', 32, -1, -1),
(2822, 'Rwizingwe', 333, -1, -1),
(2823, 'Rwuya', 98, -1, -1),
(2824, 'Rwuya', 211, -1, -1),
(2826, 'Ryamukona', 132, -1, -1),
(2827, 'Ryirengeye', 137, -1, -1),
(2828, 'Sagara', 160, -1, -1),
(2829, 'Sakinyinya', 199, -1, -1),
(2830, 'Sakinyonga', 88, -1, -1),
(2831, 'Sakonga', 370, -1, -1),
(2832, 'Samahuge', 324, -1, -1),
(2833, 'Samvura', 187, -1, -1),
(2834, 'Santunda', 383, -1, -1),
(2835, 'Sanzu', 74, -1, -1),
(2836, 'Saswe', 120, -1, -1),
(2837, 'Saswe', 154, -1, -1),
(2838, 'Sebeyi', 229, -1, -1),
(2839, 'Sehe', 206, -1, -1),
(2840, 'Senga', 62, -1, -1),
(2841, 'Shaka', 76, -1, -1),
(2842, 'Shanga', 369, -1, -1),
(2843, 'ShariI', 13, -1, -1),
(2844, 'ShariII', 13, -1, -1),
(2845, 'Shasha', 54, -1, -1),
(2846, 'Shatanya', 124, -1, -1),
(2847, 'Shembati', 309, -1, -1),
(2848, 'Shembe', 287, -1, -1),
(2849, 'Shikiro', 69, -1, -1),
(2850, 'Shimwe', 361, -1, -1),
(2851, 'Shinge', 120, -1, -1),
(2852, 'Shinya', 301, -1, -1),
(2853, 'Shombo', 365, -1, -1),
(2854, 'Shore', 383, -1, -1),
(2855, 'Shoza', 8, -1, -1),
(2856, 'Shoza', 126, -1, -1),
(2857, 'Shumba', 30, -1, -1),
(2858, 'Shurugumya', 336, -1, -1),
(2859, 'Sigi', 95, -1, -1),
(2860, 'Sigu', 321, -1, -1),
(2861, 'Simba', 198, -1, -1),
(2862, 'Siza', 112, -1, -1),
(2863, 'Songa', 384, -1, -1),
(2864, 'Songore', 132, -1, -1),
(2865, 'Sorero', 53, -1, -1),
(2866, 'Sororezo', 282, -1, -1),
(2867, 'Taba', 90, -1, -1),
(2868, 'Taba', 104, -1, -1),
(2869, 'Taba', 241, -1, -1),
(2870, 'Taba', 257, -1, -1),
(2871, 'Taba', 311, -1, -1),
(2872, 'Tangara', 50, -1, -1),
(2873, 'Tara', 140, -1, -1),
(2874, 'Tara', 371, -1, -1),
(2875, 'Tenga', 340, -1, -1),
(2876, 'Tondero', 348, -1, -1),
(2877, 'Tonga', 127, -1, -1),
(2878, 'Tongwe', 41, -1, -1),
(2879, 'Tye', 335, -1, -1),
(2880, 'Tura', 386, -1, -1),
(2881, 'Twinkwavu', 387, -1, -1),
(2882, 'Tyazo', 35, -1, -1),
(2883, 'Vugizo', 97, -1, -1),
(2884, 'Vumasi', 375, -1, -1),
(2885, 'Vumbi', 389, -1, -1),
(2887, 'Vyuya', 390, -1, -1),
(2888, 'Warubondo', 97, -1, -1),
(2889, 'Yandaro', 132, -1, -1),
(2890, 'Yanza', 264, -1, -1),
(2891, 'Yanza', 348, -1, -1),
(2892, 'Yengero', 371, -1, -1),
(2893, 'Yoba', 124, -1, -1),
(2894, 'Zeimet-O.U.A', 169, -1, -1),
(2895, 'Zina', 57, -1, -1),
(2896, 'Zingi-Nyaruyaga', 368, -1, -1),
(2897, 'Gatonde', 409, -1, -1),
(2898, 'Mazita', 409, -1, -1),
(2899, 'Ruvumu', 409, -1, -1),
(2900, 'NYENZI', 409, -1, -1),
(2901, 'Maramvya', 408, -1, -1),
(2902, 'Mbabazi', 408, -1, -1),
(2903, 'Ngugo', 408, -1, -1),
(2904, 'Rwandagaro', 408, -1, -1),
(2905, 'Nyarunazi', 408, -1, -1),
(2906, 'Taba', 408, -1, -1),
(2907, 'Rugwiza', 410, -1, -1),
(2908, 'Masama', 410, -1, -1),
(2909, 'Butamenwa', 410, -1, -1),
(2910, 'Ruhuma', 410, -1, -1),
(2911, 'Bibara', 394, -1, -1),
(2912, 'Mubaragaza', 394, -1, -1),
(2913, 'Nkubara', 394, -1, -1),
(2914, 'Rabiro', 394, -1, -1),
(2915, 'Sagara', 394, -1, -1),
(2916, 'Gisimbawaga', 395, -1, -1),
(2917, 'Gasera', 395, -1, -1),
(2918, 'Kibuye', 395, -1, -1),
(2919, 'Mutara', 405, -1, -1),
(2920, 'Kigoma', 405, -1, -1),
(2921, 'Yagizo', 395, -1, -1),
(2922, 'Gakungwe', 411, -1, -1),
(2923, 'Ramba', 411, -1, -1),
(2924, 'Mena', 411, -1, -1),
(2925, 'Kiremba', 411, -1, -1),
(2926, 'Kinyami', 314, -1, -1),
(2927, 'Kabere', 361, -1, -1),
(2928, 'Rugunga', 57, -1, -1),
(2929, 'Kivyeyi', 397, -1, -1),
(2930, 'Murambi', 397, -1, -1),
(2931, 'Matyazo', 397, -1, -1),
(2932, 'Nyagisozi', 397, -1, -1),
(2933, 'Musongati', 398, -1, -1),
(2934, 'kanyami', 398, -1, -1),
(2935, 'Gahweza', 398, -1, -1),
(2936, 'Ngara', 398, -1, -1),
(2937, 'Renga', 399, -1, -1),
(2938, 'Ruvumu', 399, -1, -1),
(2939, 'Kiganda', 399, -1, -1),
(2940, 'Rubumba', 399, -1, -1),
(2941, 'Kayange', 399, -1, -1),
(2942, 'Kanegwa', 399, -1, -1),
(2943, 'Burenza', 399, -1, -1),
(2944, 'Nkomwe', 399, -1, -1),
(2945, 'Kibungo', 120, -1, -1),
(2946, 'Buraza', 38, -1, -1),
(2947, 'Ndava', 38, -1, -1),
(2948, 'Gisura', 191, -1, -1),
(2949, 'Gitaramuka', 191, -1, -1),
(2950, 'Gikizi', 141, -1, -1),
(2951, 'Murenge', 377, -1, -1),
(2952, 'Mukoro', 16, -1, -1),
(2953, 'Kinanira IV', 266, -1, -1),
(2954, 'Kagoma', 219, -1, -1),
(2955, 'Munyika', 151, -1, -1),
(2956, 'Mbogora', 277, -1, -1),
(5000, 'Non listé', 0, -1, -1),
(5001, 'Burambi', 401, -1, -1),
(5002, 'Nyagisozi', 401, -1, -1),
(5003, 'Kivyeyi', 401, -1, -1),
(5004, 'Matyazo', 401, -1, -1),
(5005, 'Kiganda', 402, -1, -1),
(5006, 'Kanegwa', 402, -1, -1),
(5007, 'Burenza', 402, -1, -1),
(5008, 'Nkonwe', 402, -1, -1),
(5009, 'Renga', 402, -1, -1),
(5010, 'Ruvubu', 402, -1, -1),
(5011, 'Kayange', 402, -1, -1),
(5012, 'Rubumba', 402, -1, -1),
(5013, 'Musongati', 403, -1, -1),
(5014, 'Gahweza', 403, -1, -1),
(5015, 'Ngara', 403, -1, -1),
(5016, 'Kanyami', 403, -1, -1),
(5017, 'Bibara', 404, -1, -1),
(5018, 'Mubaragaza', 404, -1, -1),
(5019, 'Nkubara', 404, -1, -1),
(5020, 'Sagara', 404, -1, -1),
(5021, 'Rabiro', 404, -1, -1),
(5022, 'Gasera', 405, -1, -1),
(5023, 'Gisimbawaga', 405, -1, -1),
(5024, 'Kibuye', 405, -1, -1),
(5025, 'Yagizo', 405, -1, -1),
(5026, 'Kireka', 178, -1, -1),
(5027, 'Gisabazuba', 406, -1, -1),
(5028, 'Burambira', 406, -1, -1),
(5029, 'Nyarushanga', 406, -1, -1),
(5030, 'Gikingo', 406, -1, -1),
(5031, 'Burenza', 406, -1, -1),
(5032, 'Mirwa', 406, -1, -1),
(5033, 'Mirango', 407, -1, -1),
(5034, 'Kirungu', 407, -1, -1),
(5035, 'Mushishi', 407, -1, -1),
(5036, 'Kabwayi', 407, -1, -1),
(5037, 'Kigutu', 407, -1, -1),
(5038, 'Gakungwe', 411, -1, -1),
(5039, 'Nyabunyegeri ', 340, -1, -1),
(5040, 'Village', 22, -1, -1),
(5041, 'Rabiro', 256, -1, -1),
(5042, 'Gitsira', 256, -1, -1),
(5043, 'Village de developement', 200, -1, -1),
(5044, 'GIFURWE ', 48, -1, -1),
(5045, 'Vilage de developement', 200, -1, -1);

-- --------------------------------------------------------

--
-- Structure de la table `syst_communes`
--

DROP TABLE IF EXISTS `syst_communes`;
CREATE TABLE IF NOT EXISTS `syst_communes` (
  `COMMUNE_ID` int(11) NOT NULL,
  `COMMUNE_NAME` varchar(100) NOT NULL,
  `PROVINCE_ID` int(11) NOT NULL,
  `COMMUNE_LATITUDE` float NOT NULL DEFAULT '-1',
  `COMMUNE_LONGITUDE` float NOT NULL DEFAULT '-1'
) ENGINE=InnoDB DEFAULT CHARSET=latin1;

--
-- Déchargement des données de la table `syst_communes`
--

INSERT INTO `syst_communes` (`COMMUNE_ID`, `COMMUNE_NAME`, `PROVINCE_ID`, `COMMUNE_LATITUDE`, `COMMUNE_LONGITUDE`) VALUES
(1, 'BISORO', 14, -3.63616, 29.7077),
(2, 'BUBANZA', 1, -3.15724, 29.3715),
(3, 'BUGABIRA', 10, -2.5311, 30.0717),
(4, 'BUGANDA', 6, -2.96512, 29.1928),
(5, 'BUGARAMA', 16, -3.72266, 29.3155),
(6, 'BUGENDANA', 7, -3.25607, 29.934),
(7, 'BUGENYUZI', 8, -3.07874, 30.0606),
(8, 'BUHIGA', 8, -3.08549, 30.1876),
(9, 'BUHINYUZA', 13, -3.0261, 30.3623),
(10, 'BUKEMBA', 17, -4.0067, 30.0624),
(11, 'BUKEYE', 12, -3.19363, 29.6368),
(12, 'BUKINANYANA', 6, -2.87578, 29.3178),
(13, 'BUKIRASAZI', 7, -3.70177, 29.9668),
(14, 'BURAMBI', 16, -3.802, 29.4389),
(15, 'BURAZA', 7, -3.75613, 29.906),
(16, 'BURURI', 4, -3.94454, 29.6186),
(17, 'BUSIGA', 15, -2.85, 29.7447),
(18, 'BUSONI', 10, -2.5267, 30.2171),
(19, 'BUTAGANZWA', 9, -3.08393, 29.7286),
(20, 'BUTAGANZWA', 18, -3.5685, 30.138),
(22, 'BUTEZI', 18, -3.3937, 30.1549),
(23, 'BUTIHINDA', 13, -2.7165, 30.319),
(24, 'BUYENGERO', 16, -3.8146, 29.5426),
(26, 'BWAMBARANGWE', 10, -2.5832, 30.3344),
(27, 'BWERU', 18, -3.3229, 30.4706),
(29, 'CANKUZO', 5, -3.2171, 30.551),
(30, 'CENDAJURU', 5, -3.28626, 30.602),
(33, 'GAHOMBO', 9, -3.0214, 29.7646),
(34, 'GASHIKANWA', 15, -2.9081, 29.8987),
(35, 'GASHOHO', 13, -2.8167, 30.1375),
(36, 'GASORWE', 13, -2.84883, 30.236),
(37, 'GATARA', 9, -2.98387, 29.6491),
(38, 'GIHANGA', 1, -3.19354, 29.3062),
(39, 'GIHARO', 17, -3.78045, 30.2352),
(40, 'GIHETA', 7, -3.33623, 29.882),
(41, 'GIHOGAZI', 8, -3.14103, 29.9802),
(43, 'GISAGARA', 5, -3.20142, 30.735),
(44, 'GISHUBI', 7, -3.6153, 29.8902),
(45, 'GISOZI', 14, -3.56597, 29.6825),
(46, 'GISURU', 18, -3.4578, 30.5019),
(47, 'GITANGA', 17, -3.98235, 29.9176),
(48, 'GITARAMUKA', 8, -2.97503, 30.1632),
(49, 'GITEGA', 7, -3.4262, 29.933),
(50, 'GITERANYI', 13, -2.5173, 30.4586),
(51, 'GITOBE', 10, -2.6484, 30.2012),
(52, 'ISALE', 2, -3.34511, 29.4832),
(53, 'ITABA', 7, -3.60443, 30.0473),
(54, 'KABARORE', 9, -2.8497, 29.5408),
(55, 'KABEZI', 2, -3.53936, 29.3599),
(58, 'KANYOSHA', 2, -3.34047, 29.3539),
(59, 'KAYANZA', 9, -2.91792, 29.6321),
(60, 'KAYOGORO', 11, -4.1181, 29.9464),
(61, 'KAYOKWE', 14, -3.5291, 29.7398),
(62, 'KIBAGO', 11, -4.2716, 29.8498),
(63, 'KIGAMBA', 5, -3.05242, 30.4818),
(66, 'KINYINYA', 18, -3.6575, 30.343),
(67, 'KIREMBA', 15, -2.8195, 29.9818),
(68, 'KIRUNDO', 10, -2.5854, 30.0933),
(69, 'MABANDA', 11, -4.2762, 29.7738),
(70, 'MABAYI', 6, -2.715, 29.2444),
(71, 'MAKAMBA', 11, -4.13479, 29.8046),
(72, 'MAKEBUKO', 7, -3.57236, 29.9666),
(73, 'MARANGARA', 15, -2.7424, 29.9941),
(74, 'MATANA', 4, -3.73167, 29.7194),
(75, 'MATONGO', 9, -3.06054, 29.6106),
(76, 'MBUYE', 12, -3.2301, 29.721),
(77, 'MISHIHA', 5, -3.06187, 30.735),
(78, 'MPANDA', 1, -3.17114, 29.4041),
(79, 'MPINGA-KAYOVE', 17, -3.7967, 30.1555),
(80, 'MUBIMBI', 2, -3.2843, 29.497),
(81, 'MUGAMBA', 4, -3.66536, 29.5804),
(82, 'MUGINA', 6, -2.75422, 29.1085),
(83, 'MUGONGO-MANGA', 2, -3.45326, 29.534),
(84, 'MUHANGA', 9, -3.02822, 29.8327),
(85, 'MUHUTA', 16, -3.61587, 29.3933),
(86, 'MUKIKE', 2, -3.56002, 29.534),
(87, 'MURAMVYA', 12, -3.24012, 29.6172),
(88, 'MURUTA', 9, -2.92785, 29.5934),
(89, 'MURWI', 6, -2.89753, 29.2088),
(91, 'MUSIGATI', 1, -3.03023, 29.4876),
(92, 'MUSONGATI', 17, -3.7275, 30.0929),
(93, 'MUTAHO', 7, -3.14488, 29.8665),
(94, 'MUTAMBU', 2, -3.58747, 29.3555),
(95, 'MUTIMBUZI', 2, -3.29039, 29.3599),
(96, 'MUYINGA', 13, -2.84414, 30.3418),
(97, 'MWAKIRO', 13, -3.1306, 30.2909),
(98, 'MWUMBA', 15, -2.82212, 29.8012),
(99, 'NDAVA', 14, -3.3785, 29.78),
(101, 'NGOZI', 15, -2.90515, 29.8085),
(102, 'NTEGA', 10, -2.608, 29.9937),
(103, 'NYABIHANGA', 14, -3.4694, 29.8081),
(104, 'NYABIRABA', 2, -3.44635, 29.476),
(105, 'NYABITSINDA', 18, -3.5387, 30.2742),
(107, 'NYAMURENZA', 15, -2.8246, 29.8651),
(108, 'NYANZA-LAC', 11, -4.3385, 29.6046),
(109, 'NYARUSANGE', 7, -3.56808, 29.8302),
(110, 'RANGO', 9, -3.11865, 29.7569),
(112, 'RUGAZI', 1, -3.20664, 29.4876),
(113, 'RUGOMBO', 6, -2.81648, 29.0794),
(114, 'RUHORORO', 15, -3.0519, 29.8857),
(115, 'RUMONGE', 16, -3.9746, -3.9746),
(116, 'RUSAKA', 14, -3.4403, 29.6314),
(117, 'RUTANA', 17, -3.9264, 29.9905),
(118, 'RUTEGAMA', 12, -3.3039, 29.7491),
(119, 'RUTOVU', 4, -3.90516, 29.8584),
(120, 'RUYIGI', 18, -3.4734, 30.2501),
(121, 'RYANSORO', 7, -3.70727, 29.7988),
(122, 'SHOMBO', 8, -3.28524, 30.0539),
(123, 'SONGA', 4, -3.85593, 29.7426),
(124, 'TANGARA', 15, -2.91414, 30.0573),
(125, 'VUGIZO', 11, -4.13479, 29.8046),
(126, 'VUMBI', 10, -2.6978, 30.1042),
(127, 'VYANDA', 4, -4.10708, 29.6079),
(128, 'NYABIKERE', 8, -3.26466, 30.1412),
(129, 'KIGANDA', 12, -3.3451, 29.6874),
(130, 'MUTUMBA', 8, -3.20211, 30.2425),
(131, 'NTAHANGWA', 3, -3.34496, 29.3936),
(132, 'MUHA', 3, -3.43097, 29.4153),
(133, 'MUKAZA', 3, -3.34479, 29.3918);

-- --------------------------------------------------------

--
-- Structure de la table `syst_provinces`
--

DROP TABLE IF EXISTS `syst_provinces`;
CREATE TABLE IF NOT EXISTS `syst_provinces` (
  `PROVINCE_ID` int(11) NOT NULL,
  `PROVINCE_NAME` varchar(100) NOT NULL,
  `OBJECTIF` int(11) NOT NULL,
  `PROVINCE_LATITUDE` varchar(50) NOT NULL DEFAULT '-1',
  `PROVINCE_LONGITUDE` varchar(50) NOT NULL DEFAULT '-1'
) ENGINE=InnoDB DEFAULT CHARSET=latin1;

--
-- Déchargement des données de la table `syst_provinces`
--

INSERT INTO `syst_provinces` (`PROVINCE_ID`, `PROVINCE_NAME`, `OBJECTIF`, `PROVINCE_LATITUDE`, `PROVINCE_LONGITUDE`) VALUES
(1, 'Bubanza', 10000, '-3.08459', '29.3948'),
(2, 'Bujumbura', 20000, '-3.34607', '29.4835'),
(3, 'Bujumbura Mairie', 25000, '-3.3931005', '29.3690935'),
(4, 'BURURI', 17029, '-3.94794', '29.6169'),
(5, 'CANKUZO', 5919, '-3.14362', '30.2973'),
(6, 'CIBITOKE', 15527, '-2.84977', '28.9592'),
(7, 'GITEGA', 25268, '-3.43143', '29.9079'),
(8, 'KARUSI', 7743, '-3.14937', '29.8351'),
(9, 'KAYANZA', 13579, '-3.01417', '29.3533'),
(10, 'KIRUNDO', 10338, '-2.55596', '29.8933'),
(11, 'MAKAMBA', 18244, '-4.20607', '29.5075'),
(12, 'Muramvya', 10885, '-3.26797', '29.6152'),
(13, 'Muyinga', 10425, '-2.84551', '30.3337'),
(14, 'Mwaro', 11859, '-3.51254', '29.693'),
(15, 'Ngozi', 13585, '-2.90847', '29.8057'),
(16, 'Rumonge', 16221, '-3.97226', '29.4305'),
(17, 'Rutana', 9860, '-3.92546', '29.9823'),
(18, 'Ruyigi', 7158, '-3.47421', '30.2379');

-- --------------------------------------------------------

--
-- Structure de la table `syst_zones`
--

DROP TABLE IF EXISTS `syst_zones`;
CREATE TABLE IF NOT EXISTS `syst_zones` (
  `ZONE_ID` int(11) NOT NULL,
  `ZONE_NAME` varchar(50) NOT NULL,
  `COMMUNE_ID` int(11) NOT NULL,
  `LATITUDE` float DEFAULT '-1',
  `LONGITUDE` float DEFAULT '-1'
) ENGINE=InnoDB DEFAULT CHARSET=latin1;

--
-- Déchargement des données de la table `syst_zones`
--

INSERT INTO `syst_zones` (`ZONE_ID`, `ZONE_NAME`, `COMMUNE_ID`, `LATITUDE`, `LONGITUDE`) VALUES
(1, 'Bamba', 16, -1, -1),
(2, 'Banga', 75, -1, -1),
(3, 'Baziro', 51, -1, -1),
(4, 'Benga', 52, -1, -1),
(5, 'Bigina', 60, -1, -1),
(6, 'Bikanka', 86, -1, -1),
(7, 'Binyuro', 127, -1, -1),
(8, 'Birambi', 107, -1, -1),
(9, 'Bisinde', 120, -1, -1),
(10, 'Bisoro', 1, -1, -1),
(11, 'Bitare', 6, -1, -1),
(12, 'Biyorwa', 20, -1, -1),
(13, 'Bubanza', 2, -1, -1),
(14, 'Bugarama', 5, -1, -1),
(15, 'Bugarama', 87, -1, -1),
(16, 'Bugendana', 6, -1, -1),
(17, 'Bugenyuzi', 7, -1, -1),
(18, 'Bugina', 67, -1, -1),
(19, 'Bugorora', 26, -1, -1),
(20, 'Buhangura', 76, -1, -1),
(21, 'Buhayira', 89, -1, -1),
(22, 'Buhevyi', 53, -1, -1),
(23, 'Buhiga', 8, -1, -1),
(24, 'Buhindo', 89, -1, -1),
(25, 'Buhinyuza', 8, -1, -1),
(26, 'Buhinyuza', 9, -1, -1),
(27, 'Buhoro', 26, -1, -1),
(28, 'Buhoro', 70, -1, -1),
(29, 'Bukemba', 10, -1, -1),
(30, 'Bukeye', 11, -1, -1),
(31, 'Bukeye', 62, -1, -1),
(32, 'Bukirasazi', 13, -1, -1),
(33, 'Bukoro', 109, -1, -1),
(34, 'Bukuba', 126, -1, -1),
(35, 'Bumba', 12, -1, -1),
(36, 'Burambira', 35, -1, -1),
(37, 'Burarana', 75, -1, -1),
(38, 'Buraza', 15, -1, -1),
(39, 'Buringa', 38, -1, -1),
(40, 'Buruhukiro', 115, -1, -1),
(41, 'Bururi', 16, -1, -1),
(42, 'Busangana', 11, -1, -1),
(43, 'Busenge', 85, -1, -1),
(44, 'Buseruko', 82, -1, -1),
(45, 'Busoro', 27, -1, -1),
(46, 'Butaganzwa', 19, -1, -1),
(47, 'Butahana', 70, -1, -1),
(48, 'Butanuka', 78, -1, -1),
(49, 'Butare', 10, -1, -1),
(50, 'Butarugera', 23, -1, -1),
(51, 'Buterere', 131, -1, -1),
(52, 'Butezi', 15, -1, -1),
(53, 'Butezi', 22, -1, -1),
(54, 'Butezi', 39, -1, -1),
(55, 'Butihinda', 23, -1, -1),
(56, 'Buvumbi', 23, -1, -1),
(57, 'Buvyuko', 2, -1, -1),
(58, 'Buye', 98, -1, -1),
(59, 'Buyenzi', 133, -1, -1),
(60, 'Buziracanda', 99, -1, -1),
(61, 'Buzirasazi', 89, -1, -1),
(62, 'Bwagiriza', 22, -1, -1),
(63, 'Bwasare', 36, -1, -1),
(64, 'Bwiza', 133, -1, -1),
(65, 'Camazi', 43, -1, -1),
(66, 'Cankuzo', 29, -1, -1),
(67, 'Cendajuru', 30, -1, -1),
(68, 'Cendajuru', 126, -1, -1),
(69, 'Centre Urbain', 101, -1, -1),
(70, 'Cewe', 68, -1, -1),
(71, 'Cibitoke', 131, -1, -1),
(72, 'Cibitoke', 113, -1, -1),
(73, 'Cindonyi', 73, -1, -1),
(74, 'Condi', 119, -1, -1),
(75, 'Cumba', 96, -1, -1),
(76, 'Dunga', 60, -1, -1),
(77, 'Gahabura', 12, -1, -1),
(78, 'Gaheta', 110, -1, -1),
(79, 'Gahombo', 33, -1, -1),
(80, 'Gakere', 67, -1, -1),
(81, 'Gakungu', 39, -1, -1),
(82, 'Gasanda', 16, -1, -1),
(83, 'Gasave', 9, -1, -1),
(84, 'Gasenyi', 4, -1, -1),
(85, 'Gasezerwa', 124, -1, -1),
(86, 'Gashikanwa', 34, -1, -1),
(87, 'Gashoho', 35, -1, -1),
(88, 'Gasibe', 74, -1, -1),
(89, 'Gasorwe', 36, -1, -1),
(90, 'Gasura', 76, -1, -1),
(91, 'Gatabo', 60, -1, -1),
(92, 'Gatara', 37, -1, -1),
(93, 'Gatare', 18, -1, -1),
(94, 'Gatete', 115, -1, -1),
(95, 'Gatobo', 34, -1, -1),
(96, 'Gatsinda', 98, -1, -1),
(97, 'Gatumba', 95, -1, -1),
(98, 'Gatwe', 61, -1, -1),
(99, 'Gihamagara', 53, -1, -1),
(100, 'Gihanga', 38, -1, -1),
(101, 'Giharo', 39, -1, -1),
(102, 'Giheta', 40, -1, -1),
(103, 'Giheta', 73, -1, -1),
(104, 'Gihogazi', 41, -1, -1),
(105, 'Gihosha', 131, -1, -1),
(106, 'Gikomero', 110, -1, -1),
(107, 'Gikuyo', 68, -1, -1),
(108, 'Gisagara', 43, -1, -1),
(109, 'Gisanze', 35, -1, -1),
(110, 'Gisarenda', 74, -1, -1),
(111, 'Gisenyi', 18, -1, -1),
(112, 'Gisenyi', 71, -1, -1),
(113, 'Gishiha', 125, -1, -1),
(114, 'Gisozi', 45, -1, -1),
(115, 'Gistiro', 127, -1, -1),
(116, 'Gisuru', 46, -1, -1),
(117, 'Gitaba', 71, -1, -1),
(118, 'Gitaba', 117, -1, -1),
(119, 'Gitanga', 47, -1, -1),
(120, 'Gitanga', 63, -1, -1),
(121, 'Gitara', 69, -1, -1),
(122, 'Gitaramuka', 48, -1, -1),
(123, 'Gitaza', 85, -1, -1),
(124, 'Gitega-C.Urbain', 49, -1, -1),
(125, 'Gitega-Rural', 49, -1, -1),
(126, 'Giteranyi', 50, -1, -1),
(127, 'Gitobe', 51, -1, -1),
(128, 'Gomvyi', 94, -1, -1),
(129, 'Itaba', 53, -1, -1),
(130, 'Jarama', 9, -1, -1),
(131, 'Jenda', 83, -1, -1),
(132, 'Jene', 54, -1, -1),
(133, 'Kabanga', 40, -1, -1),
(134, 'Kabanga', 66, -1, -1),
(135, 'Kabarore', 54, -1, -1),
(136, 'Kabonga', 108, -1, -1),
(137, 'Kabuye', 59, -1, -1),
(138, 'Kabuye', 71, -1, -1),
(139, 'Kabuye', 75, -1, -1),
(140, 'Kabuye', 110, -1, -1),
(141, 'Kajondi', 119, -1, -1),
(142, 'Kamaramagambo', 23, -1, -1),
(143, 'Kamenge', 131, -1, -1),
(144, 'Kananira', 124, -1, -1),
(145, 'Kangozi', 13, -1, -1),
(146, 'Kanka', 1, -1, -1),
(147, 'Kankima', 83, -1, -1),
(148, 'Kanyosha', 132, -1, -1),
(149, 'Kavumu', 121, -1, -1),
(150, 'Kayanza', 59, -1, -1),
(151, 'Kayero', 79, -1, -1),
(152, 'Kayogoro', 60, -1, -1),
(153, 'Kayogoro', 69, -1, -1),
(154, 'Kayokwe', 61, -1, -1),
(155, 'Kayongozi', 27, -1, -1),
(156, 'Kazirabageni', 108, -1, -1),
(157, 'Kibago', 62, -1, -1),
(158, 'Kibezi', 81, -1, -1),
(159, 'Kibungere', 103, -1, -1),
(160, 'Kibuye', 52, -1, -1),
(161, 'Kigamba', 63, -1, -1),
(162, 'Kigina', 3, -1, -1),
(163, 'Kigina', 104, -1, -1),
(164, 'Kigoma', 3, -1, -1),
(165, 'Kiguhu', 79, -1, -1),
(166, 'Kigwena', 115, -1, -1),
(167, 'Kimeza', 26, -1, -1),
(168, 'Kinama', 131, -1, -1),
(169, 'Kinindo', 132, -1, -1),
(170, 'Kinyinya', 66, -1, -1),
(171, 'Kinzanza', 47, -1, -1),
(172, 'Kirambi', 27, -1, -1),
(173, 'Kiramira', 113, -1, -1),
(174, 'Kiremba', 36, -1, -1),
(175, 'Kiremba', 67, -1, -1),
(176, 'Kiriba', 40, -1, -1),
(177, 'Kirundo/C.Urbain', 68, -1, -1),
(178, 'Kirundo-Rural', 68, -1, -1),
(179, 'Kiryama', 123, -1, -1),
(180, 'Kivumu', 81, -1, -1),
(181, 'Kivyuka', 91, -1, -1),
(182, 'Kiyange', 62, -1, -1),
(183, 'Kiyanza', 97, -1, -1),
(184, 'Kiyenzi', 58, -1, -1),
(185, 'Kiyonza', 3, -1, -1),
(186, 'Kizuka', 115, -1, -1),
(187, 'Mabanda', 69, -1, -1),
(188, 'Mabayi', 70, -1, -1),
(189, 'Magara', 5, -1, -1),
(190, 'Mageyo', 80, -1, -1),
(191, 'Mahonda', 15, -1, -1),
(192, 'Mahwa', 121, -1, -1),
(193, 'Makaba', 101, -1, -1),
(194, 'Makamba', 71, -1, -1),
(195, 'Makamba', 116, -1, -1),
(196, 'Makebuko', 72, -1, -1),
(197, 'Maramvya', 14, -1, -1),
(198, 'Maramvya', 72, -1, -1),
(199, 'Maramvya', 84, -1, -1),
(200, 'Maramvya', 95, -1, -1),
(201, 'Marangara', 73, -1, -1),
(202, 'Mariza', 14, -1, -1),
(203, 'Martyazo', 80, -1, -1),
(204, 'Masabo', 7, -1, -1),
(205, 'Masaka', 50, -1, -1),
(206, 'Masango', 12, -1, -1),
(207, 'Matana', 74, -1, -1),
(208, 'Matara', 104, -1, -1),
(209, 'Mayuyu', 86, -1, -1),
(210, 'Mbirizi', 37, -1, -1),
(211, 'Mbuye', 76, -1, -1),
(212, 'Migera', 55, -1, -1),
(213, 'Mihigo', 17, -1, -1),
(214, 'Minago', 115, -1, -1),
(215, 'Minyare', 29, -1, -1),
(216, 'Mitakataka', 2, -1, -1),
(217, 'Mivo', 101, -1, -1),
(218, 'Mparamirundi', 17, -1, -1),
(219, 'Mpinga', 79, -1, -1),
(220, 'Mpinga', 125, -1, -1),
(221, 'Mubanga', 114, -1, -1),
(222, 'Mubavu', 27, -1, -1),
(223, 'Mubimbi', 80, -1, -1),
(224, 'Mubira', 22, -1, -1),
(225, 'Mubogora', 84, -1, -1),
(226, 'Mubone', 55, -1, -1),
(227, 'Mubuga', 49, -1, -1),
(228, 'Mubuga', 101, -1, -1),
(229, 'Mudende', 24, -1, -1),
(230, 'Mugano', 50, -1, -1),
(231, 'Mugaruro', 44, -1, -1),
(232, 'Mugege', 20, -1, -1),
(233, 'Mugendo', 102, -1, -1),
(234, 'Mugeni', 60, -1, -1),
(235, 'Mugera', 6, -1, -1),
(236, 'Mugera', 77, -1, -1),
(237, 'Mugomera', 101, -1, -1),
(238, 'Mugondo', 79, -1, -1),
(239, 'Mugongo', 83, -1, -1),
(240, 'Muhanga', 84, -1, -1),
(241, 'Muheka', 123, -1, -1),
(242, 'Muhuta', 85, -1, -1),
(243, 'Muhwazi', 105, -1, -1),
(244, 'Muhweza', 29, -1, -1),
(245, 'Muhweza', 119, -1, -1),
(246, 'Mukenke', 26, -1, -1),
(247, 'Mukerrwa', 18, -1, -1),
(248, 'Mukungu', 108, -1, -1),
(249, 'Munagano', 96, -1, -1),
(250, 'Munago', 103, -1, -1),
(251, 'Munanira', 41, -1, -1),
(252, 'Mungwa', 49, -1, -1),
(253, 'Munini', 16, -1, -1),
(254, 'Munzenze', 77, -1, -1),
(255, 'Murago', 14, -1, -1),
(256, 'Muramba', 2, -1, -1),
(257, 'Muramba', 81, -1, -1),
(258, 'Murambi', 109, -1, -1),
(259, 'Muramvya', 87, -1, -1),
(260, 'Murenda', 72, -1, -1),
(261, 'Murima', 59, -1, -1),
(262, 'Muriza', 20, -1, -1),
(263, 'Murore', 18, -1, -1),
(264, 'Muruta', 88, -1, -1),
(265, 'Murwi', 89, -1, -1),
(266, 'Musaga', 132, -1, -1),
(267, 'Musasa', 67, -1, -1),
(268, 'Musenyi', 78, -1, -1),
(269, 'Musenyi', 124, -1, -1),
(270, 'Mushikamo', 118, -1, -1),
(271, 'Musigati', 91, -1, -1),
(272, 'Musongati', 92, -1, -1),
(273, 'Mutaho', 93, -1, -1),
(274, 'Mutambu', 94, -1, -1),
(275, 'Mutoyi', 6, -1, -1),
(276, 'Muyama', 24, -1, -1),
(277, 'Muyange', 103, -1, -1),
(278, 'Muyange', 108, -1, -1),
(279, 'Muyebe', 61, -1, -1),
(280, 'Muyebe', 91, -1, -1),
(281, 'Muyinga', 96, -1, -1),
(282, 'Muyira', 58, -1, -1),
(283, 'Muzenga', 16, -1, -1),
(284, 'Muzenga', 24, -1, -1),
(285, 'Muzenga', 119, -1, -1),
(286, 'Muzinda', 112, -1, -1),
(287, 'Muzye', 39, -1, -1),
(288, 'Mwakiro', 97, -1, -1),
(289, 'Mwaro', 61, -1, -1),
(290, 'Mwumba', 81, -1, -1),
(291, 'Mwumba', 98, -1, -1),
(292, 'Ndago', 123, -1, -1),
(293, 'Ndava', 4, -1, -1),
(294, 'Ndava', 99, -1, -1),
(295, 'Ndemeka', 46, -1, -1),
(296, 'Ndora', 12, -1, -1),
(297, 'Ngagara', 131, -1, -1),
(298, 'Ngoma', 34, -1, -1),
(299, 'Ngoma', 89, -1, -1),
(300, 'Ngoma', 92, -1, -1),
(301, 'Ngoro', 37, -1, -1),
(302, 'Ngozi-Rural', 101, -1, -1),
(303, 'Ninga', 19, -1, -1),
(304, 'Nkonge', 88, -1, -1),
(305, 'Ntamba', 91, -1, -1),
(306, 'Ntega', 102, -1, -1),
(307, 'Ntunda', 48, -1, -1),
(308, 'Nyabibondo', 104, -1, -1),
(309, 'Nyabibuye', 19, -1, -1),
(310, 'Nyabibuye', 122, -1, -1),
(311, 'Nyabihanga', 103, -1, -1),
(312, 'Nyabihogo', 59, -1, -1),
(313, 'Nyabiraba', 44, -1, -1),
(314, 'Nyabiraba', 104, -1, -1),
(315, 'Nyabitanga', 44, -1, -1),
(316, 'Nyabitare', 46, -1, -1),
(317, 'Nyabitsinda', 105, -1, -1),
(318, 'Nyagasasa', 81, -1, -1),
(319, 'Nyagatovu', 35, -1, -1),
(320, 'Nyagatovu', 124, -1, -1),
(321, 'Nyagisozi', 18, -1, -1),
(322, 'Nyakabiga', 133, -1, -1),
(323, 'Nyakararo', 45, -1, -1),
(324, 'Nyakuguma', 47, -1, -1),
(325, 'Nyamakarabo', 82, -1, -1),
(326, 'Nyambuye', 52, -1, -1),
(327, 'Nyamugari', 30, -1, -1),
(328, 'Nyamugari', 73, -1, -1),
(329, 'Nyamurenza', 107, -1, -1),
(330, 'Nyange', 71, -1, -1),
(331, 'Nyanza-Lac', 108, -1, -1),
(332, 'Nyarucamo', 11, -1, -1),
(333, 'Nyaruhinda', 48, -1, -1),
(334, 'Nyarurambi', 122, -1, -1),
(335, 'Nyarusange', 109, -1, -1),
(336, 'Nzewe', 33, -1, -1),
(337, 'Rango', 110, -1, -1),
(338, 'Rohero', 133, -1, -1),
(339, 'Rorero', 1, -1, -1),
(340, 'Rubirizi', 95, -1, -1),
(341, 'Rubona', 82, -1, -1),
(342, 'Ruce', 112, -1, -1),
(343, 'Rugabano', 97, -1, -1),
(344, 'Rugajo', 82, -1, -1),
(345, 'Ruganza', 75, -1, -1),
(346, 'Rugari', 96, -1, -1),
(347, 'Rugazi', 7, -1, -1),
(348, 'Rugazi', 54, -1, -1),
(349, 'Rugazi', 112, -1, -1),
(350, 'Rugombo', 113, -1, -1),
(351, 'Rugongo', 20, -1, -1),
(352, 'Ruhororo', 70, -1, -1),
(353, 'Ruhororo', 114, -1, -1),
(354, 'Rukaramu', 95, -1, -1),
(355, 'Rukeco', 17, -1, -1),
(356, 'Rukina', 86, -1, -1),
(357, 'Rumonge', 115, -1, -1),
(358, 'Rusabagi', 14, -1, -1),
(359, 'Rusaka', 116, -1, -1),
(360, 'Rusamaza', 41, -1, -1),
(361, 'Rusenda', 12, -1, -1),
(362, 'Rusengo', 120, -1, -1),
(363, 'Rushubi', 52, -1, -1),
(364, 'Rushubije', 102, -1, -1),
(365, 'Rusi', 122, -1, -1),
(366, 'Rutana', 117, -1, -1),
(367, 'Rutegama', 118, -1, -1),
(368, 'Ruteme', 5, -1, -1),
(369, 'Rutonganikwa', 8, -1, -1),
(370, 'Rutongo', 85, -1, -1),
(371, 'Ruvumu', 123, -1, -1),
(372, 'Ruyaga', 58, -1, -1),
(373, 'Ruyigi', 120, -1, -1),
(374, 'Ruziba', 82, -1, -1),
(375, 'Ruzo', 50, -1, -1),
(376, 'Rwegura', 88, -1, -1),
(377, 'Rweza', 121, -1, -1),
(378, 'Rweza', 127, -1, -1),
(379, 'Rwisabi', 93, -1, -1),
(380, 'Ryarusera', 87, -1, -1),
(381, 'Shanga', 92, -1, -1),
(382, 'Shombo', 87, -1, -1),
(383, 'Shore', 51, -1, -1),
(384, 'Songa', 123, -1, -1),
(385, 'Tangara', 124, -1, -1),
(386, 'Tuza', 50, -1, -1),
(387, 'Twinkwavu', 30, -1, -1),
(388, 'Vugizo', 125, -1, -1),
(389, 'Vumbi', 126, -1, -1),
(390, 'Vyuya', 81, -1, -1),
(401, 'GATABO', 129, -1, -1),
(402, 'KIGANDA', 129, -1, -1),
(403, 'KANYAMI', 129, -1, -1),
(404, 'Bibara', 130, -1, -1),
(405, 'Gisimbawaga', 130, -1, -1),
(406, 'Burambira', 35, -1, -1),
(407, 'Gitsiro', 127, -1, -1),
(408, 'Maramvya', 128, -1, -1),
(409, 'Gatonde', 128, -1, -1),
(410, 'Rugwiza', 128, -1, -1),
(411, 'Ramba', 55, -1, -1),
(412, 'Murungurira', 102, -1, -1);

-- --------------------------------------------------------

--
-- Structure de la table `test_cart`
--

DROP TABLE IF EXISTS `test_cart`;
CREATE TABLE IF NOT EXISTS `test_cart` (
  `ID_CART` int(10) NOT NULL,
  `LANGUE` text NOT NULL,
  `PAYS` int(11) NOT NULL,
  `DESCRIPTION` int(11) NOT NULL,
  `DATE_INSERTION` datetime NOT NULL DEFAULT CURRENT_TIMESTAMP
) ENGINE=InnoDB DEFAULT CHARSET=latin1;

-- --------------------------------------------------------

--
-- Structure de la table `type_contage`
--

DROP TABLE IF EXISTS `type_contage`;
CREATE TABLE IF NOT EXISTS `type_contage` (
  `ID_CONTAGE` int(11) NOT NULL,
  `DESCRIPTION` varchar(255) NOT NULL
) ENGINE=InnoDB DEFAULT CHARSET=utf8mb4;

--
-- Déchargement des données de la table `type_contage`
--

INSERT INTO `type_contage` (`ID_CONTAGE`, `DESCRIPTION`) VALUES
(1, 'en espace'),
(2, 'pourcentage');

-- --------------------------------------------------------

--
-- Structure de la table `type_couleur`
--

DROP TABLE IF EXISTS `type_couleur`;
CREATE TABLE IF NOT EXISTS `type_couleur` (
  `ID_TYPE_COULEUR` int(10) NOT NULL,
  `COULEUR` varchar(250) NOT NULL,
  `COULEUR_TRADUCTION` text
) ENGINE=InnoDB DEFAULT CHARSET=latin1;

--
-- Déchargement des données de la table `type_couleur`
--

INSERT INTO `type_couleur` (`ID_TYPE_COULEUR`, `COULEUR`, `COULEUR_TRADUCTION`) VALUES
(3, 'Noir', '{\"FR\":\"Noir\",\"ENG\":\"Back\",\"KIR\":\"Ryirabura\",\"KISW\":\"Nyeusi\"}'),
(4, 'Bleu', '{\"FR\":\"Bleu\",\"ENG\":\"Blue\",\"KIR\":\"Ubururu\",\"KISW\":\" Bluu\"}'),
(6, 'Rouge', '{\"FR\":\"Rouge\",\"ENG\":\"Red\",\"KIR\":\"Ritukura\",\"KISW\":\" Nyekundu\"}'),
(7, 'Jaune', '{\"FR\":\"Jaune\",\"ENG\":\" Yellow\",\"KIR\":\"Umuhondo\",\"KISW\":\" Njano\"}'),
(8, 'Orange', '{\"FR\":\"Orange\",\"ENG\":\" Orange\",\"KIR\":\"Orange\",\"KISW\":\" Chungwa\"}'),
(9, 'Mauve', '{\"FR\":\"Mauve\",\"ENG\":\"Mauve\",\"KIR\":\"Mauve\",\"KISW\":\" Mauve\"}'),
(10, 'Rose', '{\"FR\":\"Rose\",\"ENG\":\" Pink\",\"KIR\":\"Rose\",\"KISW\":\"Pink\"}'),
(11, 'Blanc', '{\"FR\":\"Blanc\",\"ENG\":\"White\",\"KIR\":\"Iryera\",\"KISW\":\"Nyeupe\"}'),
(12, 'Vert', '{\"FR\":\"Vert\",\"ENG\":\" Green\",\"KIR\":\"Urwatsi rutoto\",\"KISW\":\" Kijani\"}'),
(13, 'Marron', '{\"FR\":\"Marron\",\"ENG\":\" Brown\",\"KIR\":\"Marron\",\"KISW\":\" Brown\"}'),
(14, 'Kaki', '{\"FR\":\"Kaki\",\"ENG\":\" Khaki\",\"KIR\":\"Kaki\",\"KISW\":\" Khaki\"}'),
(15, 'Violet', '{\"FR\":\"Violet\",\"ENG\":\"Purple\",\"KIR\":\"Violet\",\"KISW\":\" Zambarau\"}'),
(16, 'Bleu ciel', '{\"FR\":\"Bleu ciel\",\"ENG\":\" Sky blue\",\"KIR\":\"Ubururu Bwigicu\",\"KISW\":\"Bluu ya anga\"}'),
(17, 'Bronze', '{\"FR\":\"Bronze\",\"ENG\":\" Bronze\",\"KIR\":\"Umujumbu\",\"KISW\":\"Shaba\"}'),
(18, 'Rouge feu', '{\"FR\":\"Rouge feu\",\"ENG\":\" Red fire\",\"KIR\":\"Ritukura ryumucanwa\",\"KISW\":\" Moto nyekundu\"}'),
(19, 'Argent', '{\"FR\":\"Argent\",\"ENG\":\" Silver\",\"KIR\":\"Argent\",\"KISW\":\"Fedha\"}');

-- --------------------------------------------------------

--
-- Structure de la table `type_gravite`
--

DROP TABLE IF EXISTS `type_gravite`;
CREATE TABLE IF NOT EXISTS `type_gravite` (
  `ID_TYPE_GRAVITE` int(10) NOT NULL,
  `DESCRIPTION` varchar(250) NOT NULL,
  `GRAVITE_TRADUCTION` text
) ENGINE=InnoDB DEFAULT CHARSET=latin1;

--
-- Déchargement des données de la table `type_gravite`
--

INSERT INTO `type_gravite` (`ID_TYPE_GRAVITE`, `DESCRIPTION`, `GRAVITE_TRADUCTION`) VALUES
(2, 'Moyen', '{\"FR\":\"Moyen \",\"ENG\":\"Medium\",\"KIR\":\"hagati\",\"KISW\":\"kati\"}'),
(3, 'simple', NULL),
(4, 'Très grave', NULL);

-- --------------------------------------------------------

--
-- Structure de la table `type_roulage`
--

DROP TABLE IF EXISTS `type_roulage`;
CREATE TABLE IF NOT EXISTS `type_roulage` (
  `ID_STATUT` int(10) NOT NULL,
  `DECSCRIPTION` varchar(250) NOT NULL
) ENGINE=InnoDB DEFAULT CHARSET=latin1;

-- --------------------------------------------------------

--
-- Structure de la table `type_verification`
--

DROP TABLE IF EXISTS `type_verification`;
CREATE TABLE IF NOT EXISTS `type_verification` (
  `ID_TYPE_VERIFICATION` int(10) NOT NULL,
  `VERIFICATION` varchar(50) NOT NULL
) ENGINE=InnoDB DEFAULT CHARSET=utf8mb4;

--
-- Déchargement des données de la table `type_verification`
--

INSERT INTO `type_verification` (`ID_TYPE_VERIFICATION`, `VERIFICATION`) VALUES
(1, 'OBR'),
(2, 'ASSURANCE'),
(3, 'OTRACO'),
(4, 'POLICE JUDICIAIRE'),
(5, 'INTERPOL'),
(6, 'PSR'),
(7, 'PARKING');

-- --------------------------------------------------------

--
-- Structure de la table `utilisateurs`
--

DROP TABLE IF EXISTS `utilisateurs`;
CREATE TABLE IF NOT EXISTS `utilisateurs` (
  `ID_UTILISATEUR` int(11) NOT NULL,
  `NOM_UTILISATEUR` varchar(255) NOT NULL,
  `MOT_DE_PASSE` varchar(255) NOT NULL,
  `PROFIL_ID` int(11) NOT NULL COMMENT '1 ',
  `ID_INSTITUTION` int(10) DEFAULT NULL,
  `PSR_ELEMENT_ID` int(11) DEFAULT '0',
  `NOM_CITOYEN` varchar(255) NOT NULL,
  `PRENOM_CITOYEN` varchar(255) NOT NULL,
  `NUMERO_CITOYEN` varchar(255) NOT NULL,
  `SEXE` tinyint(1) DEFAULT NULL COMMENT '0 pour masculin et 1 pour feminin',
  `CNI` varchar(255) NOT NULL,
  `IS_ACTIF` int(10) NOT NULL DEFAULT '0' COMMENT '1 ou 0',
  `DATE_INSERTION` datetime NOT NULL DEFAULT CURRENT_TIMESTAMP,
  `LATITUDE` varchar(50) DEFAULT NULL,
  `LONGITUDE` varchar(50) DEFAULT NULL
) ENGINE=InnoDB DEFAULT CHARSET=utf8mb4;

--
-- Déchargement des données de la table `utilisateurs`
--

INSERT INTO `utilisateurs` (`ID_UTILISATEUR`, `NOM_UTILISATEUR`, `MOT_DE_PASSE`, `PROFIL_ID`, `ID_INSTITUTION`, `PSR_ELEMENT_ID`, `NOM_CITOYEN`, `PRENOM_CITOYEN`, `NUMERO_CITOYEN`, `SEXE`, `CNI`, `IS_ACTIF`, `DATE_INSERTION`, `LATITUDE`, `LONGITUDE`) VALUES
(1, 'admin@psr.bi', '25d55ad283aa400af464c76d713c07ad', 1, NULL, 1, '', '', '', NULL, '', 1, '2022-05-02 10:17:55', '-3.3845016', '29.3837834'),
(2, 'police@police.bi', '25d55ad283aa400af464c76d713c07ad', 1, NULL, 0, '', '', '', NULL, '', 0, '2022-05-02 10:17:55', '1', '1'),
(7, 'civil@civil.bi', '25d55ad283aa400af464c76d713c07ad', 2, NULL, 0, 'John', 'Doe', '12345678', NULL, '107/5555.555', 0, '2022-05-02 10:17:55', '1', '1'),
(10, 'darcy@mediabox.bi', '25d55ad283aa400af464c76d713c07ad', 7, NULL, 0, 'darcy', 'nduwimana', '123465679', NULL, 'ironi', 0, '2022-05-02 10:17:55', '1', '1'),
(11, 'bifgday@gmail.com', '25d55ad283aa400af464c76d713c07ad', 7, NULL, 2, 'Big', 'dady', '76589524', NULL, '404.85/965', 0, '2022-05-02 10:17:55', '1', '1'),
(14, '71717171', '25d55ad283aa400af464c76d713c07ad', 7, NULL, 3, 'joella', 'joella', '71717171', NULL, '567', 1, '2022-05-02 10:17:55', NULL, NULL),
(15, 'alphonse@gmail.com', '49710a1795939d7b6cd716c1bd33d752', 2, NULL, 0, '', '', '', NULL, '', 0, '2022-05-02 10:17:55', '1', '1'),
(16, '68345975', '25d55ad283aa400af464c76d713c07ad', 7, NULL, 0, 'Dukizwe', 'Darcy', '68345975', NULL, '1705/059.56/2017', 0, '2022-05-02 10:17:55', '1', '1'),
(17, '76545762', '25f9e794323b453885f5181f1b624d0b', 7, NULL, 0, 'chis', 'cheru', '76545762', NULL, '12345678', 0, '2022-05-02 10:17:55', '1', '1'),
(18, '61795170', 'c5997938fb308b744e09b7ba9e2adeef', 7, NULL, 0, 'kaze', 'Alphonse', '61795170', NULL, '0P689908', 0, '2022-05-02 10:17:55', '1', '1'),
(21, '61784520', 'c5997938fb308b744e09b7ba9e2adeef', 7, NULL, 0, 'jean', 'kaze', '61784520', NULL, '409118', 0, '2022-05-02 10:17:55', '1', '1'),
(22, '61395170', 'c5997938fb308b744e09b7ba9e2adeef', 7, NULL, 0, 'wabenga', 'alphonse', '61395170', 0, '528828r', 0, '2022-05-02 10:17:55', '1', '1'),
(23, '79588624', '25d55ad283aa400af464c76d713c07ad', 7, NULL, 0, 'test', 'test', '79588624', 0, 'CnIu', 0, '2022-05-02 10:17:55', '1', '1'),
(25, 'king@gmail.com', '25d55ad283aa400af464c76d713c07ad', 2, NULL, 0, '', '', '', NULL, '', 1, '2022-05-02 10:17:55', NULL, NULL),
(26, 'richard@police.bi', '9d25ea32daeff976ef3685487e00e08f', 6, NULL, 7, '', '', '', NULL, '', 0, '2022-06-07 10:36:21', NULL, NULL),
(28, 'police@police.bi', '25d55ad283aa400af464c76d713c07ad', 1, NULL, 0, '', '', '', NULL, '', 0, '2022-05-02 10:17:55', '1', '1'),
(30, 'nduwialba@police.bi', 'd41d8cd98f00b204e9800998ecf8427e', 1, NULL, 0, '', '', '', NULL, '45/6897.25', 0, '2022-05-02 10:17:55', '1', '1'),
(31, 'barekensabealexiss@gmail.com', '25d55ad283aa400af464c76d713c07ad', 6, NULL, 0, '', '', '', NULL, '', 1, '2022-05-02 10:17:55', '-3.38988', '29.56688'),
(34, '68738051', '25f9e794323b453885f5181f1b624d0b', 7, NULL, 0, 'jules', 'kaze', '68738051', 0, '5740494', 0, '2022-05-02 10:17:55', '1', '1'),
(35, '61395171', 'c5997938fb308b744e09b7ba9e2adeef', 7, NULL, 0, 'guslain', 'alphonse', '61395171', 0, '57584', 0, '2022-05-02 10:17:55', '1', '1'),
(36, 'jkdsn', 'd41d8cd98f00b204e9800998ecf8427e', 1, NULL, 0, '', '', '', NULL, '789456', 0, '2022-05-02 10:17:55', '1', '1'),
(37, 'hjhjkjk', '46237f1297ef5b2ea6e74c4e72c3a688', 2, NULL, 0, '', '', '', NULL, '', 0, '2022-05-02 10:17:55', '1', '1'),
(39, 'wabengaalphonse@gmail.com', '25d55ad283aa400af464c76d713c07ad', 6, NULL, 1, '', '', '', NULL, '', 0, '2022-05-02 10:17:55', '-3.258885', '29.235845'),
(41, 'alphonse', 'd41d8cd98f00b204e9800998ecf8427e', 1, NULL, 0, '', '', '', NULL, 'jean', 0, '2022-05-02 10:17:55', '1', '1'),
(42, '61933944', '877c2ef4eaee87b7ae0cbd7ea5f69c52', 7, NULL, 0, 'Ingabire', 'Medissa', '61933944', 1, '531', 0, '2022-05-02 13:18:36', '-3.390574', '29.3795728'),
(43, 'medissaingabire@gmail.com', 'd41d8cd98f00b204e9800998ecf8427e', 6, NULL, 3, '', '', '', NULL, '123456789', 1, '2022-05-02 13:41:22', '-3.35588', '29.3566989'),
(44, 'mkkjj', '132d6c1408f2492456848667346b54b6', 2, NULL, 0, '', '', '', NULL, '85855', 0, '2022-05-05 08:16:21', '1', '1'),
(45, 'gigigen03@gmail.com', '95f1a3a2e0f8d19c9538236393ef5790', 6, NULL, 4, '', '', '', NULL, '', 0, '2022-05-06 15:29:31', '-3.68555', '28.25688'),
(46, 'NTAHIMPERA', 'd41d8cd98f00b204e9800998ecf8427e', 7, NULL, 0, '', '', '', NULL, '1196/205/95', 0, '2022-05-09 11:49:13', '1', '1'),
(48, 'ntahimperamartin@yahoo.fr', '69eb9513ab992041b10af19de2a6014d', 7, NULL, 0, 'NTAHIMPERA', 'MARTIN LUTHER KING', '71582925', NULL, '7894561230', 0, '2022-05-09 12:19:00', '1', '1'),
(49, 'mbagapro@gmail.com', 'c1a6d4ab94f5ebb29f83291ff248796e', 6, NULL, 5, '', '', '', NULL, '', 0, '2022-05-09 14:32:38', '-3.3905706', '29.3795439'),
(50, '79002161', '9f21affe222b2adbb81414c473d80b50', 7, NULL, 0, 'NTAHIMPERA', 'MARTIN LUTHER KING', '79002161', 0, '211/1199', 0, '2022-05-09 15:27:01', '-3.3858666', '29.3802809'),
(51, '61805170', '37c7c9c91f1629617909f41da0308f90', 7, NULL, 0, 'Jean', 'Jules ', '61805170', 0, '4689003', 0, '2022-05-11 14:49:25', '-3.3846956', '29.3835739'),
(52, '71227171', '25d55ad283aa400af464c76d713c07ad', 7, NULL, 0, 'Asosenga', 'Vanny', '71227171', 0, 'Cni', 0, '2022-05-11 15:02:49', '-3.3905501', '29.37956'),
(53, '11223344', 'f19d7ace34ad5a1aaf7bb18e4692d7ed', 7, NULL, 0, 'Justin', 'Wabenga', '11223344', 0, '1234567', 0, '2022-05-12 15:29:20', '1', '1'),
(54, '61395172', 'c5997938fb308b744e09b7ba9e2adeef', 7, NULL, 0, 'Jules', 'Example', '61395172', 0, '5556666', 0, '2022-05-12 15:42:06', '1', '1'),
(55, '71395170', 'c5997938fb308b744e09b7ba9e2adeef', 7, NULL, 0, 'Jules', 'Example', '71395170', 0, '5556666', 0, '2022-05-12 15:47:35', '1', '1'),
(56, '79588625', '25d55ad283aa400af464c76d713c07ad', 7, NULL, 0, 'Test', 'Test', '79588625', 0, 'OPUoo', 0, '2022-05-12 16:38:53', '-3.3523638', '29.3632539'),
(57, '79878227', '25d55ad283aa400af464c76d713c07ad', 7, NULL, 0, 'Dukizwe', 'Darcy', '79878227', 0, 'Yeu', 1, '2022-05-12 16:39:02', '-3.3905634', '29.3795681'),
(58, '71222222', '25d55ad283aa400af464c76d713c07ad', 7, NULL, 0, 'Yves', 'Yves', '71222222', 0, 'Hhh', 0, '2022-05-13 15:49:03', '-3.3858211', '29.3803812'),
(59, 'signadmin@psr.bi', '25d55ad283aa400af464c76d713c07ad', 10, NULL, 0, '', '', '', NULL, '125/545.15', 0, '2022-05-17 15:50:34', '1', '1'),
(60, 'validator@psr.bi', '25d55ad283aa400af464c76d713c07ad', 11, NULL, 0, '', '', '', NULL, '79617/5586.89', 0, '2022-05-17 16:16:51', '1', '1'),
(61, 'signAdmin@psr.bi', '25d55ad283aa400af464c76d713c07ad', 10, NULL, 0, '', '', '', NULL, '45425225', 0, '2022-05-19 14:44:25', '1', '1'),
(62, '79003161', '04071b0344fabee53a68866567c8b6c1', 7, NULL, 0, 'ntahimpera', 'Kingstone', '79003161', 0, '1118', 0, '2022-05-30 08:05:59', '-3.3860987', '29.3803812'),
(63, '68933944', '8d1b91618a6f9f0d99f2b123ab266556', 7, NULL, 0, 'I', 'Medissa', '68933944', 1, '531.17', 0, '2022-05-30 09:08:18', '-3.3845918', '29.3838809'),
(65, '79717116', '25d55ad283aa400af464c76d713c07ad', 7, NULL, 0, 'Azosenga', 'Joella', '79717116', 1, 'Cni', 0, '2022-05-31 07:25:35', '-3.3860952', '29.3804407'),
(66, '71546564', '25f9e794323b453885f5181f1b624d0b', 7, NULL, 0, 'Nd', 'Donatien', '71546564', 0, '531', 0, '2022-05-31 10:00:00', '-3.3905594', '29.3795629'),
(67, 'azosengaevanny@gmail.com', '75ca5c01c140958e8a507cce075e4a60', 6, NULL, 6, '', '', '', NULL, '', 0, '2022-06-07 10:32:05', NULL, NULL),
(69, 'azosengaevanny@gmail.com', '75ca5c01c140958e8a507cce075e4a60', 6, NULL, 8, '', '', '', NULL, '', 0, '2022-06-07 10:41:27', NULL, NULL),
(70, 'azosengaevanny@gmail.com', '75ca5c01c140958e8a507cce075e4a60', 6, NULL, 9, '', '', '', NULL, '', 0, '2022-06-07 11:07:42', NULL, NULL),
(71, 'alainfleuryn@gmail.com', '84dcc715cfac7c557a81f4e3d0742e64', 12, NULL, 10, '', '', '', NULL, '', 0, '2022-06-07 11:09:47', '-3.3905757', '29.3795768'),
(72, 'vanny@mediabox.bi', '40a959fbdbc044915dea6eb4fa9f851c', 6, NULL, 11, '', '', '', NULL, '', 0, '2022-06-07 11:15:19', NULL, NULL),
(73, 'alphonse@mediabox.bi', '25d55ad283aa400af464c76d713c07ad', 6, NULL, 12, '', '', '', NULL, '', 0, '2022-06-07 11:20:12', '-3.3817042', '29.3677715'),
(74, 'medissa@mediabox.bi', 'd8e2756b1eb2b8cb34d80729f5cf7aee', 1, NULL, 13, '', '', '', NULL, '', 0, '2022-06-09 06:58:11', '-3.3858706', '29.3801984'),
(75, 'police@psr.bi', '25d55ad283aa400af464c76d713c07ad', 1, NULL, 14, '', '', '', NULL, '', 0, '2022-06-09 07:31:00', '-3.3858706', '29.3801984'),
(76, '71805514', '25d55ad283aa400af464c76d713c07ad', 7, NULL, 0, 'Lkf', 'Slg', '71805514', 0, 'Hr345', 0, '2022-06-10 16:59:33', '-3.3772506', '29.3731246'),
(77, '12345678', '25d55ad283aa400af464c76d713c07ad', 7, NULL, 0, 'Nd', 'Ndn', '12345678', 0, 'Nxn', 0, '2022-06-14 15:24:05', '-3.3845872', '29.3838158'),
(78, '71500003', '2ad2ab24a503fe5d1b36496e6119d55b', 7, NULL, 0, 'Ndayishimiye ', 'Donatien', '71500003', 0, 'DP00200374', 1, '2022-06-16 18:02:12', '-3.3845049', '29.3837908'),
(80, 'donatien@mediabox.bi', '2d967d5aae96cd6f43b3d47c50e0b16d', 6, NULL, 16, '', '', '', NULL, '', 1, '2022-06-16 18:12:49', NULL, NULL),
(81, '68235435', '25d55ad283aa400af464c76d713c07ad', 7, NULL, 0, 'Jean ', 'Alphons3', '68235435', 0, 'Gx789', 0, '2022-06-23 09:42:08', '-3.3845073', '29.3838016'),
(82, 'ghislain@mediabox.bi', '25d55ad283aa400af464c76d713c07ad', 12, NULL, 19, '', '', '', NULL, '', 0, '2022-06-23 10:02:56', '-3.3846022', '29.3836469'),
(84, 'otraco@police.bi', '25d55ad283aa400af464c76d713c07ad', 5, NULL, 0, '', '', '', NULL, '7485/986', 1, '2022-06-23 11:55:38', NULL, NULL),
(85, 'judiciare@police.bi', '25d55ad283aa400af464c76d713c07ad', 4, NULL, 0, '', '', '', NULL, '18/528.36', 1, '2022-06-23 11:58:27', NULL, NULL),
(86, 'obr@police.bi', '25d55ad283aa400af464c76d713c07ad', 3, NULL, 0, '', '', '', NULL, '.', 0, '2022-06-23 12:07:12', NULL, NULL),
(87, 'fleury@mediabox.bi', '75ca5c01c140958e8a507cce075e4a60', 6, NULL, 21, '', '', '', NULL, '', 0, '2022-06-23 13:47:11', '-3.3845077', '29.3838014'),
(88, 'nandre@psr.bi', '75ca5c01c140958e8a507cce075e4a60', 6, NULL, 22, '', '', '', NULL, '', 0, '2022-06-23 15:52:41', NULL, NULL),
(89, 'kingstone@mediabox.bi', '25d55ad283aa400af464c76d713c07ad', 6, NULL, 23, '', '', '', NULL, '', 1, '2022-06-27 05:58:08', NULL, NULL),
(90, 'parking@psr.bi', '25d55ad283aa400af464c76d713c07ad', 12, NULL, 24, '', '', '', NULL, '', 0, '2022-06-27 08:11:50', '-3.3824174', '29.3825583'),
(91, 'kingobr@mediabox.bi', 'd41d8cd98f00b204e9800998ecf8427e', 3, NULL, 0, '', '', '', NULL, '789/12345', 0, '2022-06-27 08:20:08', NULL, NULL),
(92, 'policejudiciaire@yahoo.fr', 'd41d8cd98f00b204e9800998ecf8427e', 4, NULL, 0, '', '', '', NULL, '7855522222', 0, '2022-06-27 08:49:57', NULL, NULL),
(93, '68732113', '25d55ad283aa400af464c76d713c07ad', 7, NULL, 0, 'Jules', 'Alphonse', '68732113', 0, '6789689', 0, '2022-06-28 05:50:37', '-3.357987', '29.3848841'),
(94, 'lusambyaalphonse@gmail.com', '2fb71ec45218d6e0b54613bf9acdcac8', 6, NULL, 25, '', '', '', NULL, '', 1, '2022-06-28 07:05:30', '-3.3905758', '29.3795811'),
(95, 'martin@mediabox.bi', 'bb4496442a63a4f5ecf09c5d93ca959a', 6, NULL, 27, '', '', '', NULL, '', 1, '2022-06-28 08:30:49', '-3.3821157', '29.383284'),
(96, '69687243', '54c7b4215709853ad053dced46c00cc3', 7, NULL, 0, 'Manirakiza ', 'Cyriaque ', '69687243', 0, '1001/35.72', 0, '2022-06-28 09:28:40', '-3.3905523', '29.3795577'),
(97, 'richard@police.bi', '9d25ea32daeff976ef3685487e00e08f', 10, NULL, 26, '', '', '', NULL, '', 0, '2022-06-28 15:39:25', NULL, NULL),
(98, '11111111', '25d55ad283aa400af464c76d713c07ad', 7, NULL, 0, 'Vanny', 'Vanny', '11111111', 0, 'Cni', 0, '2022-07-05 11:37:46', NULL, NULL),
(0, 'vanny@mediabox.bi', '12345678', 2, 1, 0, '', '', '', NULL, '531', 0, '2022-07-22 10:46:39', NULL, NULL);

-- --------------------------------------------------------

--
-- Structure de la table `utilisateurs111`
--

DROP TABLE IF EXISTS `utilisateurs111`;
CREATE TABLE IF NOT EXISTS `utilisateurs111` (
  `ID_UTILISATEUR` int(11) NOT NULL,
  `NOM_UTILISATEUR` varchar(255) NOT NULL,
  `MOT_DE_PASSE` varchar(255) NOT NULL,
  `PROFIL_ID` int(11) NOT NULL COMMENT '1 ',
  `ID_INSTITUTION` int(10) DEFAULT NULL,
  `PSR_ELEMENT_ID` int(11) DEFAULT '0',
  `NOM_CITOYEN` varchar(255) NOT NULL,
  `PRENOM_CITOYEN` varchar(255) NOT NULL,
  `NUMERO_CITOYEN` varchar(255) NOT NULL,
  `SEXE` tinyint(1) DEFAULT NULL COMMENT '0 pour masculin et 1 pour feminin',
  `CNI` varchar(255) NOT NULL,
  `IS_ACTIF` int(10) NOT NULL DEFAULT '0' COMMENT '1 ou 0',
  `DATE_INSERTION` datetime NOT NULL DEFAULT CURRENT_TIMESTAMP,
  `LATITUDE` varchar(50) NOT NULL DEFAULT '1',
  `LONGITUDE` varchar(50) NOT NULL DEFAULT '1'
) ENGINE=InnoDB DEFAULT CHARSET=utf8mb4;

--
-- Déchargement des données de la table `utilisateurs111`
--

INSERT INTO `utilisateurs111` (`ID_UTILISATEUR`, `NOM_UTILISATEUR`, `MOT_DE_PASSE`, `PROFIL_ID`, `ID_INSTITUTION`, `PSR_ELEMENT_ID`, `NOM_CITOYEN`, `PRENOM_CITOYEN`, `NUMERO_CITOYEN`, `SEXE`, `CNI`, `IS_ACTIF`, `DATE_INSERTION`, `LATITUDE`, `LONGITUDE`) VALUES
(1, 'admin@psr.bi', '25d55ad283aa400af464c76d713c07ad', 6, NULL, 1, '', '', '', NULL, '', 1, '2022-05-02 10:17:55', '-3.3843607', '29.3825583'),
(2, 'police@police.bi', '25d55ad283aa400af464c76d713c07ad', 1, NULL, 0, '', '', '', NULL, '', 0, '2022-05-02 10:17:55', '1', '1'),
(3, 'lorem@ipsum.com', 'd41d8cd98f00b204e9800998ecf8427e', 8, NULL, 0, '', '', '', NULL, '88999', 0, '2022-05-02 10:17:55', '1', '1'),
(7, 'civil@civil.bi', '25d55ad283aa400af464c76d713c07ad', 2, NULL, 0, 'John', 'Doe', '12345678', NULL, '107/5555.555', 0, '2022-05-02 10:17:55', '1', '1'),
(8, 'civl@hh.bi', '25d55ad283aa400af464c76d713c07ad', 4, NULL, 0, 'John', 'Doe', '797885555', NULL, '107/5555.555', 0, '2022-05-02 10:17:55', '1', '1'),
(10, 'darcy@mediabox.bi', '25d55ad283aa400af464c76d713c07ad', 7, NULL, 0, 'darcy', 'nduwimana', '123465679', NULL, 'ironi', 0, '2022-05-02 10:17:55', '1', '1'),
(11, 'bifgday@gmail.com', '25d55ad283aa400af464c76d713c07ad', 7, NULL, 2, 'Big', 'dady', '76589524', NULL, '404.85/965', 0, '2022-05-02 10:17:55', '1', '1'),
(14, '71717171', '25d55ad283aa400af464c76d713c07ad', 7, NULL, 3, 'joella', 'joella', '71717171', NULL, '567', 0, '2022-05-02 10:17:55', '1', '1'),
(15, 'alphonse@gmail.com', '49710a1795939d7b6cd716c1bd33d752', 2, NULL, 0, '', '', '', NULL, '', 0, '2022-05-02 10:17:55', '1', '1'),
(16, '68345975', '25d55ad283aa400af464c76d713c07ad', 7, NULL, 0, 'Dukizwe', 'Darcy', '68345975', NULL, '1705/059.56/2017', 0, '2022-05-02 10:17:55', '1', '1'),
(17, '76545762', '25f9e794323b453885f5181f1b624d0b', 7, NULL, 0, 'chis', 'cheru', '76545762', NULL, '12345678', 0, '2022-05-02 10:17:55', '1', '1'),
(18, '61795170', 'c5997938fb308b744e09b7ba9e2adeef', 7, NULL, 0, 'kaze', 'Alphonse', '61795170', NULL, '0P689908', 0, '2022-05-02 10:17:55', '1', '1'),
(21, '61784520', 'c5997938fb308b744e09b7ba9e2adeef', 7, NULL, 0, 'jean', 'kaze', '61784520', NULL, '409118', 0, '2022-05-02 10:17:55', '1', '1'),
(22, '61395170', 'c5997938fb308b744e09b7ba9e2adeef', 7, NULL, 0, 'wabenga', 'alphonse', '61395170', 0, '528828r', 0, '2022-05-02 10:17:55', '1', '1'),
(23, '79588624', '25d55ad283aa400af464c76d713c07ad', 7, NULL, 0, 'test', 'test', '79588624', 0, 'CnIu', 0, '2022-05-02 10:17:55', '1', '1'),
(24, '71500003', '25d55ad283aa400af464c76d713c07ad', 7, NULL, 0, 'Ndayishimiye ', 'donatien', '71500003', 0, 'dp00374', 0, '2022-05-02 10:17:55', '1', '1'),
(25, 'king@gmail.com', '25d55ad283aa400af464c76d713c07ad', 2, NULL, 0, '', '', '', NULL, '', 0, '2022-05-02 10:17:55', '1', '1'),
(27, 'habjeanme@police', '25d55ad283aa400af464c76d713c07ad', 5, NULL, 0, '', '', '', NULL, '', 0, '2022-05-02 10:17:55', '1', '1'),
(28, 'police@police.bi', '25d55ad283aa400af464c76d713c07ad', 1, NULL, 0, '', '', '', NULL, '', 0, '2022-05-02 10:17:55', '1', '1'),
(30, 'nduwialba@police.bi', 'd41d8cd98f00b204e9800998ecf8427e', 1, NULL, 0, '', '', '', NULL, '45/6897.25', 0, '2022-05-02 10:17:55', '1', '1'),
(31, 'barekensabealexiss@gmail.com', '25d55ad283aa400af464c76d713c07ad', 6, NULL, 0, '', '', '', NULL, '', 1, '2022-05-02 10:17:55', '-3.38988', '29.56688'),
(34, '68738051', '25f9e794323b453885f5181f1b624d0b', 7, NULL, 0, 'jules', 'kaze', '68738051', 0, '5740494', 0, '2022-05-02 10:17:55', '1', '1'),
(35, '61395171', 'c5997938fb308b744e09b7ba9e2adeef', 7, NULL, 0, 'guslain', 'alphonse', '61395171', 0, '57584', 0, '2022-05-02 10:17:55', '1', '1'),
(36, 'jkdsn', 'd41d8cd98f00b204e9800998ecf8427e', 1, NULL, 0, '', '', '', NULL, '789456', 0, '2022-05-02 10:17:55', '1', '1'),
(37, 'hjhjkjk', '46237f1297ef5b2ea6e74c4e72c3a688', 2, NULL, 0, '', '', '', NULL, '', 0, '2022-05-02 10:17:55', '1', '1'),
(39, 'wabengaalphonse@gmail.com', '25d55ad283aa400af464c76d713c07ad', 6, NULL, 1, '', '', '', NULL, '', 0, '2022-05-02 10:17:55', '-3.258885', '29.235845'),
(41, 'alphonse', 'd41d8cd98f00b204e9800998ecf8427e', 1, NULL, 0, '', '', '', NULL, 'jean', 0, '2022-05-02 10:17:55', '1', '1'),
(42, '61933944', '877c2ef4eaee87b7ae0cbd7ea5f69c52', 7, NULL, 0, 'Ingabire', 'Medissa', '61933944', 1, '531', 0, '2022-05-02 13:18:36', '1', '1'),
(43, 'medissaingabire@gmail.com', 'd41d8cd98f00b204e9800998ecf8427e', 6, NULL, 3, '', '', '', NULL, '123456789', 1, '2022-05-02 13:41:22', '-3.35588', '29.3566989'),
(44, 'mkkjj', '132d6c1408f2492456848667346b54b6', 2, NULL, 0, '', '', '', NULL, '85855', 0, '2022-05-05 08:16:21', '1', '1'),
(45, 'gigigen03@gmail.com', '95f1a3a2e0f8d19c9538236393ef5790', 6, NULL, 4, '', '', '', NULL, '', 0, '2022-05-06 15:29:31', '-3.68555', '28.25688'),
(46, 'NTAHIMPERA', 'd41d8cd98f00b204e9800998ecf8427e', 7, NULL, 0, '', '', '', NULL, '1196/205/95', 0, '2022-05-09 11:49:13', '1', '1'),
(47, 'NTAHIMPERA', '123b28961dd0f97d91bcb55d7a3b7c1c', 4, NULL, 0, '', '', '', NULL, '8555588555', 0, '2022-05-09 11:50:51', '1', '1'),
(48, 'ntahimperamartin@yahoo.fr', '69eb9513ab992041b10af19de2a6014d', 7, NULL, 0, 'NTAHIMPERA', 'MARTIN LUTHER KING', '71582925', NULL, '7894561230', 0, '2022-05-09 12:19:00', '1', '1'),
(49, 'mbagapro@gmail.com', 'c1a6d4ab94f5ebb29f83291ff248796e', 6, NULL, 5, '', '', '', NULL, '', 0, '2022-05-09 14:32:38', '-3.3905706', '29.3795439'),
(50, '79002161', '9f21affe222b2adbb81414c473d80b50', 7, NULL, 0, 'NTAHIMPERA', 'MARTIN LUTHER KING', '79002161', 0, '211/1199', 0, '2022-05-09 15:27:01', '-3.3858666', '29.3802809'),
(51, '61805170', '37c7c9c91f1629617909f41da0308f90', 7, NULL, 0, 'Jean', 'Jules ', '61805170', 0, '4689003', 0, '2022-05-11 14:49:25', '-3.3846956', '29.3835739'),
(52, '71227171', '25d55ad283aa400af464c76d713c07ad', 7, NULL, 0, 'Asosenga', 'Vanny', '71227171', 0, 'Cni', 0, '2022-05-11 15:02:49', '-3.3843607', '29.3825583'),
(53, '11223344', 'f19d7ace34ad5a1aaf7bb18e4692d7ed', 7, NULL, 0, 'Justin', 'Wabenga', '11223344', 0, '1234567', 0, '2022-05-12 15:29:20', '1', '1'),
(54, '61395172', 'c5997938fb308b744e09b7ba9e2adeef', 7, NULL, 0, 'Jules', 'Example', '61395172', 0, '5556666', 0, '2022-05-12 15:42:06', '1', '1'),
(55, '71395170', 'c5997938fb308b744e09b7ba9e2adeef', 7, NULL, 0, 'Jules', 'Example', '71395170', 0, '5556666', 0, '2022-05-12 15:47:35', '1', '1'),
(56, '79588625', '25d55ad283aa400af464c76d713c07ad', 7, NULL, 0, 'Test', 'Test', '79588625', 0, 'OPUoo', 0, '2022-05-12 16:38:53', '-3.3523638', '29.3632539'),
(57, '79878227', '25d55ad283aa400af464c76d713c07ad', 7, NULL, 0, 'Dukizwe', 'Darcy', '79878227', 0, 'Yeu', 0, '2022-05-12 16:39:02', '-3.3905528', '29.3795924'),
(58, '71222222', '25d55ad283aa400af464c76d713c07ad', 7, NULL, 0, 'Yves', 'Yves', '71222222', 0, 'Hhh', 0, '2022-05-13 15:49:03', '-3.3858211', '29.3803812'),
(59, '71000000', '25d55ad283aa400af464c76d713c07ad', 7, NULL, 0, 'Bizimana', 'Kiki', '71000000', 0, 'Cvvv', 0, '2022-05-17 14:50:42', '-3.3843607', '29.3825583');

-- --------------------------------------------------------

--
-- Structure de la table `voyage_trajet`
--

DROP TABLE IF EXISTS `voyage_trajet`;
CREATE TABLE IF NOT EXISTS `voyage_trajet` (
  `ID_TRAJET` int(10) NOT NULL,
  `PROVINCE_DEPART_ID` int(11) DEFAULT NULL,
  `PROVINCE_DESTINATION_ID` int(11) DEFAULT NULL,
  `DESCRIPTION` int(11) NOT NULL,
  `LONGITUDE` varchar(255) DEFAULT '1',
  `LATITUDE` varchar(250) DEFAULT '1',
  `DISTANCE` varchar(250) DEFAULT NULL,
  `TEMPS` varchar(250) DEFAULT NULL
) ENGINE=InnoDB DEFAULT CHARSET=latin1;

-- --------------------------------------------------------

--
-- Structure de la table `voyage_vehicule`
--

DROP TABLE IF EXISTS `voyage_vehicule`;
CREATE TABLE IF NOT EXISTS `voyage_vehicule` (
  `ID_VOYAGE_VEHICULE` int(10) NOT NULL,
  `ID_TRAJET` int(11) DEFAULT NULL,
  `ID_IMMATRICULATION` int(11) DEFAULT NULL,
  `USER_ID` int(11) DEFAULT NULL,
  `IS_ARRIVE` int(1) DEFAULT '0',
  `DATE_INSERT` datetime NOT NULL DEFAULT CURRENT_TIMESTAMP
) ENGINE=InnoDB DEFAULT CHARSET=latin1;

--
-- Déchargement des données de la table `voyage_vehicule`
--

INSERT INTO `voyage_vehicule` (`ID_VOYAGE_VEHICULE`, `ID_TRAJET`, `ID_IMMATRICULATION`, `USER_ID`, `IS_ARRIVE`, `DATE_INSERT`) VALUES
(2, NULL, 4, 2, 1, '2022-05-13 11:41:48'),
(3, NULL, 2, 8, 2, '2022-05-13 11:41:48'),
(4, NULL, 3, 48, 2, '2022-05-13 11:41:48');

-- --------------------------------------------------------

--
-- Structure de la table `voyage_vehicule_historique`
--

DROP TABLE IF EXISTS `voyage_vehicule_historique`;
CREATE TABLE IF NOT EXISTS `voyage_vehicule_historique` (
  `DETAIL_ID` int(11) NOT NULL,
  `ID_VOYAGE_VEHICULE` int(11) NOT NULL,
  `ID_POSTE` int(11) NOT NULL,
  `USER_ID` int(11) NOT NULL,
  `STATUT_ID` int(11) NOT NULL,
  `DATE_SCANNE` datetime NOT NULL DEFAULT CURRENT_TIMESTAMP,
  `LATITUDE` varchar(50) NOT NULL DEFAULT '-1',
  `LONGITUDE` varchar(50) NOT NULL DEFAULT '-1'
) ENGINE=InnoDB DEFAULT CHARSET=utf8mb4;
COMMIT;

/*!40101 SET CHARACTER_SET_CLIENT=@OLD_CHARACTER_SET_CLIENT */;
/*!40101 SET CHARACTER_SET_RESULTS=@OLD_CHARACTER_SET_RESULTS */;
/*!40101 SET COLLATION_CONNECTION=@OLD_COLLATION_CONNECTION */;
